title,date,scrape_time,section,source,url,news_content
​財政司司長訪問南京（附圖）,2026-06-19 20:20,2026-06-19 20:30,Chi,gia,https://www.info.gov.hk/gia/general/202606/19/P2026061900671.htm,"財政司司長陳茂波今日（六月十九日）繼續在南京的訪問行程。

他分別拜會了江蘇省省長劉小濤和南京市委書記周紅波，共商進一步深化蘇港、寧港合作。陳茂波表示，蘇港兩地一直保持緊密而多層次的合作關係，經貿往來頻繁，在金融、創科、教育和青少年互訪交流等領域均取得豐碩成果。

他指出，江蘇在科技創新和先進製造方面實力雄厚，產業基礎扎實，創科生態蓬勃，多個領域在全球居領先地位；香港則具備國際金融中心優勢和友善並高度國際化的營商環境，是內地企業「走出去」的重要平台。特區政府已成立「出海專班」，高層統籌政策、資金、對外推廣機構和專業服務資源，集結力量、主動更好對接和服務出海內地企業的需要。他表示，在現時良好的合作基礎上，可探索更多合作模式，開展更多合作項目，包括組織香港金融、創科、物流和專業服務界代表團訪問江蘇，進一步深化兩地交流合作。

上午，陳茂波出席了由華泰證券舉辦的科企座談會，與十多位來自江蘇及其他省份的創科企業家深入交流。與會企業涵蓋人工智能、生物科技、半導體、具身智能、低空經濟、先進製造等前沿領域，均是行業領軍者，不少在全球市場和相關產供鏈中佔有重要地位。陳茂波聽取了他們對相關行業趨勢的介紹，以及各自在相關領域的發展計劃，並向他們介紹了香港整體經濟最新情況，以及「十五五」規劃期間重點聚焦的方向，尤其是四中心一高地，以及教育、科技、人才及產業一體化發展的策略，歡迎他們善用香港國際化平台作為出海首站和支撐，拓展全球業務，特區政府已成立專班組織跨界別力量伴隨他們出海。

陳茂波在座談會上指出，國家加快推動高水平科技自立自強，在不少創科領域已領先全球。內地龍頭企業在加快創新步伐、拓展國際市場之際，有需要聯通國際資本市場，一方面把握國際投資者當前看好中國科技發展的積極態勢，另一方面讓企業治理進一步對接國際標準和最佳做法，獲得更多投資者認可，提升國際能見度。他又鼓勵企業積極考慮來港上市、建立國際業務總部和跨境財資中心，充分利用香港優質的金融和專業服務，以及相關的稅務優惠政策，壯大自身發展，並更好布局產供鏈，應對地緣政治挑戰。

陳茂波今日也參訪了南京兩家具代表性的創新科技企業，深入了解當地在高端製造與生命健康科技領域的前沿發展。其中一家企業深耕智能裝備及工業機器人，產品廣泛應用於先進製造場景；另一家專注生物科技研發，在基因及細胞工程等領域處於國際前沿。兩家企業均已在香港交易所上市，借助香港資本市場加速科研轉化與全球布局。陳茂波鼓勵它們繼續通過香港把業務做大做強。

陳茂波今日晚上完成了南京的訪問，明日（六月二十日）早上將會返抵香港。"
CCIDA sponsors industry to participate in 22nd China International Cartoon and Animation Festival (with photos),2026-06-19 17:00,2026-06-19 17:30,Eng,gia,https://www.info.gov.hk/gia/general/202606/19/P2026061800807.htm,"  Sponsored by the Cultural and Creative Industries Development Agency (CCIDA) under the Culture, Sports and Tourism Bureau, the Hong Kong Digital Entertainment Association organised the industry to participate in the 22nd China International Cartoon and Animation Festival (CICAF) held in Hangzhou from June 15 to 19. To promote Hong Kong's cultural and creative industries, the Hong Kong Pavilion themed ""Designer Toy, Game, Animation and Comics"" was set up to showcase art toys, games, animations, comics, virtual idols, and merchandise and spin-offs derived from cultural intellectual properties (IPs). The Hong Kong Pavilion was well received during the five-day festival period, demonstrating the keen interest in Hong Kong's dynamic and vibrant digital entertainment industry.

  CCIDA sponsored the Hong Kong Pavilion at the CICAF for the third consecutive year. A total of 16 Hong Kong enterprises were invited to participate this year, showcasing nearly 20 IPs of a diverse range and their creative products. The pavilion presented not only art toys, games, animations, and comics that blend authentic Hong Kong characteristics with trendy elements, but also interactive creative products integrating augmented reality and virtual reality technologies. The exhibits demonstrated integration of technology and culture while offering visitors an immersive experience at the exhibition. The participation at the CICAF not only highlighted Hong Kong's unique strengths in the digital entertainment sector, but also promoted the local industry's outstanding creativity and capabilities to the Chinese Mainland market, deepened exchanges and co-operation in the cartoon and animation industry in the two places, and helped the industry expand its commercial and trade networks.

  Hosted by the National Radio and Television Administration, China Media Group, and the People's Government of Zhejiang Province, the CICAF is one of the largest high-profile and highly influential cartoon and animation festivals on the Chinese Mainland. For more information on the CICAF and the Hong Kong Pavilion, please visit cicaf.hzxcw.gov.cnand www.hkdea.org."
文創處資助業界參與第二十二屆中國國際動漫節（附圖）,2026-06-19 17:00,2026-06-19 17:30,Chi,gia,https://www.info.gov.hk/gia/general/202606/19/P2026061800797.htm,"文化體育及旅遊局轄下文創產業發展處（文創處）資助香港數碼娛樂協會組織業界參與於六月十五日至十九日在杭州舉行的第二十二屆中國國際動漫節，以「潮遊動漫」為主題設立香港館，展出潮流玩具、遊戲、動畫、漫畫、虛擬藝人，以及文化知識產權衍生產品和內容，推廣香港文創產業。為期五天展期的香港館反應踴躍，可見訪客對香港數碼娛樂產業的多元活力深感興趣。

中國國際動漫節香港館由文創處連續第三年資助設立，今屆共邀得16間香港企業參與，展示近20個不同風格的文化知識產權及其創意產品。除了融合香港本地特色及現代潮流元素的潮玩、遊戲、動畫及漫畫作品外，館內更展出了運用擴增實境及虛擬實境等技術、虛實融合的互動創意產品，充分體現科技與文化的深度交融，為觀眾帶來沉浸式觀展體驗。此次參展不僅展現了香港在數碼娛樂領域的獨特優勢，更將本港業界的優秀創意與實力推廣至中國內地市場，藉此深化兩地在動漫產業方面的交流與合作，協助業界拓展更廣闊的商貿網絡。

中國國際動漫節由國家廣播電視總局、中央廣播電視總台及浙江省人民政府主辦，為中國內地最具規模、備受矚目且極具影響力的動漫界盛事之一。更多關於中國國際動漫節及香港館的資訊，請瀏覽cicaf.hzxcw.gov.cn及www.hkdea.org。"
民政及青年事務局局長訪問甘肅省,2026-06-19 15:00,2026-06-19 15:15,Chi,gia,https://www.info.gov.hk/gia/general/202606/19/P2026061800745.htm,"​民政及青年事務局（民青局）局長麥美娟明日（六月二十日）前往甘肅省天水市，代表香港特別行政區政府出席2026（丙午）年公祭伏羲大典。

​麥美娟將於六月二十一日轉往福建省，六月二十三日返港。在她離港期間，民青局副局長梁宏正將署理局長職務。
"
SHYA to visit Gansu Province,2026-06-19 15:00,2026-06-19 15:15,Eng,gia,https://www.info.gov.hk/gia/general/202606/19/P2026061800746.htm,"  The Secretary for Home and Youth Affairs, Miss Alice Mak, will depart for Tianshui City in Gansu Province tomorrow (June 20), to attend the Public Fuxi Commemoration Ceremony 2026 on behalf of the Hong Kong Special Administrative Region Government.
​
  Miss Mak will proceed to visit Fujian Province on June 21 and return to Hong Kong on June 23. During her absence, the Under Secretary for Home and Youth Affairs, Mr Clarence Leung, will act as the Secretary for Home and Youth Affairs."
Red flag lowered at Big Wave Bay Beach ,2026-06-19 12:54,2026-06-19 13:00,Eng,gia,https://www.info.gov.hk/gia/general/202606/19/P2026061900354.htm,"Attention TV/radio announcers:

Please broadcast the following as soon as possible and repeat it at regular intervals:

  Here is an item of interest to swimmers.

  The Leisure and Cultural Services Department announced today (June 19) that the Environmental Protection Department has classified the water quality at Big Wave Bay Beach in Southern District, Hong Kong Island, as Grade 3, which means that the water quality has improved and the beach is suitable for swimming. The red flag has been lowered.

  The red flag was hoisted at the beach earlier due to the water quality being classified as Grade 4 and unsuitable for swimming."
​大浪灣泳灘紅旗除下,2026-06-19 12:53,2026-06-19 13:00,Chi,gia,https://www.info.gov.hk/gia/general/202606/19/P2026061900351.htm,"電台及電視台當值宣布員注意：

請盡快播出以下特別報告，並在適當時間重複廣播：

游泳人士請注意：康樂及文化事務署今日（六月十九日）宣布，鑑於環境保護署（環保署）已將港島南區大浪灣泳灘的水質評定為三級，表示該處海水水質改善，適宜游泳，該泳灘的紅旗已經除下。

該泳灘於較早前因環保署評定其水質為四級及不適宜游泳而懸掛紅旗。"
多個泳灘懸掛紅旗,2026-06-19 11:28,2026-06-19 11:45,Chi,gia,https://www.info.gov.hk/gia/general/202606/19/P2026061900267.htm,"電台及電視台當值宣布員注意：

請盡快播出以下特別報告：

游泳人士請注意：康樂及文化事務署今日（六月十九日）宣布，根據環境保護署的「泳灘水質預報系統」（www.epd.gov.hk/epd/tc_chi/environmentinhk/water/beach_quality/forecast_system.html），離島區的銀礦灣泳灘、貝澳泳灘；西貢區的銀線灣泳灘；屯門區的蝴蝶灣泳灘及黃金泳灘；荃灣區的馬灣東灣泳灘、麗都灣泳灘、更生灣泳灘、汀九灣泳灘；以及大埔區的大埔龍尾泳灘的「泳灘水質預測指數」為4，表示水質因天雨關係而可能短期波動，預測屬於「極差」水平。該等泳灘現已懸掛紅旗，為保障健康，市民應避免下水。"
Red flags hoisted at several beaches,2026-06-19 11:28,2026-06-19 11:45,Eng,gia,https://www.info.gov.hk/gia/general/202606/19/P2026061900273.htm,"Attention TV/radio announcers:

Please broadcast the following as soon as possible:

  Here is an item of interest to swimmers.

  The Leisure and Cultural Services Department announced today (June 19) that according to the Beach Water Quality Forecast System of the Environmental Protection Department (www.epd.gov.hk/epd/english/environmentinhk/water/beach_quality/forecast_system.html), the Beach Water Quality Forecast Index for Silver Mine Bay Beach and Pui O Beach in Islands District; Silverstrand Beach in Sai Kung District; Butterfly Beach and Golden Beach in Tuen Mun District; Ma Wan Tung Wan Beach, Lido Beach, Casam Beach and Ting Kau Beach in Tsuen Wan District; and Tai Po Lung Mei Beach in Tai Po District is 4, which means the predicted water quality at these beaches is ""Very Poor"" due to potential transient water quality fluctuations caused by heavy rain. Red flags have been hoisted, and beachgoers are advised not to enter the water to safeguard their health."
發展局推出香港版「新工程合約」─專業服務合約（附圖）,2026-06-19 11:00,2026-06-19 11:15,Chi,gia,https://www.info.gov.hk/gia/general/202606/19/P2026061800357.htm,"​香港版「新工程合約」（NEC）─專業服務合約今日（倫敦時間六月十八日）在英國倫敦舉行的NEC二○二六年度會議暨「Martin Barnes」獎項頒獎典禮上正式發布。這是發展局繼二○二三年及二○二四年分別推出工程及建造合約和定期服務合約後，所推出的第三份香港版NEC合約標準範本。

發展局常任秘書長（工務）劉俊傑在NEC年度會議致辭時說：「今日正式推出的香港版NEC─專業服務合約將NEC提倡的協作模式延伸至各類型工程專業服務，標誌着香港現已備有一套完整的本地化NEC合約範本，有利香港建造業的整體發展。」

專業服務合約適用於委聘工程顧問公司或專業服務提供者，涵蓋工程可行性研究、設計、項目管理、合約管理及工地監督等工作。而此合約範本與早前發布的工程及建造合約及定期服務合約範本能互相配合，令NEC的協作理念可以貫徹項目策劃、設計、施工及後續養護各個環節，形成一套可配合本港建造業需要及促進其可持續發展的合約體系。

NEC合約模式秉持夥伴協作理念，並設有風險預警、補償機制及標準行動時間表等合約機制，有效處理各合約事宜及提升項目表現。發展局自二○○九年起將NEC合約模式引入本港工務工程，至今已應用於超過850項工務工程，合約總值逾5,500億元。香港機場管理局和香港鐵路有限公司等公營機構均已採用相關模式。

另外，土木工程拓展署有多個NEC合約基建項目競逐是次「Martin Barnes」獎項，最終於全球約80個參賽項目中脫穎而出，勇奪五個獎項（見附件）。該獎項由英國土木工程師學會轄下「新工程合約」組織頒發，主要表揚世界各地在採用NEC合約模式有出色表現的機構及項目。"
DEVB launches Hong Kong Edition of New Engineering Contract - Professional Service Contract (with photos),2026-06-19 11:00,2026-06-19 11:15,Eng,gia,https://www.info.gov.hk/gia/general/202606/19/P2026061800362.htm,"The Hong Kong Edition of the New Engineering Contract (NEC) - Professional Service Contract (PSC) was officially launched today (June 18, London time) at the NEC 2026 Annual Conference and Martin Barnes Awards Presentation Ceremony held in London, the United Kingdom. This is the third Hong Kong Edition of the NEC standard contract template released by the Development Bureau (DEVB), following its introduction of the Engineering and Construction Contract (ECC) and the Term Service Contract (TSC) in 2023 and 2024 respectively.

Speaking at the NEC Annual Conference, the Permanent Secretary for Development (Works), Mr Ricky Lau, said, ""The official launch of the Hong Kong Edition of the NEC - PSC today extends the collaborative approach advocated by the NEC to various types of engineering professional services. This marks the availability of a complete set of localised NEC contract templates in Hong Kong, which will benefit the overall development of the local construction industry.""

The PSC is applicable to the appointment of engineering consultants or professional service providers for work covering engineering feasibility studies, design, project management, contract administration, site supervision, etc. This new contract template complements those previously launched for the ECC and the TSC, allowing the NEC collaborative philosophy to be consistently implemented across all stages of project planning, design, construction and subsequent maintenance, thereby forming a comprehensive contract system that meets the needs of Hong Kong's construction industry and promotes its sustainable development.

The NEC form upholds the philosophy of collaborative partnering, incorporating contractual mechanisms such as early warning of risks, compensation and defined action timetables, allowing contractual issues to be resolved effectively and enhancing project performance. The DEVB introduced the NEC form to public works projects in 2009, and it has since been adopted in more than 850 public works contracts with a total value exceeding HK$550 billion. Public organisations such as the Airport Authority Hong Kong and the MTR Corporation Limited have also adopted this form of contract.
​
Separately, several NEC-based infrastructure projects of the Civil Engineering and Development Department (CEDD) competed for the Martin Barnes Awards this year. Among the approximately 80 global entries, the CEDD won five awards (see Annex). Presented by the NEC Users' Group under the Institution of Civil Engineers of the United Kingdom, the awards recognise organisations and projects worldwide for their outstanding performance in adopting the NEC form."
石澳泳灘及洪聖爺灣泳灘懸掛紅旗,2026-06-19 10:33,2026-06-19 10:45,Chi,gia,https://www.info.gov.hk/gia/general/202606/19/P2026061900240.htm,"電台及電視台當值宣布員注意：

請盡快播出下列特別報告：

游泳人士請注意：康樂及文化事務署今日（六月十九日）宣布，由於大浪關係，港島南區的石澳泳灘及離島區的洪聖爺灣泳灘已懸掛紅旗，顯示在該處游泳會有危險，市民請勿在該處游泳。"
Red flags hoisted at Shek O Beach and Hung Shing Yeh Beach,2026-06-19 10:33,2026-06-19 10:45,Eng,gia,https://www.info.gov.hk/gia/general/202606/19/P2026061900238.htm,"Attention TV/radio announcers:

Please broadcast the following as soon as possible:

Here is an item of interest to swimmers.

The Leisure and Cultural Services Department announced today (June 19) that due to big waves, red flags have been hoisted at Shek O Beachin Southern District, Hong Kong Island; and Hung Shing Yeh Beachin Islands District. Beachgoers are advised not to swim at these beaches."
HAD's Emergency Co-ordination Centre stood down,2026-06-19 10:13,2026-06-19 10:30,Eng,gia,https://www.info.gov.hk/gia/general/202606/19/P2026061900231.htm,"Attention duty announcers, radio and TV stations:

Please broadcast the following as soon as possible and repeat it at suitable intervals:

  The Home Affairs Department's Emergency Co-ordination Centre and the emergency hotline 2572 8427 have ceased to operate."
民政事務總署緊急事故協調中心已停止運作,2026-06-19 10:13,2026-06-19 10:30,Chi,gia,https://www.info.gov.hk/gia/general/202606/19/P2026061900228.htm,"電台及電視台當值廣播員注意，請盡速播出並隔適當時間重播多次：

民政事務總署緊急事故協調中心及緊急事故熱線2572 8427現已停止運作。"
蓮塘／香園圍口岸臨時食物管制辦事處運作至今日下午二時,2026-06-19 09:01,2026-06-19 09:45,Chi,gia,https://www.info.gov.hk/gia/general/202606/19/P2026061900202.htm,食物環境衞生署食物安全中心今日（六月十九日）表示，因應深圳有關當局通知，文錦渡口岸昨日（六月十八日）晚上八時恢復清關服務，所有運載鮮活食品車輛昨晚已可經文錦渡口岸進入香港。而設立在蓮塘口岸（即香園圍邊境管制站）的臨時食物管制辦事處會繼續運作至今日下午二時，以方便業界。
蓮塘／香園圍口岸臨時食物管制辨事處運作至今日下午二時,2026-06-19 09:01,2026-06-19 09:15,Chi,gia,https://www.info.gov.hk/gia/general/202606/19/P2026061900202.htm,食物環境衞生署食物安全中心今日（六月十九日）表示，因應深圳有關當局通知，文錦渡口岸昨日（六月十八日）晚上八時恢復清關服務，所有運載鮮活食品車輛昨晚已可經文錦渡口岸進入香港。而設立在蓮塘口岸（即香園圍邊境管制站）的臨時食物管制辨事處會繼續運作至今日下午二時，以方便業界。
Temporary food control office at Liantang/Heung Yuen Wai boundary control point continues to operate until 2pm today,2026-06-19 09:01,2026-06-19 09:15,Eng,gia,https://www.info.gov.hk/gia/general/202606/19/P2026061900201.htm,"The Centre for Food Safety of the Food and Environmental Hygiene Department announced today (June 19) that, following the notification from the Shenzhen authority of the resumption of clearance services at Man Kam To boundary control point (BCP) at 8pm yesterday (June 18), all goods vehicles carrying fresh food were allowed to resume entering Hong Kong via Man Kam To BCP last night. The temporary food control office set up at the Liantang Port (Heung Yuen Wai BCP) will continue to operate until 2pm today to facilitate the trade."
Public urged to report flooding,2026-06-19 00:02,2026-06-19 00:30,Eng,gia,https://www.info.gov.hk/gia/general/202606/19/P2026061801282.htm,"Attention duty announcers, radio and TV stations:

Please broadcast the following as soon as possible and repeat it at suitable intervals:

Members of the public are advised to report any street flooding that comes to their notice to the Drainage Services Department by calling the 24-hour drainage hotline on 2300 1110."
渠務署籲請市民報告水浸,2026-06-19 00:01,2026-06-19 00:30,Chi,gia,https://www.info.gov.hk/gia/general/202606/19/P2026061801281.htm,"電台及電視台當值宣布員注意：

請盡快播出以下信息，並隔適當時間重播多次：

渠務署呼籲市民，若發現街道水浸，請盡快致電二十四小時渠務熱線向該署報告，電話為二三○○ 一一一○。
"
民政事務總署呼籲市民提防不法份子偽冒關愛隊,2026-06-18 21:55,2026-06-18 22:00,Chi,gia,https://www.info.gov.hk/gia/general/202606/18/P2026061801073.htm,"民政事務總署（民政總署）發言人今日（六月十八日）呼籲市民提高警覺，留意偽冒地區服務及關愛隊伍（關愛隊）進行詐騙的行為。

近日，民政總署接獲個別小區關愛隊通知，有市民表示有人冒認關愛隊成員上門探訪，向長者派發福袋，並要求長者簽署不明文件。

發言人提醒市民，市民如接獲不明來歷的探訪邀請、電話或短訊，應保持警覺。如對來電者或到訪者身分有懷疑，可致電182 111核實關愛隊成員及義工的身分，以及查詢關愛隊的聯絡資料。若發現可疑情況，應致電警方24小時熱線「防騙易18222」。

另外，關愛隊成員和義工在履行職務期間，會穿上關愛隊制服及配戴關愛隊小隊成員身份證或義工證明，以供識別。關愛隊專題網頁亦已設立小區關愛隊成員專頁（www.had.gov.hk/tc/public_services/district_services_community_care_teams/subdistrictcareteams.htm ），市民可在有關專頁獲得各關愛隊小隊成員及所屬承辦團體的聯絡資料。"
Home Affairs Department alerts public to attempted impersonations of Care Teams,2026-06-18 21:55,2026-06-18 22:00,Eng,gia,https://www.info.gov.hk/gia/general/202606/18/P2026061801075.htm,"A spokesman for the Home Affairs Department (HAD) today (June 18) alerted members of the public to beware of attempted impersonations of District Services and Community Care Teams (Care Teams) for fraudulent purposes.

The HAD has recently been informed by an individual sub-district Care Team that some residents were visited by persons who claimed to be Care Team members, distributing blessing bags to an elderly person and requesting the elderly to sign unknown papers.

The spokesman reminded members of the public that they should remain vigilant when any request for visit by unknown persons, as well as unidentified calls or messages are received. If in doubt about the identity of the callers or visitors, please call 182 111 to verify the identity of Care Team members and volunteers, and obtain the Care Teams' contact information. In case of suspicious circumstances, please call the 24-hour Anti-Scam Helpline 18222.

Members and volunteers of Care Teams will wear Care Team uniforms and display Care Team member or volunteer Certificates of Identity for identification when providing caring services. Members of the public may visit the dedicated webpage on members of Sub-district Care Teams (www.had.gov.hk/en/public_services/district_services_community_care_teams/subdistrictcareteams.htm) for the information of Care Team members and the contact information of their operating organisations."
民航處處長訪問北京（附圖）,2026-06-18 21:21,2026-06-18 21:30,Chi,gia,https://www.info.gov.hk/gia/general/202606/18/P2026061800658.htm,"民航處處長廖志勇昨日（六月十七日）飛抵北京展開訪問行程，拜訪多個民航單位，就共同推動國家及香港航空業高質量發展作深入交流，進一步提升雙方在民用航空領域的協作效率及合作關係。

訪京期間，廖志勇拜訪中國民用航空局（民航局）局長宋志勇，感謝民航局一直以來對香港航空業的關心及大力支持，並介紹香港民航業的發展近況，進一步加強雙方在民航領域的合作，配合國家「十五五」規劃，更好融入和推動民航高質量發展。

廖志勇亦與民航局空中交通管理局局長苗旋會面，探討進一步強化雙方在航空交通管理上的協作，提升粵港澳大灣區的航空業運行效率，並促進亞太區航空交通管理的合作。

廖志勇藉此行到訪民航局飛行校驗中心及中國商用飛機有限責任公司北京民用飛機技術研究中心，了解中國航空業的創新技術及發展趨勢，深化並探討進一步合作。

廖志勇明日（六月十九日）將繼續訪問行程，其後會前往國家行政學院，出席民航處與香港民航業界管理層人員國情研習專班（研習班）的開班儀式，參與首日的研修課程，與學員分享香港航空業如何主動對接國家「十五五」規劃， 為國家和香港的民航發展作出貢獻。

隨團訪問北京的包括民航處助理處長（航空交通管理）許文豪及民航處高級管理層人員。他們結束訪問後亦會參與研習班課程。"
DGCA visits Beijing (with photos),2026-06-18 21:21,2026-06-18 21:30,Eng,gia,https://www.info.gov.hk/gia/general/202606/18/P2026061800664.htm,"  The Director-General of Civil Aviation, Mr Victor Liu, arrived in Beijing yesterday (June 17) and began his visit programme. He paid courtesy calls on various aviation offices, and had in-depth exchanges on promoting high-quality aviation development at both national and local levels, with a view to further enhancing collaboration efficiency and partnerships for civil aviation.

  During the visit, Mr Liu called on the Administrator of the Civil Aviation Administration of China (CAAC), Mr Song Zhiyong, and expressed his gratitude for the great care and staunch support of the CAAC throughout the years. He also briefed Mr Song on the latest civil aviation developments in Hong Kong, further strengthening co-operation and supporting the National 15th Five-Year Plan, so as to better integrate into and promote the high-quality development of civil aviation.

  Mr Liu also met with the Director-General of the Air Traffic Management Bureau of the CAAC, Mr Miao Xuan, to discuss fostering co-operation in air traffic management, enhancing the operational efficiency of the aviation industry in the Guangdong-Hong Kong-Macao Greater Bay Area, and promoting collaboration in Asia Pacific.

  In addition, Mr Liu visited the Flight Inspection Center of the CAAC and the Beijing Aircraft Technology Research Institute of the Commercial Aircraft Corporation of China Ltd to learn about the innovative technologies and development trends of China's aviation industry and to explore co-operation opportunities.

  Mr Liu will continue his trip tomorrow (June 19). Afterwards, he will proceed to the National Academy of Governance to attend the opening ceremony of the dedicated National Studies Course for the management personnel of the Civil Aviation Department and Hong Kong's aviation sector. He will also take part in the first day of the course, sharing insights with the participants on how to align proactively with the National 15th Five-Year Plan, so as to contribute to the aviation development of the country and Hong Kong.

  Accompanying Mr Liu to Beijing were the Assistant Director-General of Civil Aviation (Air Traffic Management), Mr Hui Man-ho, and the senior management, who will also join the National Studies Course afterwards."
Employers and employees should make reasonable work arrangements after tropical cyclones or rainstorms (2),2026-06-18 21:07,2026-06-18 21:15,Eng,gia,https://www.info.gov.hk/gia/general/202606/18/P2026061801049.htm,"The Labour Department (LD) today (June 18) reminded employers to make practical and reasonable work arrangements for employees after the cancellation of tropical cyclone warnings or rainstorm warnings, with due consideration to the road and traffic conditions and other factors, and make flexible arrangements for staff to resume work or work remotely (if applicable). This will help maintain good labour relations, and ensure the safety of employees as well as the smooth operation of organisations.

  ""For staff who have genuine difficulties in resuming work on time upon cancellation of a tropical cyclone or rainstorm warning, employers should be considerate and handle the situation in a flexible manner. For example, employers may allow employees to resume work by batches, permit employees who have difficulties in returning to workplaces to work remotely (if applicable) or allow more time for them to report for duty and resume work,"" a spokesman for the LD said.

  The spokesman reminded employers to observe the statutory liabilities and requirements under the Employment Ordinance, Occupational Safety and Health Ordinance, Factories and Industrial Undertakings Ordinance, Employees' Compensation Ordinance and Minimum Wage Ordinance.

  ""Tropical cyclones and rainstorms are natural calamities. If employees are not required to report for duty, or are released from workplaces early, or are unable to report for duty at workplaces or resume work on time, etc due to adverse weather, extreme conditions or other environmental factors beyond their control, employers should not deduct their wages, good attendance bonus, or allowances, nor require employees to compensate subsequently for the loss of working hours in response to the aforementioned situations, or reduce employees' entitlements to annual leave, statutory holidays or rest days under the Employment Ordinance to compensate for the loss of working hours resulting from the issuance of adverse weather warnings or the extreme conditions announcement,"" the spokesman said.

  Employers have an obligation to provide and maintain a safe working environment for their employees under the Occupational Safety and Health Ordinance and the Factories and Industrial Undertakings Ordinance. Moreover, under the Employees' Compensation Ordinance, employers are liable to pay compensation for injuries or deaths incurred when employees are travelling by a direct route from their residence to their workplace, or from their workplace back to their residence after work, four hours before or after working hours on a day when a Tropical Cyclone Warning Signal No. 8 or higher, a Red or Black Rainstorm Warning Signal or extreme conditions are in force.

  The LD's latest revised ""Code of Practice in Times of Adverse Weather and 'Extreme Conditions'"" sets out the relevant guidelines in a reader-friendly and concise manner, reiterating the three major principles for formulating work arrangements under adverse weather and extreme conditions, including formulating work arrangements in advance, giving prime consideration to employees' safety, and complying with requirements of labour legislation, and incorporating corporate examples for reference. The booklet can be obtained from branch offices of the Labour Relations Division or downloaded from the department's webpage (www.labour.gov.hk/eng/public/wcp/Rainstorm.pdf)."
僱主應與僱員訂立熱帶氣旋或暴雨後合理的工作安排（二）,2026-06-18 21:06,2026-06-18 21:15,Chi,gia,https://www.info.gov.hk/gia/general/202606/18/P2026061801047.htm,"勞工處今日（六月十八日）提醒僱主應在熱帶氣旋或暴雨警告信號取消後為僱員提供合理而切實可行的工作安排，並考慮路面、交通及其他情況，彈性處理僱員復工或遙距工作的安排（如適用）。這有助維持良好的勞資關係，並確保僱員安全及機構運作順暢。

勞工處發言人說：「在熱帶氣旋或暴雨警告取消後，僱員如遇到實際困難而未能及時返回工作崗位，僱主應予以體諒並作出彈性處理，例如讓僱員分批復工、容許返回工作崗位有困難的僱員遙距工作（如適用）或有較寬裕的上班和復工時間。」

發言人提醒僱主必須遵守《僱傭條例》、《職業安全及健康條例》、《工廠及工業經營條例》、《僱員補償條例》及《最低工資條例》下的法定責任及規定。

發言人說：「熱帶氣旋和暴雨都是自然災害，如僱員由於惡劣天氣及極端情況或不受控制的環境因素影響而無須上班、提早離開工作地點、未能返回工作地點上班或及時復工等，僱主不應扣減僱員的工資、勤工獎或津貼，亦不應要求僱員隨後補回因前述情況而減少的工作時數，或減少僱員在《僱傭條例》下有權享有的年假、法定假日或休息日，用作補償因發出惡劣天氣警告或極端情況公布而損失的工作時間。」

根據《職業安全及健康條例》及《工廠及工業經營條例》，僱主有責任為僱員提供及維持安全的工作環境。另外，根據《僱員補償條例》，在八號或更高熱帶氣旋警告信號、紅色或黑色暴雨警告信號，或於極端情況生效期間，如僱員在其當日的工作時間開始前或終止後四小時內，以直接路線由其居所前往其工作地點途中，或在下班後由其工作地點返回其居所途中遭遇意外受傷或死亡，僱主必須負起補償的責任。

勞工處最新修訂的《惡劣天氣及「極端情況」下工作守則》，以淺白易明的方式闡述相關指引，重申制定惡劣天氣或極端情況下工作安排的三個主要原則，包括及早制定工作安排、以僱員的安全為首要考慮及必須履行勞工法例的規定，並加入企業示例作參考。該小冊子可在勞資關係科各分區辦事處索取，亦可在勞工處網頁（www.labour.gov.hk/tc/public/pdf/wcp/Rainstorm.pdf）下載。"
Speech by CE at Asia Society Hong Kong Game Changer Award (English only) ,2026-06-18 20:42,2026-06-18 21:00,Eng,gia,https://www.info.gov.hk/gia/general/202606/18/P2026061801002.htm,"​Following is the speech by the Chief Executive, Mr John Lee, at the Asia Society Hong Kong Game Changer Award today (June 18):

Deputy Commissioner Hua You (Deputy Commissioner of the Ministry of Foreign Affairs of the People's Republic of China in the Hong Kong Special Administrative Region), Chairman Ronnie Chan (Chairman of Asia Society Hong Kong Center), Sir Gordon Wu (Chairman of the Board of Hopewell Holdings Limited), distinguished guests, ladies and gentlemen,

Good evening. I am very delighted to join you, tonight, for this very special occasion. We are here to honour Sir Gordon Wu, to present the founder and Chairman of Hopewell Holdings with the Asia Society Hong Kong Game Changer Award.This Award recognises the achievements of remarkable individuals, those who have established a singular connection with Hong Kong and an outstanding track record in advancing understanding of Asia through culture, ideas and innovation.

Sir Gordon is richly deserving this award. He is a visionary dedicated to promoting the economic development of Hong Kong, the Chinese Mainland, Southeast Asia, and beyond. More than advancing understanding, he has trailblazed connectivity. He builds bridges, roads, tunnels and infrastructure that bring people, cities, regions and countries together.

A pioneering believer in the boundless promise of our country, China, Sir Gordon has spearheaded countless critical infrastructure and construction projects on the Chinese Mainland.

His far-reaching enterprises have ranged from power stations serving millions in the Pearl River Delta region to Guangzhou's China Hotel, one of the country's first five-star hotels.

The China Hotel became China's first major development to incorporate the Build-Operate-Transfer model. Sir Gordon then applied this smart financing and delivery model to highways and power plants, laying a solid foundation for decades of infrastructure projects across the region.

One of the earliest advocates of the Hong Kong-Zhuhai-Macao Bridge, a lot of people may not know this, Sir Gordon should be immensely proud of its grand realisation. The Bridge has been instrumental in propelling the Greater Bay Area's economic development. No wonder Sir Gordon has earned his name as ""King of Highways"". Well deserving.

His public and community service in Hong Kong, the Chinese Mainland, the rest of Asia and the world beyond, is equally commendable. He has been Chairman of the then Hong Kong Port and Maritime Board, a member of the Hong Kong Trade Development Council, as well as the Commission on Strategic Development of Hong Kong and the Hong Kong Logistics Development Council, an advisor to the Urban Renewal Authority, and a great deal more. If I keep on repeating, you will not have time for dinner.

He has also been a member of the United Nations Association of China, the Chinese People's Political Consultative Conference, the World Bank's IFC Business Advisory Council and the APEC Business Advisory Council.

In 2004, Sir Gordon was awarded the Gold Bauhinia Star for his contributions to society and Hong Kong's logistics and maritime development.

This evening's tribute, and presentation of the Asia Society Hong Kong Game Changer Award, brings it all together. It is a much welcomed opportunity to honour Sir Gordon for a lifetime abounding in achievement.

And let me add — this comes at a proud moment for Hong Kong. Today, the International Institute for Management Development ranked our city second globally in competitiveness, up one place from last year and the highest since 2019.

Also today, the newly released QS World University Rankings ranked five of our universities in the world's top 100, with, for the first time ever, two Hong Kong universities ranked in the global top 20, and four in the top 50 for the first time in six years. I am glad that these two pieces of good news of Hong Kong add to the happy moment this evening of tonight’s award ceremony.

I know you all can't wait. Sir Gordon, this is your evening, congratulations. And to everyone here, I hope you have a memorable one. Thank you."
Speech by CE at Asia Society Hong Kong Game Changer Award (English only) (with photos/video),2026-06-18 20:42,2026-06-18 21:15,Eng,gia,https://www.info.gov.hk/gia/general/202606/18/P2026061801002.htm,"​Following is the speech by the Chief Executive, Mr John Lee, at the Asia Society Hong Kong Game Changer Award today (June 18):

Deputy Commissioner Hua You (Deputy Commissioner of the Ministry of Foreign Affairs of the People's Republic of China in the Hong Kong Special Administrative Region), Chairman Ronnie Chan (Chairman of Asia Society Hong Kong Center), Sir Gordon Wu (Chairman of the Board of Hopewell Holdings Limited), distinguished guests, ladies and gentlemen,

Good evening. I am very delighted to join you, tonight, for this very special occasion. We are here to honour Sir Gordon Wu, to present the founder and Chairman of Hopewell Holdings with the Asia Society Hong Kong Game Changer Award.This Award recognises the achievements of remarkable individuals, those who have established a singular connection with Hong Kong and an outstanding track record in advancing understanding of Asia through culture, ideas and innovation.

Sir Gordon is richly deserving this award. He is a visionary dedicated to promoting the economic development of Hong Kong, the Chinese Mainland, Southeast Asia, and beyond. More than advancing understanding, he has trailblazed connectivity. He builds bridges, roads, tunnels and infrastructure that bring people, cities, regions and countries together.

A pioneering believer in the boundless promise of our country, China, Sir Gordon has spearheaded countless critical infrastructure and construction projects on the Chinese Mainland.

His far-reaching enterprises have ranged from power stations serving millions in the Pearl River Delta region to Guangzhou's China Hotel, one of the country's first five-star hotels.

The China Hotel became China's first major development to incorporate the Build-Operate-Transfer model. Sir Gordon then applied this smart financing and delivery model to highways and power plants, laying a solid foundation for decades of infrastructure projects across the region.

One of the earliest advocates of the Hong Kong-Zhuhai-Macao Bridge, a lot of people may not know this, Sir Gordon should be immensely proud of its grand realisation. The Bridge has been instrumental in propelling the Greater Bay Area's economic development. No wonder Sir Gordon has earned his name as ""King of Highways"". Well deserving.

His public and community service in Hong Kong, the Chinese Mainland, the rest of Asia and the world beyond, is equally commendable. He has been Chairman of the then Hong Kong Port and Maritime Board, a member of the Hong Kong Trade Development Council, as well as the Commission on Strategic Development of Hong Kong and the Hong Kong Logistics Development Council, an advisor to the Urban Renewal Authority, and a great deal more. If I keep on repeating, you will not have time for dinner.

He has also been a member of the United Nations Association of China, the Chinese People's Political Consultative Conference, the World Bank's IFC Business Advisory Council and the APEC Business Advisory Council.

In 2004, Sir Gordon was awarded the Gold Bauhinia Star for his contributions to society and Hong Kong's logistics and maritime development.

This evening's tribute, and presentation of the Asia Society Hong Kong Game Changer Award, brings it all together. It is a much welcomed opportunity to honour Sir Gordon for a lifetime abounding in achievement.

And let me add — this comes at a proud moment for Hong Kong. Today, the International Institute for Management Development ranked our city second globally in competitiveness, up one place from last year and the highest since 2019.

Also today, the newly released QS World University Rankings ranked five of our universities in the world's top 100, with, for the first time ever, two Hong Kong universities ranked in the global top 20, and four in the top 50 for the first time in six years. I am glad that these two pieces of good news of Hong Kong add to the happy moment this evening of tonight’s award ceremony.

I know you all can't wait. Sir Gordon, this is your evening, congratulations. And to everyone here, I hope you have a memorable one. Thank you."
Care centres and services units remain open,2026-06-18 20:37,2026-06-18 20:45,Eng,gia,https://www.info.gov.hk/gia/general/202606/18/P2026061801029.htm,"Attention duty announcers, radio and TV stations:

Please broadcast the following special announcement immediately, and repeat it at frequent intervals:

""The Social Welfare Department announces that while the Red Rainstorm Warning Signal has been issued, all units providing child care centre services, services under the Neighbourhood Support Child Care Project, and after school care programmes for pre-primary or primary school children, elderly services centres, day pre-school rehabilitation services units and day rehabilitation units including integrated vocational rehabilitation services centres, integrated vocational training centres and day activity centres will remain open during their normal operating hours. If necessary, members of the public can contact the centres or services units to make arrangements for the safe return home of their children and family members."""
提供日間幼兒照顧／青少年／長者／康復服務的中心或服務單位仍然開放,2026-06-18 20:37,2026-06-18 20:45,Chi,gia,https://www.info.gov.hk/gia/general/202606/18/P2026061801028.htm,"電台及電視台當值宣布員注意：

請立即播出下列特別報告，並作多次重播：

「社會福利署宣布，紅色暴雨警告信號已經生效，所有提供幼兒中心、鄰里支援幼兒照顧計劃及學前兒童或小學生課餘託管服務的單位、長者服務中心、日間學前康復服務單位及包括綜合職業康復服務中心、綜合職業訓練中心及展能中心在內的日間康復服務單位，在其正常辦公時間內會繼續開放。市民如有需要，可以聯絡有關中心及服務單位，安排子女或家人安全回家。」"
