id,title,date,last_update,scrape_time,section,source,url,lead,news_content
60360450,谷愛凌史丹福畢業解鎖三代學霸成就　卻遭鄰居投訴隨意亂棄垃圾,2026-06-15 19:15,2026-06-15 19:15,2026-06-15 19:30,即時娛樂,hk01,https://www.hk01.com/即時娛樂/60360450/谷愛凌史丹福畢業解鎖三代學霸成就-卻遭鄰居投訴隨意亂棄垃圾,「滑雪女神」谷愛凌不僅在運動場上屢奪金牌，更在學業成績方面出類拔萃。近日她在IG分享美國加州史丹福大學的畢業照，順利利用4年時間完成了主修國,"「滑雪女神」谷愛凌不僅在運動場上屢奪金牌，更在學業成績方面出類拔萃。近日她在IG分享美國加州史丹福大學的畢業照，順利利用4年時間完成了主修國際關係的大學學位課程。但正所謂「人紅自然多是非」，就在她開心慶祝畢業之際，美國當地卻傳出了一宗與她有關的社區衞生爭議。

4年極速完成國際關係學位

在畢業典禮當日，除了有一班要好的同學共同見證這個重要時刻外，她的母親谷燕及眾多親友亦有親臨現場分享喜悅。有趣的是，谷愛凌的大學室友對她評價極高，更公開盛讚她是「自己遇過最聰明的人之一」。其實，谷愛凌的學霸潛質絕對是家族強大基因的遺傳。據了解，她家族內擁有多位頂級學霸。母親谷燕本身就擁有史丹福大學的MBA學位，而她的外婆則是上海交通大學的優秀畢業生，至於爺爺同樣是史丹福大學的舊生。一家三代都曾經入讀全球著名的頂尖學府，堪稱名副其實的「超級學霸家族」。

谷愛凌被爆亂丟垃圾

根據《舊金山標準報》（San Francisco Standard）報導，谷愛凌家族位於25大道的住宅外，人行道上堆滿沙發、床墊、損壞家具、衣物、書籍、藥瓶和各式各樣的家庭用品，雜物數量之多，更一度擋到消防栓，嚴重影響市容及衞生，更有鄰居爆料，指有人不只一次胡亂棄垃圾，引起附近居民關切。隔天上午，垃圾清運公司Recology員工接到檢舉前往查看，卻發現現場並沒有預約清運紀錄。由於工作人員按谷愛凌家門鈴後無人應門，因此無法私自處理走這批物品。

谷愛凌母親澄清遭惡意翻亂

對於外界質疑亂丟垃圾，谷愛凌母親谷燕出面澄清，表示她是在凌晨1點左右將物品搬到屋外，細心整理成20個箱子，還特別加蓋防雨措施。她聲稱，自己後來看到物品被翻得四散一地相當震驚，懷疑是拾荒者或她口中的「惡意人士」翻找造成。谷燕表示，有人刻意將印有谷愛凌名字的衣物翻出來展示，讓她認為這是針對家人的惡意行為。她強調，當天下午原本就已安排貨車前來清運相關物品。"
60360324,世界盃2026｜冠軍大熱西班牙今晚鬥佛得角　耶馬傷癒先列後備,2026-06-15 19:14,2026-06-15 19:15,2026-06-15 19:30,即時體育,hk01,https://www.hk01.com/即時體育/60360324/世界盃2026-冠軍大熱西班牙今晚鬥佛得角-耶馬傷癒先列後備,2026年世界盃決賽周今晚深夜H組分組賽迎來奪標大熱門西班牙的首戰，這支歐國盃冠軍將於美國阿特蘭大體育場迎戰首度打入決賽周的非洲球隊佛得角。賽,"2026年世界盃決賽周今晚深夜H組分組賽迎來奪標大熱門西班牙的首戰，這支歐國盃冠軍將於美國阿特蘭大體育場迎戰首度打入決賽周的非洲球隊佛得角。賽前全球球迷最關心的莫過於西班牙陣中的18歲「神童」耶馬（Lamine Yamal）能否趕及傷癒披甲。

主教練富安迪（Luis de la Fuente）在賽前記者會上大派定心丸，表示耶馬目前處於完美狀態。另一前線球員尼高拉斯威廉斯（Nico Williams）亦已傷癒。

世界盃2026直播｜西班牙Vs佛得角｜6.16凌晨00:00 Now 618台

西班牙主帥富安迪：耶馬已具備出場條件首仗先列後備

西班牙主帥富安迪在賽前記者會上確認，此前受大腿後膕肌傷患困擾的耶馬，目前身體狀態理想，今晚將會列入後備名單，隨時準備上陣。

效力西甲豪門巴塞隆拿的耶馬自今年4月22日受傷後，便缺席了球會季尾多場關鍵賽事。富安迪透露，經過個多月的積極康復，醫療團隊數據顯示耶馬目前已具備出場條件：「耶馬目前處於理想狀態，雖然他目前的體能還未足以踢足90分鐘，但何時派他落場，要視乎比賽的實際形勢發展。」

尼高拉斯威廉斯同告傷癒可候命

除了耶馬之外，西班牙陣中另一前線球員尼高拉斯威廉斯亦已傷癒歸隊，並在周日的最後一課操練表現理想，今晚同樣能夠在後備席隨時候命。"
60360578,3懲教員涉偷4部買給在囚人士的新電視　有被告指同事稱「上面」准,2026-06-15 19:11,2026-06-15 19:12,2026-06-15 19:30,社會新聞,hk01,https://www.hk01.com/社會新聞/60360578/3懲教員涉偷4部買給在囚人士的新電視-有被告指同事稱-上面-准,東頭懲教所3名懲教人員，涉把放在儲物室內，原本購來供在囚人士使用的4部電視機，叫3名在囚人士幫他們搬到車上，並涉把該4部電視機運回懲教員宿舍,"東頭懲教所3名懲教人員，涉把放在儲物室內，原本購來供在囚人士使用的4部電視機，叫3名在囚人士幫他們搬到車上，並涉把該4部電視機運回懲教員宿舍。3人否認入屋犯法、處理贓物等3罪，案件今（15日）在區域法院開審。控方指，其中一名被告被捕後稱，有同事指此舉獲「上面」批准，因為有些同事的宿舍無電視。

被告胡漢傑（49歲）、胡裕輝（52歲）及文偉傑（49歲），胡漢傑及文偉傑同被控1項入屋犯法罪，指他們2024年3月15日在香港，作為侵入者進入赤柱東頭灣道70號東頭懲教所附屬大樓地下3號飯堂儲物室後，在該處偷竊4部電視機。首及次被告被控1項將未經授權的物品攜離監獄罪，即4部電視機。

次被告獨自被控1項處理贓物罪，指他在2024年3月15日在香港，知道4部電視機是贓物，而不誠實地將該贓物保留、搬遷、處置或變現。

10部新電視原本買給在囚人士使用

控方開案陳詞指，首被告是二級懲教助理，次及第三被告是一級懲教助理，案發時3人均在東頭懲教所當值。2023年11月10日， 懲教署購入10部全新的Skyworth電視機，電視以紙箱包裝，每部價值1700元。電視是供懲教所內的在囚人士使用，存放在東頭懲教所附屬大樓地下3號飯堂內的一個儲物室，儲物室會鎖上，須得到懲教主任或以上職級人員批准，才可取得該室的鎖匙。

當日有人把物資搬到儲物室

案發當日上午9時許，懲教中班人員被指派將一些物資，從附屬大樓搬到儲物室，高級懲教主任蕭詠禧等4人，將一些過期醫療物資搬出儲物室。期間留下二級懲教助理翟樹仁看守儲物室， 翟鎖上門。

兩名被告叫3名在囚人士搬運4部電視

至9時23分，首及第三被告來到3號飯堂，第三被告稱想將一些物資搬入儲物室。要求翟開門，翟照辦。胡隨即指示1號飯堂的在囚人士，將4部電視從儲物室搬到3號飯堂對面的小組辦公室。第三被告又叫翟一同到大樓正門休息一下，第三被告其後向翟稱「工作完成」，翟便返回飯堂鎖上儲物室。

次被告把4部新電視用垃圾車運到宿舍

9時45分，首被告指示錢昕賢、江卓謙及何秀俊用黑色垃圾袋包住被盜電視，並搬上停泊在大樓外的垃圾收集車，次被告駕駛垃圾車並駛向大閘，他要求駐守大閘的人員洪景陽放行，首被告此時亦尾隨離開，洪相信車上只有垃圾，因此放行。至近10時，次被告將垃圾車停在初級職員宿舍，首及次被告把被盜走的電視機搬入宿舍。

高級懲教主任在宿發現被盜的電視

負責保安的高級懲教主任區晉源，在同月19日前往宿舍2E休息室時， 發現4部被盜電視，其中3部未開箱。

首被告指有同事指上面批准

首被告在警誡下稱，同事霍國光表示，「上面」批准將4部電視搬到職員宿舍，因為有些同事的宿舍沒電視。霍叫他帶3名在囚人士協助搬電視。他將4部電視放在2E室。他因為擔心電視被垃圾車上的廚餘弄髒，所以用垃圾袋包住。

第三被告則稱，首被告是其助手，當日有附屬大樓1樓的物資會被搬到儲物室，故他叫翟樹仁不要上鎖。

首及第三被告當日不涉搬運物資行動

控方指，中班人員可證明首被告和第三被告並沒參與搬運物資行動，二人無權打開儲物室門鎖。閉路電視顯示，二人僅搬運了被盜電視，沒有其他。此外，次被告亦被拍到協助首被告把電視搬到宿舍外。

3名協助搬運的在囚人士是無辜的代理人

控方指，3名曾協助被告搬運電視的在囚人士，均是無辜的代理人，故3人並未有被控。

總懲教主任李家輝供稱，儲物室內的物資只限在院所內使用，職員宿舍不是院所範圍。如有人要取得鎖匙，須同時得到物流主任和高級懲教主任的批准。李在閉路電視片段認出首被告身處儲物室，尾隨搬電視機的在囚人士。李在另一片段確認一輛垃圾車上，有個用黑色膠袋包住，疑似電視機的物體，並駛向宿舍方向。

案件編號：DCCC 359/2025"
60360501,99.99％「純矽」自主量產！中國科學家攻克矽基量子晶片關鍵材料,2026-06-15 19:04,2026-06-15 19:05,2026-06-15 19:30,即時中國,hk01,https://www.hk01.com/即時中國/60360501/99-99-純矽-自主量產-中國科學家攻克矽基量子晶片關鍵材料,中核集團15日指出，中國科學家首次成功實現豐度超過99.99%的矽-28同位素自主量產，產品關鍵指標達國際先進水平。 顯示中國在建構自主可控、協同高,"中核集團15日指出，中國科學家首次成功實現豐度超過99.99%的矽-28同位素自主量產，產品關鍵指標達國際先進水平。 顯示中國在建構自主可控、協同高效的穩定同位素產業格局方面邁出實質性步伐。

中國科學院院士俞大鵬更指出，這一突破徹底解決了矽基量子計算「無米之炊」的燃眉之急，為中國矽基量子計算實現規模化比特操控鋪平了道路。

據說明，矽是一種非金屬元素，天然矽中有三種同位素，包含矽-28、矽-29和矽-30。其中矽-28占比92.2％，這種同位素可極大降低量子計算中的環境雜訊干擾，被譽為「世界上最純淨的矽」，是矽基量子晶片不可或缺的核心材料。該產品由中核集團旗下中國原子能工業有限公司所屬核工業理化工程研究院研製生產。

而天然矽中的另一種穩定同位素——矽-29會對量子計算產生干擾。因此，要把干擾降到最低，就必須將矽-28豐度從92.2％提高到99.99％以上。

中核集團核工業理化工程研究院院長姜宏民指出，提純矽-28，不是靠物質反應把矽-29變成矽-28，而是像篩豆子一樣把三種同位素分離開，將矽-28富集到一側，矽-29和矽-30到另一側。總量不變，各組分豐度卻變了。

中國工程院院士雷增光則表示，高豐度矽-28同位素製備從開始技術攻關到此次量產落地，凝聚了科研團隊多年的心血，具有里程碑意義。除了矽-28，核理化院後續還將面向核能與核醫療、航空航天、量子信息、粒子物理、深空探測等領域的重大需求，開展系列穩定同位素產品的研發。

穩定同位素具不可替代戰略價值

據了解，穩定同位素不僅是支撐前沿科技與國家安全的關鍵基礎材料，在核醫學成像、精準放療、核安保溯源、環境追蹤、基礎物理研究等領域也具有不可替代的戰略價值。長期以來，全球穩定同位素製備技術高度集中、壁壘極高，已成為制約中國量子科技、先進半導體、高端醫療裝備等關鍵產業鏈自主可控的重要環節。

在國家原子能機構指導支持下，中核集團發揮核技術應用產業鏈「鏈長」作用，以核技術應用產業鏈共鏈行動為抓手，牽頭凝聚上下游創新合力，形成了一批以核理化院、秦山核電基地、核動力院、原子能院、海得威等為主的同位素生產基地。

完成此項突破的中核集團核工業理化工程研究院團隊，之前已先後實現鉬、碲、鎳等12種元素、26種穩定同位素的生產，持續推動穩定同位素分離技術的工程化與產業化。"
60341201,佛得角世界盃2026｜足球排名+國家隊球員名單陣容+最新賽程,2026-06-15 19:01,2026-06-15 19:01,2026-06-15 19:30,即時體育,hk01,https://www.hk01.com/即時體育/60341201/佛得角世界盃2026-足球排名-國家隊球員名單陣容-最新賽程,世界盃2026｜佛得角足球隊首次打入世界盃決賽周。佛得角現時世界排名第69，今屆被編入H組，同組對手包括西班牙、烏拉圭及沙特阿拉伯。本文將會介紹,"世界盃2026｜佛得角足球隊首次打入世界盃決賽周。佛得角現時世界排名第69，今屆被編入H組，同組對手包括西班牙、烏拉圭及沙特阿拉伯。本文將會介紹佛得角外圍賽表現、球隊最新近況、以往最佳成績、球員名單陣容及最新世界盃賽程。

佛得角現時世界排名：第69（截至4月）

佛得角世界盃外圍賽表現：

佛得角在非洲區外圍賽D組力壓同組最強的喀麥隆，以7勝2和1負得23分排小組第一，直接晉級決賽周，創出國家歷史。

佛得角背景得天獨厚足球苗子遍全歐人口少卻成大業

佛得角守衛入籍的奇幻之旅全靠意想不到渠道變國腳

佛得角近況：

這支人口僅約50萬的島國球隊，在2026年3月的國際賽期中，先以2：4不敵智利，隨後面對芬蘭賽和1：1，互射十二碼以4：2取勝。雖然佛得角殺入世界盃決賽周，卻無緣2025年的非洲國家盃。

佛得角世界盃最佳成績：晉級決賽周

佛得角首度晉級世界盃決賽周，今屆無論成績如何，都肯定創出歷史一頁。

佛得角主教練：布比斯達（Bubista）

佛得角由現年56歲的布比斯達執教，他是佛得角的足球名宿，球員時代曾任國家隊隊長，退役後於2020年執掌帥印。他於2025年榮獲非洲足協年度最佳教練獎。

佛得角焦點球星：賴恩文迪斯（Ryan Mendes）

36歲的老將賴恩文迪斯是佛得角史上喼帽最多的球員，2010年開始代表成年國家隊出戰，截止至4月17日，共出場94次入22球。

球會方面，賴恩文迪斯目前效力土耳其甲組球隊厄德爾，2025/26球季，他代表厄德爾出場26次，錄得5入球1助攻（截止至4月17日）。他此前曾效力法甲球隊里爾及當時於英冠作賽的諾定咸森林。

佛得角世界盃26人球員名單陣容

門將：
1 禾仙夏（Vozinha）
12 馬斯奧羅沙（Marcio Rosa）
23 杜斯山度士（CJ dos Santos）

後衛：
2 史托比拉（Stopira）
3 甸尼艾迪臣（Diney Edilson Alberto）
4 羅拔圖盧比斯（Roberto Lopes）
5 盧根哥斯達（Logan Costa）
8 祖奧保羅摩利拿（Joao Paulo Moreira Fernandes）
13 薛尼卡巴爾（Sidny Lopes Cabral）
22 史堤芬摩里拉（Steven Moreira）
24 華拿賓拿（Wagner Pina）
25 奇雲皮利斯（Kelvin Pires）

中場：
6 奇雲賓拿（Kevin Pina）
10 查美路蒙迪路（Jamiro Monteiro）
14 迪萊杜亞迪（Deroy Duarte）
15 拉洛斯杜亞迪（Laros Duarte）
16 恩歷克施美度（Yannick Semedo）
18 艾簡祖（Telmo Arcanjo）

前鋒：
7 卡巴爾（Jovane Cabral）
9 賓捷摩（Gilson Benchimol）
11 加利洛迪古斯（Garry Rodrigues）
17 韋利施美度（Willy Semedo）
19 利夫拉文圖（Dailon Livramento）
20 賴恩文迪斯（Ryan Mendes）
21 紐奴達哥斯達（Nuno da Costa）
26 希里奧華利拿（Hélio Varela）

佛得角出線形勢：

佛得角在H組無疑是牌面最弱一隊，面對西班牙與烏拉圭兩大勁旅，以及世界盃經驗豐富的沙特阿拉伯，佛得角若能取得歷史上首個世界盃決賽周入球，已值得送上掌聲。

佛得角H組分組賽賽程（香港時間）

點擊下圖進入世界盃專頁，即睇最新消息及賽程、免費直播等資訊"
60360571,大家樂：暫無加價計劃　續整合網絡、年內開6至7間小型門店,2026-06-15 19:00,2026-06-15 19:01,2026-06-15 19:30,社會新聞,hk01,https://www.hk01.com/財經快訊/60360571/大家樂-暫無加價計劃-續整合網絡-年內開6至7間小型門店,大家樂（0341）去年純利跌三成，集團首席執行官梁可婷表示，正執行開源節流策略，下半財年純利反彈，在內地亦是絕無僅有的香港餐飲上市公司能夠有,"大家樂（0341）去年純利跌三成，集團首席執行官梁可婷表示，正執行開源節流策略，下半財年純利反彈，在內地亦是絕無僅有的香港餐飲上市公司能夠有盈利的公司，認為只要利潤能回到2019年前水平，與主席羅開光所講的「朝重塑百億港元市值企業的願景邁進」。大家樂又指，暫無加價計劃，會繼續整合網絡，料年內開6至7間小型門店。

冀重塑百億市值企業

她指出，香港客單價與上財年持平，僅跌了0.1元，整體市道跌幅已收窄，今年4、5月同店銷售表現符合預期，同時希望本地餐飲市道最差時候已過去，雖然並非「V」型反彈。

價格方面，她指出，雖然受地緣政治影響，油價上升，成本有上升壓力，公司會密切留意，但由於市況尚未明朗，暫無加價計劃，但仍視乎食材價格上漲的情況而定。

內地開設15至20間小型門店主攻大灣區三、四線城市

門店方面，集團首席財務官梁耀進表示，今年公司繼續優化香港門店網絡，除了關閉低效益門店外，仍會開設新店，休閒餐飲會開6至8間門店，主要是小型門店，「以往3000呎門店，而家可能開2000呎樓下」。此外，內地也會開設15至20間小型門店，主要是大灣區三、四線城市。

主動調整資本結構

對於大家樂今年全年派息比率達到141.4%，且推5000萬元的回購計劃，梁耀進表示，高派息比率是基於未來發展及利潤可作支持，當利潤回復正常水平時會控制派息水平。

回購方面，他指出，公司認為其估值嚴重被低估，加上公司持有大量物業，每股賬面淨值達4.7元，此前股價較此折讓10%至20%。因此，回購是主動調整資本結構，有利股東及投資者增值。不過，當股價升到合理水位，就未必會再回購股份。

對於期內員工數目減少逾1,000名，梁可婷表示，因門店數目及門店面積減少，人力配置重組所致。"
60358516,日本老父生前「開Benz打高爾夫球」超風光　獨子翻出存摺驚見真相,2026-06-15 19:00,2026-06-15 19:00,2026-06-15 19:30,開罐,hk01,https://www.hk01.com/開罐/60358516/日本老父生前-開benz打高爾夫球-超風光-獨子翻出存摺驚見真相,外界眼中風光的退休生活，背後可能隱藏著令人始料未及的財務缺口。日本媒體《The Gold Online》日前報導一起引發大眾對高齡理財關注的個案。一名55,"外界眼中風光的退休生活，背後可能隱藏著令人始料未及的財務缺口。日本媒體《The Gold Online》日前報導一起引發大眾對高齡理財關注的個案。

一名55歲的上班族誠先生（化名）回憶，其父親生前曾任職於證券業，出入皆以全新Benz S-Class代步，退休後亦經常與昔日下屬打高爾夫球、聚餐，展現出典型成功人士的優渥生活。然而，在父親於80歲高齡與世長長辭後，誠先生翻閱遺留存摺，卻驚覺父親一輩子營造的「手頭寬裕」形象，全是一場「精緻窮」的表象。

延伸閱讀：

細個以為屋企好窮長大後驚覺阿爸係「億萬富翁」：我返工做乜？

報導指出，誠先生的父親在55歲從證券業職務退休時，特別購買了一輛全新Benz（平治）旗艦車款作為犒賞自己。當時父親曾沾沾自喜地承諾誠先生：「這台車保養得好可以開一輩子，等我走了就換你開。」這番話讓身為獨生子的誠先生長年深信，憑藉父親在金融證券業的專業背景，私底下必定透過投資股票累積了相當可觀的財富。

遺憾的是，這份期待在葬禮結束後徹底破滅。誠先生遵照父親生前交代，打開老家佛壇抽屜，找出放有「重要物品」的陳舊茶色信封。當他心跳加速地翻開存摺最後一頁時，眼前的數字令他難以置信——父親名下的活期帳戶最終餘額竟然不到100萬日圓（約5萬港元），且帳戶內完全沒有任何基金或信託等有價資產。

無法接受現實的誠先生隨即頂著烈日奔向附近銀行，透過ATM補登存摺並臨櫃向行員確認，最終卻只換來行員殘酷的證實：

誠先生事後冷靜追查才赫然發現，父親多年來為了維持「成功人士」的體面尊嚴與高大排場，每個月將豐厚的退休金與過去積蓄，全數揮霍在昂貴的Benz車養車費、高昂的車貸折舊、高爾夫球社交以及频繁的聚餐應酬上，早已將資產揮霍殆盡。

【本文獲

「引新聞」

授權轉載】"
60360356,現在歐洲的「中國辯論」，和10年前華盛頓驚人相似,2026-06-15 19:00,2026-06-15 19:00,2026-06-15 19:30,國際分析,hk01,https://www.hk01.com/國際分析/60360356/現在歐洲的-中國辯論-和10年前華盛頓驚人相似,筆者最近在斯德哥爾摩和布魯塞爾連續參加多場與歐洲學者的工作坊、論壇和對話，會上會下聽到當前歐洲戰略界圍繞中國展開的許多討論，與大約十年前華,"筆者最近在斯德哥爾摩和布魯塞爾連續參加多場與歐洲學者的工作坊、論壇和對話，會上會下聽到當前歐洲戰略界圍繞中國展開的許多討論，與大約十年前華盛頓圍繞中國的戰略辯論驚人相似。當年，美國戰略界逐漸形成一種共識：過去數十年的對華接觸政策未能實現預期目標，美國需要從對華接觸轉向對華競爭。這一認知變化最終成為美國對華政策走向戰略競爭的重要轉折。

作者：孫成昊（清華大學戰略與安全研究中心副研究員、慕尼黑安全會議「慕尼黑青年領袖」）

歐洲雖然尚未得出與美國相同的結論，但越來越多歐洲戰略界人士開始討論所謂「中國衝擊」「經濟安全」「產業韌性」「戰略依賴」「關鍵礦產安全」「技術主權」等問題。討論重點已不再是如何深化合作，而是如何管理風險。這種變化令人不得不思考：中歐關係是否也正在接近「臨界點」（tipping point）？

當然，今天的歐洲並非只有一種「中國觀」，其內部存在不同聲音。一部分人強調經濟安全和戰略自主，認為安全已成為開放的前提；另一部分人則對中國的產業政策、所謂過剩產能和「中國衝擊」表達擔憂，認為歐洲正面臨新的競爭壓力；還有一些人則主張超越「體制性競爭」敘事，強調中歐應建立新的共存框架。換句話說，今天歐洲正在爭論的，不在於是否調整對華政策，而是這種調整究竟應該走多遠。

歸根結底，歐洲對華認知正發生三個值得關注的變化。

首先，中國正越來越多地被納入歐洲安全視野。

過去很長時間裏，中歐關係更多聚焦經濟領域，即使雙方存在分歧，也大多圍繞貿易、投資和市場準入展開。但近年來，歐洲越來越傾向於從安全角度理解中國。無論是電動車、人工智能、關鍵礦產，還是數據流動與數字基礎設施，越來越多議題被賦予安全含義。

這一變化實際上反映了歐洲的內部困境。一方面，歐洲強調對華「去風險」而非「脱鈎」，不希望與中國陷入完全對抗隔絕；另一方面，經濟安全概念的不斷擴張又使越來越多涉華問題被納入安全考量，安全邏輯可能逐漸遮蔽經濟理性和合作空間。如果缺乏明確邊界，「去風險」最終可能會演變為中歐間更廣泛的經濟疏離。

相關圖輯：

中國製造2025拋離德國工業4.0美智庫揭最強成就、存在不足領域

其次，歐洲對中國的擔憂正從個別行業轉向整個生態系統。

此次訪歐對話中，一個被反覆提及的關鍵詞是「系統性」。過去中歐摩擦往往圍繞單一行業展開，例如光伏、電動車或鋼鐵，但今天的歐洲越來越重視整個產業生態，從體系層面關注中國影響。許多歐洲戰略界人士不再將供應鏈、關鍵礦產、數據治理、人工智能和技術標準視為孤立議題，而是將其理解為同一個戰略體系的不同組成部分。

這種變化意味着，中歐關係正從「行業競爭」時代進入「生態競爭」時代。歐洲不再只把中國看成某個行業的競爭者，而越來越將中國視為一個完整經濟和技術生態系統的競爭者。

6月2日《金融時報》稱，

這一變化在人工智能領域體現得尤為明顯。歐洲既擔憂美國科技巨頭的市場支配地位，也對中國科技企業保持警惕。但問題在於，人工智能競爭本質上是技術生態系統競爭，涉及晶片、算力、數據、人才、資本、應用場景和治理規則等多個維度，歐洲雖然在監管和標準制定方面具有優勢，但在基礎模型、雲服務和資本市場等方面明顯落後於中美。一個值得歐洲認真思考的問題是：歐洲人工智能戰略的目標究竟是什麼？如果歐洲希望成為全球人工智能生態中的「第三極」，同時又對美國和中國保持高度警惕和距離，那麼這一目標究竟如何實現？

第三，歐洲正在重新定義自身國際角色。

烏克蘭危機、特朗普（Donald Trump，又譯川普）再次入主白宮以及全球產業競爭加劇，使歐洲戰略自主討論進入新階段。值得注意的是，特朗普對跨大西洋關係的影響遠不只是短期現象，未來無論誰入主白宮，美歐關係都難以回到十年前的狀態，因為安全責任分配、產業政策回歸、技術競爭加劇和經濟民族主義上升等趨勢早已超越特朗普個人，並深刻重塑歐洲對美國、世界以及自身角色的理解。

從中國視角看，這意味着歐洲正努力成為更獨立的戰略行為體，而不再只是「西方陣營」的組成部分。對中國來說這既是機會，也是挑戰。機會在於，一個更加自主的歐洲可能擁有更大空間制定符合自身利益的對華政策。挑戰則在於，一個更加自主的歐洲同樣可能更積極爭取自身經濟和技術利益，在產業政策、貿易保護和技術監管領域採取更強硬立場。換句話說，戰略自主並不自動意味着一個更「親華」的歐洲，但它意味着「歐洲態度」在中歐關係中的重要性正在上升。

【延伸閲讀】

核電：中國悄然從旁觀者變身出口黑馬歐洲已為棄核付出慘痛代價

（點擊放大瀏覽）

然而，中歐關係是否一定會重演中美關係的發展軌跡？未必如此。

在此行對話中，讓人印象深刻的現象是，儘管許多歐洲學者對中國持有越來越強烈的擔憂，但他們依然會討論「共存」以及「合作」問題。無論是建立危機管理機制、推動投資合作、加強人工智能治理協調，還是在氣候變化、能源轉型、中東穩定和全球南方發展等領域尋找合作空間，許多與會者實際上都在探尋中歐之間的一種新共存方式。這與十年前美國戰略界逐漸形成的「競爭壓倒合作」共識存在明顯差異。

多數參與對話的人認為，中歐間存在共同利益，關鍵在於如何將利益轉化為具體行動。對此，中歐可以積極探索一些有現實意義的思路：

與其討論宏大的戰略願景，不如從具體項目入手，比如在發展中國家共同開展綠色能源和氣候適應項目；

與其聚焦最敏感議題，不如優先推進人工智能安全治理、糧食安全、公共衛生和人道主義援助等低政治敏感領域合作；

與其等到危機發生後再溝通，不如建立制度化的工作層交流機制和危機管理機制。

十年前，中美雙方對彼此戰略意圖的不信任感逐步加深，越來越多經濟問題被安全化，越來越多合作議題被政治化，最終導致競爭邏輯不斷泛化。今天，中歐關係尚未走到這一步，但某些跡象已經出現。比起爭論中歐是否已進入競爭時代，一個更值得思考的問題是如何使中歐避免重複中美關係軌跡。歐洲正在經歷自己的「中國辯論」，但尚未得出美國十年前得出的結論，這或許正是當前中歐關係最大的機會所在。

因此，真正的問題不在於中歐是否有分歧，而是雙方能否在跨過「臨界點」之前建立足夠的溝通機制並強化雙邊信任，將競爭控制在可管理的範圍內。如果做不到這一點，當前關於「中國衝擊」「經濟安全」和「體制性競爭」的討論，未來就可能固化為中歐間的戰略對抗邏輯。反之，中歐關係就仍有機會避免陷入所謂的戰略競爭，而這也正是今天討論「中歐關係是否來到臨界點」的意義所在。

【本文轉載自微信公眾號「中美聚焦」。】

本文內容反映原文作者的意見，並不代表《香港01》的立場。"
60360399,奚夢瑤世紀婚禮後急返港追星　帶保鑣免費睇騷盡顯豪門闊太生活,2026-06-15 19:00,2026-06-15 19:00,2026-06-15 19:30,即時娛樂,hk01,https://www.hk01.com/即時娛樂/60360399/奚夢瑤世紀婚禮後急返港追星-帶保鑣免費睇騷盡顯豪門闊太生活,現年37歲的內地超模奚夢瑤，2019年與已故賭王何鴻燊四房兒子何猷君結婚，婚後育有一子一女，生活幸福美滿。6月初，二人於法國補辦了一場備受矚目的,"現年37歲的內地超模奚夢瑤，2019年與已故賭王何鴻燊四房兒子何猷君結婚，婚後育有一子一女，生活幸福美滿。6月初，二人於法國補辦了一場備受矚目的「世紀婚禮」。正當外界以為這位豪門新抱仍沉醉於新婚喜悅之際，奚夢瑤已急不及待飛返香港，原因只有一個——追星。

零架子排隊安檢

6月13日晚是韓國天團EXO巡迴演唱會香港站的首場演出，奚夢瑤在保鑣陪同下低調現身。她以白色針織衫配黑色百褶短裙，手挽HERMES包包，一身「千金學院風」洋溢青春氣息。令人意外的是，她並未選擇VIP通道，而是手持實體門票，與普通粉絲一同排隊通過安檢入場，全程口罩遮面，舉止毫無架子。

坐粉絲旁邊親切互動

有坐在奚夢瑤旁邊的粉絲事後分享難忘經歷，透露奚夢瑤真人「神仙比例」且溫柔有禮，整場騷都跟著唱跳應援，甚至連新歌《Crazy》也懂得跟著喊。當被問到門票來源時，她更直言門票是自己找人購買，笑稱「搶票太難了」；她亦透露自己知道當晚有校服主題Dress Code，故特意挑選了百褶裙，連手上的應援棒都貼滿鑽石，看得出來超用心。

力證長情粉絲非三分鐘熱度

事實上，奚夢瑤的EXO老粉身份早有迹可尋，早在2017年她就曾高調發表「入坑宣言」。隨着她嫁入豪門、升格人母，外界一度以為她早已「脫坑」，但今次從法國返港即直奔演唱會現場，證明她對EXO的熱情9年來從未減退，獲網民一致大讚「好長情」！"
60360441,財經視角｜AI正將就業市場一分為二　金融分析師未被取代,2026-06-15 19:00,2026-06-15 19:00,2026-06-15 19:30,財經快訊,hk01,https://www.hk01.com/財經快訊/60360441/財經視角-ai正將就業市場一分為二-金融分析師未被取代,人工智能﹙AI﹚對職場之衝擊，市場有不同看法，而一項新研究表明，AI正以兩股相反力量拉動全球勞動市場：獎勵一些善用AI提升人類技能的企業，僅將A,"人工智能﹙AI﹚對職場之衝擊，市場有不同看法，而一項新研究表明，AI正以兩股相反力量拉動全球勞動市場：獎勵一些善用AI提升人類技能的企業，僅將AI用於削減成本的企業則進一步落於人後。

用AI增強人類技能的職位    成長速度最快

據《彭博》報道，根據普華永道(PricewaterhouseCoopers LLP)一項研究，2025年要求具備特定AI技能的職位，增長速度是整體就業市場的近八倍，該研究以放射科醫師與招募專員為例。這份名為《2026年AI就業晴雨表》的研究表明，這類職位的薪資增速也更大。

能利用AI增強人類技能的職位成長速度最快，例如創造力和判斷力，放射科醫生和招募人員便是實例。相較之下，那些因AI而使非專業人士更容易執行工作的職位，例如IT服務經理與醫療秘書，成長則明顯較慢。

普華永道全球首席AI官Joe Atkinson表示，

從AI獲得最大回報的企業，正在利用AI放大人類專業能力、加速創新，並創造全新的價值來源。

相較於主要聚焦自動化的企業，它們在生產力與成長方面正進一步拉開與前者的差距。

這份研究引用了涵蓋27個國家與地區、超過10億筆職缺資料，並結合勞動市場、財務及職業資訊，以追蹤AI如何重塑工作、技能、薪資與生產力。

AI應用程度越高     與員工人數成長加快關聯性越強

普華永道表示，受到AI影響的入門職位，正愈來愈需要過去通常被視為高級才才具備的人類能力，例如判斷力、同理心、倫理觀、創造力與領導力。自2019年以來，要求這些能力的職位增加35%；相較之下，不需此類能力的所謂「非高階化」(non-seniorised)入門職位則減少10%。

同時，普華永道最新的全球執行長調查發現，

49%的執行長預計，導入AI將在未來三年減少招聘初階人才，只有12%的受訪者認為，資深職位將受到同樣影響。

或許令人意外的是，普華永道發現，AI應用程度越高，與員工人數成長加快的關聯性越強，而非造成失業。AI應用程度最高的公司，員工人數較2018年水準成長了52%，應用程度最低的公司，員工人數僅成長了36%。

需要AI專業技能職位增加了69%

去年，需要AI專業技能的職位增加了69%，約為整體就業市場9%增速的八倍，例如機器學習和提示詞工程。這些職位的薪資溢價從前一年的57%擴大到62%。不同產業的薪資溢價之間差異明顯：消費市場行業高達118%，而政府及公共部門僅為16%。

放射科醫師、空中交通管制員和招募專員等專業職缺的成長速度，是IT服務經理、信貸專員和醫療秘書等職缺的兩倍，薪資成長速度也高出42%。

金融分析師的案例值得關注：這些人員不但沒有被取代，反而獲得了強大的AI工具，使其能夠進行更複雜的分析。研究表明，金融分析師的就業人數持續增加，隨著許多新的專業化職位出現，不少提供更高薪酬。"
60360530,韓國星巴克坦克日醜聞　下周閉店半天全員上歷史課　含集團會長,2026-06-15 19:00,2026-06-15 19:00,2026-06-15 19:30,即時國際,hk01,https://www.hk01.com/即時國際/60360530/韓國星巴克坦克日醜聞-下周閉店半天全員上歷史課-含集團會長,韓國新世界集團將就星巴克不當營銷事件，針對全體職員實施歷史教育與社會情感能力培訓，對象包括集團會長鄭溶鎮等高管。韓聯社報道，集團將於下星期,
60360491,網傳中國公民在菲律賓輕生、在商場被誤捕？中使館發通報回應,2026-06-15 19:00,2026-06-15 19:00,2026-06-15 19:30,即時國際,hk01,https://www.hk01.com/即時中國/60360491/網傳中國公民在菲律賓輕生-在商場被誤捕-中使館發通報回應,中國駐菲律賓大使館14日（周日）通報，針對近期社交媒體流傳的不具名中國公民反映在菲被羈押相關問題，中使館高度重視，第一時間派員赴菲執法部門,
60340451,西班牙世界盃2026｜足球排名+國家隊球員名單陣容+最新賽程,2026-06-15 18:58,2026-06-15 18:58,2026-06-15 19:30,即時體育,hk01,https://www.hk01.com/即時體育/60340451/西班牙世界盃2026-足球排名-國家隊球員名單陣容-最新賽程,世界盃2026｜西班牙足球隊第17次打入世界盃決賽周，以往最佳成績是2010年勇奪南非世界盃冠軍。西班牙現時世界排名第2位，今屆被編入H組，同組對手,
60360465,世界盃2026｜佐野海舟曾涉性侵　首戰正選踢足全場　自評表現糟糕,2026-06-15 18:56,2026-06-15 18:56,2026-06-15 19:30,即時體育,hk01,https://www.hk01.com/即時體育/60360465/世界盃2026-佐野海舟曾涉性侵-首戰正選踢足全場-自評表現糟糕,日本以2：2迫和荷蘭的首場世界盃分組賽，主帥森保一（Hajime Moriyasu）起用備受爭議的佐野海舟（Kaishu Sano）踢足90分鐘。這名效力德甲緬恩斯的,
60360572,特朗普稱不急於取出伊朗核材料　允許進行低水平鈾濃縮,2026-06-15 18:53,2026-06-15 18:54,2026-06-15 19:30,即時國際,hk01,https://www.hk01.com/即時國際/60360572/特朗普稱不急於取出伊朗核材料-允許進行低水平鈾濃縮,美國與伊朗和平談判達成協議，將於周五於瑞士簽訂諒解備忘錄。美國總統特朗普（Donald Trump）向《紐約時報》表示，美國將會與伊朗合作，逐步降低,
60360568,環球央行高息潮　港銀爆定存加息戰　港元1年期3.1厘全港最高,2026-06-15 18:52,2026-06-15 18:52,2026-06-15 19:30,財經快訊,hk01,https://www.hk01.com/投資理財/60360568/環球央行高息潮-港銀爆定存加息戰-港元1年期3-1厘全港最高,本周進入超級央行周，多國央行包括美國、日本、英國及澳洲將公佈議息決定，雖然中東戰局或有望緩和，但市場預期仍無礙央行加息或者保持高息政策，當,
999900,世界盃2026直播賽程時間表　6.16凌晨12點西班牙Vs佛得角,2026-06-15 18:50,2026-06-15 19:10,2026-06-15 19:30,即時體育,hk01,https://www.hk01.com/即時體育/999900/世界盃2026賽程-每日直播賽程-賽果-香港時間表-持續更新,世界盃2026由Now TV直播及Viu TV免費直播，本文詳列104場全賽程的直播時間表，方便球迷觀戰。世界盃2026年6月16日賽程，西班牙對佛得角將於凌晨12,
60360564,粵車南下｜擴展計劃未有經濟效益數據　議員促衡量消費力、留港日,2026-06-15 18:48,2026-06-15 18:48,2026-06-15 19:30,政情,hk01,https://www.hk01.com/政情/60360564/粵車南下-擴展計劃未有經濟效益數據-議員促衡量消費力-留港日,今年中「粵車南下」政策擴展至大灣區全部9個內地城市，即新增深圳、佛山、東莞、惠州和肇慶，並將每日預約名額增至200個。立法會交通事務委員會今,
60360489,金秀賢案再揭內幕　金賽綸關鍵錄音檔流出4版本　爆料者勒索公司,2026-06-15 18:45,2026-06-15 18:45,2026-06-15 19:30,即時娛樂,hk01,https://www.hk01.com/即時娛樂/60360489/金秀賢案再揭內幕-金賽綸關鍵錄音檔流出4版本-爆料者勒索公司,韓星金秀賢因捲入與已故女星金賽綸未成年交往爭議，形象掉到谷底，慘遭多家廣告商切割、求償，原定上檔的新劇《山寨人生》更面臨無限期延檔，如今案,
60360566,九龍塘滶蘊首錄撻訂！四房買家逾4823萬入市　棄購輸逾241萬訂金,2026-06-15 18:42,2026-06-15 18:42,2026-06-15 19:30,地產樓市,hk01,https://www.hk01.com/地產樓市/60360566/九龍塘滶蘊首錄撻訂-四房買家逾4823萬入市-棄購輸逾241萬訂金,"新世界（0017）旗下九龍塘超級豪宅「滶蘊」 錄首宗撻訂個案，涉及一伙樓價4,823.8萬元的四房戶，買家於5日後棄購，料輸逾241萬元訂金，暫未見發展",
60360519,瑞士日內瓦約2萬人示威反G7峰會　警施放催淚彈及水炮驅散,2026-06-15 18:37,2026-06-15 18:39,2026-06-15 19:30,即時國際,hk01,https://www.hk01.com/即時國際/60360519/瑞士日內瓦約2萬人示威反g7峰會-警施放催淚彈及水炮驅散,七國集團（G7）峰會將於15至17日在法國埃維昂萊班（Évian-les-Bains）舉行，約2萬人在鄰國瑞士首都日內瓦舉行抗議活動，惟示威隨後演變成警民衝突,
60360498,會地古洞新盤分兩期涉781伙　短期命名7月推售　設古洞北展館軟銷,2026-06-15 18:32,2026-06-15 18:34,2026-06-15 19:30,地產樓市,hk01,https://www.hk01.com/地產樓市/60360498/會地古洞新盤分兩期涉781伙-短期命名7月推售-設古洞北展館軟銷,政府加速發展北都，古洞首個新盤快將登場。會德豐地產旗下古洞新盤項目將分兩期發展，合共提供781伙，料於短期內命名，最快7至8月推售，料可吸引小,
60360281,放工累癱不想開火煮飯？網推煮泡麵神技：麵條更Q彈還可免洗餐具,2026-06-15 18:30,2026-06-15 18:30,2026-06-15 19:30,熱爆話題,hk01,https://www.hk01.com/熱爆話題/60360281/放工累癱不想開火煮飯-網推煮泡麵神技-麵條更q彈還可免洗餐具,每當結束疲憊的一天回到家，許多上班族常累到連開火煮飯的力氣都沒有。近日，一名女網友分享一招「不用開火」的懶人烹飪神技，只要將泡麵、生肉片、,
60360315,孫慧雪狂做運動美胸宣傳照曝光　黑紅雙料低胸造型極養眼吸睛,2026-06-15 18:30,2026-06-15 18:30,2026-06-15 19:30,即時娛樂,hk01,https://www.hk01.com/即時娛樂/60360315/孫慧雪狂做運動美胸宣傳照曝光-黑紅雙料低胸造型極養眼吸睛,早前因嚴重過敏不適而令人擔憂的藝人孫慧雪，近日已經光速回復最佳狀態。日前，她於社交平台上載了一輯全新造型照。原來，孫慧雪已經寫下連續 8年,
60360555,有片｜大埔公路的士逆線險撞私家車　68歲司機被捕控危駕月底提堂,2026-06-15 18:23,2026-06-15 18:49,2026-06-15 19:30,突發,hk01,https://www.hk01.com/突發/60360555/有片-大埔公路的士逆線險撞私家車-68歲司機被捕控危駕月底提堂,上周五（12日）深夜，大埔公路沙田段有的士逆線行駛，險象環生。有私家車車CAM拍得事發一刻，當時私家車沿吐露港公路出沙田，駛至大埔公路沙田段馬,
60360562,有片｜好大煙！天津飛廣東航班有尿袋冒煙　空姐大喊：低頭別緊張,2026-06-15 18:20,2026-06-15 19:11,2026-06-15 19:30,熱爆話題,hk01,https://www.hk01.com/大國小事/60360562/有片-好大煙-天津飛廣東航班有尿袋冒煙-空姐大喊-低頭別緊張,15日（周一），天津航空由天津飛往廣東揭陽的GS7829航班在飛行過程中，有充電寶（尿袋）在客艙冒煙，網傳影片所見機艙內煙霧瀰漫，機艙服務員和乘,
60360561,彭博：小紅書計劃月底前秘密提交港IPO申請｜新股IPO,2026-06-15 18:19,2026-06-15 18:21,2026-06-15 19:30,財經快訊,hk01,https://www.hk01.com/財經快訊/60360561/彭博-小紅書計劃月底前秘密提交港ipo申請-新股ipo,據彭博報道，小紅書計劃在本月底前秘密提交香港首次公開募股（IPO）申請。知情人士稱，小紅書正與顧問機構合作推進相關準備工作。資料顯示，小紅書,
60318950,香港VPN推薦2026附優惠碼｜Proton/Surfshark/NordVPN/F-Secure,2026-06-15 18:19,2026-06-15 18:29,2026-06-15 19:30,好生活,hk01,https://www.hk01.com/數碼生活/60318950/香港vpn推薦2026附優惠碼-proton-surfshark-nordvpn-f-secure,VPN推薦2026｜在香港，無論是為了保護網絡私隱、觀看海外串流平台，還是提升網絡安全，VPN 已成為不少人的必備工具。本文將分析三款主流 VPN——Pr,
60360336,Ariana Grande傳與《魔法壞女巫》Ethan Slater情變　爆分手內幕,2026-06-15 18:15,2026-06-15 18:15,2026-06-15 19:30,即時娛樂,hk01,https://www.hk01.com/即時娛樂/60360336/ariana-grande傳與-魔法壞女巫-ethan-slater情變-爆分手內幕,美國小天后亞莉安娜（Ariana Grande）因演出《魔法壞女巫》（Wicked）與演員伊桑斯萊特（Ethan Slater）擦出愛火，不過日前傳出2人已於數月前悄悄,
60360546,53歲婦銅鑼灣戲院內暈倒　昏迷送院搶救,2026-06-15 18:14,2026-06-15 18:14,2026-06-15 19:30,突發,hk01,https://www.hk01.com/突發/60360546/53歲婦銅鑼灣戲院內暈倒-昏迷送院搶救,銅鑼灣有人暈倒。今日（15日）下午接近4時，警方接獲報案，指百德新街22至36號影藝戲院銅鑼灣JP內，有一名女子暈倒，不省人事。救援人員接報到場，,
60360509,有片｜青衣Silvia跑車迴旋處表演飄移炫技　25歲男司機涉危駕被捕,2026-06-15 18:12,2026-06-15 19:00,2026-06-15 19:30,突發,hk01,https://www.hk01.com/突發/60360509/有片-青衣silvia跑車迴旋處表演飄移炫技-25歲男司機涉危駕被捕,警方今日（15日）表示，留意到網上流傳一段短片，片段顯示一輛私家車在青衣青尚路迴旋處，多次懷疑作出危險駕駛行為，罔顧其他道路使用者的安全。,
60360380,北上交通優惠｜618直通巴¥18上廣州！珠海巴士票買1送1/高鐵減$25,2026-06-15 18:09,2026-06-15 18:09,2026-06-15 19:30,好生活,hk01,https://www.hk01.com/旅遊/60360380/北上交通優惠-618直通巴-18上廣州-珠海巴士票買1送1-高鐵減-25,北上交通優惠｜618北上過境優惠｜來到6月！各平台都推出各式各樣的618優惠，當中北上港人最受惠的就是交通優惠！無論是中港直通巴士還是港鐵都有特,
60360471,Des Bishop棟篤笑2026香港｜門票優先/公售攻略+購票連結+座位表,2026-06-15 18:03,2026-06-15 18:38,2026-06-15 19:30,眾樂迷,hk01,https://www.hk01.com/眾樂迷/60360471/des-bishop棟篤笑2026香港-門票優先-公售攻略-購票連結-座位表,Des Bishop香港棟篤笑將於2026年10月31日(星期六)在TIDES舉行，會在藝人官網優先開賣門票，並會在Ticketflap開始公開發售，即刻看內文了解如何搶飛,
60360411,狄志遠｜香港家庭危機的結構性死結是什麼？,2026-06-15 18:00,2026-06-15 18:00,2026-06-15 19:30,社會新聞,hk01,https://www.hk01.com/01專欄/60360411/狄志遠-香港家庭危機的結構性死結是什麼,狄志遠專欄6月10日，太古城廬山閣一對母女在同一天先後墮樓離世。48歲的母親早上身亡，12歲的女兒目睹一切，送院評估並隨父返家後，她也選擇了同一,
60360403,來稿｜當「真愛」越界之後——患者私隱應靠制度守護,2026-06-15 18:00,2026-06-15 18:05,2026-06-15 19:30,社會新聞,hk01,https://www.hk01.com/01論壇/60360403/來稿-當-真愛-越界之後-患者私隱應靠制度守護,來稿作者：徐小龍博士賴泳恩律師在「01論壇」以《公院病房成了「拍拖聖地」 醫療專業操守不敵「真愛」？》為題，將公眾視線聚焦在病房秩序、專業操,
60360189,世界盃2026｜新西蘭後衛IG粉絲四千驟變五百萬　零舉動卻一夜成名,2026-06-15 18:00,2026-06-15 18:00,2026-06-15 19:30,熱爆話題,hk01,https://www.hk01.com/即時體育/60360189/世界盃2026-新西蘭後衛ig粉絲四千驟變五百萬-零舉動卻一夜成名,誰是添派尼（Tim Payne）？他是新西蘭球員。你不認識他，是正常的，因為他真的毫不特別。正正因為沒有人認識他，因而被阿根廷足球KOL Valen Scarsi,
60360337,古佩玲粉紅泡泡裙背後大釋放　下唇驚見變豐滿再度陷入進化疑雲,2026-06-15 18:00,2026-06-15 18:00,2026-06-15 19:30,即時娛樂,hk01,https://www.hk01.com/即時娛樂/60360337/古佩玲粉紅泡泡裙背後大釋放-下唇驚見變豐滿再度陷入進化疑雲,現年26歲的古佩玲（Kelly），2019年奪得港姐季軍後入行，憑無綫（TVB）處境劇《愛·回家之開心速遞》中神婆「申瑞素」一角成功入屋。惟自出道以來，,
60360483,世界盃2026︱瑞典新星梅開二度為何不慶祝？　對手突尼西亞是同鄉,2026-06-15 18:00,2026-06-15 18:02,2026-06-15 19:30,即時體育,hk01,https://www.hk01.com/即時體育/60360483/世界盃2026-瑞典新星梅開二度為何不慶祝-對手突尼西亞是同鄉,2026世界盃F組賽事，瑞典清風送爽5：1大勝突尼西亞，梅開二度的22歲新星耶辛艾耶利（Yasin Ayari）表現搶眼，而他入球後拒絕慶祝的畫面，亦成為是,
60360478,台灣混血正妹勇闖Netflix真人騷　荒野求生「徒手抓魚」驚艷網友,2026-06-15 18:00,2026-06-15 18:00,2026-06-15 19:30,台灣新聞,hk01,https://www.hk01.com/台灣新聞/60360478/台灣混血正妹勇闖netflix真人騷-荒野求生-徒手抓魚-驚艷網友,來自台灣澎湖的混血女孩莊麗雅（Leiya Pillitteri）近期參加美國Netflix高人氣生存實境節目《終極生還組》（Outlast The Jungle），在巴拿馬的荒野,
60360531,詐騙｜積金局：有假冒網站騙身份證等個人資料　已報警籲提高警覺,2026-06-15 17:54,2026-06-15 17:55,2026-06-15 19:30,社會新聞,hk01,https://www.hk01.com/社會新聞/60360531/詐騙-積金局-有假冒網站騙身份證等個人資料-已報警籲提高警覺,積金局今（15日）表示，近日發現多個假冒積金局網站，訛稱強積金計劃行政工作已轉移至該些網站，以簡體字要求用家上傳身份證，藉以騙取市民個人資,
60360510,陳粒8月紅館開騷！頭場45分鐘秒殺即加場　播放量破50億齊名王菲,2026-06-15 17:53,2026-06-15 17:53,2026-06-15 19:30,即時娛樂,hk01,https://www.hk01.com/眾樂迷/60360510/陳粒8月紅館開騷-頭場45分鐘秒殺即加場-播放量破50億齊名王菲,被樂評人譽為「民謠界爆曲製造機」、Apple Music形容為「華語樂壇一朵野生花」嘅內地唱作女神陳粒，正式宣布將於2026年8月8日首次登上紅磡香港體育,
60360532,3個軍營未來兩周末開放　2.5萬門票明早WeChat可領　即睇搶飛教學,2026-06-15 17:52,2026-06-15 17:57,2026-06-15 19:30,社會新聞,hk01,https://www.hk01.com/社會新聞/60360532/3個軍營未來兩周末開放-2-5萬門票明早wechat可領-即睇搶飛教學,七一臨近，為慶祝香港回歸29周年，解放軍駐港部隊未來兩個周末，會分別開放昂船洲、石崗、新圍軍營，供港人參觀。開放活動內容包括軍事課目和裝備,
60360534,西環兩男賊闖地舖髮廊　毆職員搶值$5000金頸鏈　疑赴深水埗變賣,2026-06-15 17:50,2026-06-15 19:27,2026-06-15 19:30,突發,hk01,https://www.hk01.com/突發/60360534/西環兩男賊闖地舖髮廊-毆職員搶值-5000金頸鏈-疑赴深水埗變賣,西環發生搶劫案。今日（15日）下午4時20分，警方接獲西祥街2號一間地舖髮廊的男職員報案，稱有兩名男子佯裝顧客入座等候，其中一人突然推倒並拳打,
60360462,4千餐飲空缺12港人肯做　勞工處料因技術不符：請外勞可交流經驗,2026-06-15 17:50,2026-06-15 17:50,2026-06-15 19:30,社會新聞,hk01,https://www.hk01.com/社會新聞/60360462/4千餐飲空缺12港人肯做-勞工處料因技術不符-請外勞可交流經驗,勞工處完成檢討「補充勞工優化計劃」，明日起實施兩級審批制度，第二級本地與外地人手比例改為「3：1」，本地招聘期延長至6星期，涵蓋餐飲業出品部,
60360508,新旅遊事務專員與羅淑佩「再續前緣」　曾同部門處理自由行水貨客,2026-06-15 17:50,2026-06-15 17:50,2026-06-15 19:30,政情,hk01,https://www.hk01.com/政情/60360508/新旅遊事務專員與羅淑佩-再續前緣-曾同部門處理自由行水貨客,政務官音樂椅再轉動，旅遊事務專員將由財經事務及庫務局副秘書長（庫務）陳慧欣升任，與文化體育及旅遊局局長羅淑佩合作。翻查資料，兩人今次是「再,
60360499,自然系女子旅行丨林映暉34D震撼極限解放　梁超怡曬三點式大反擊,2026-06-15 17:45,2026-06-15 17:45,2026-06-15 19:30,即時娛樂,hk01,https://www.hk01.com/即時娛樂/60360499/自然系女子旅行-林映暉34d震撼極限解放-梁超怡曬三點式大反擊,新一輯王牌旅遊節目《自然系女子旅行》來到第三輯，林映暉（暉哥）今次第三度擔任主持，她會聯同梁超怡（Joey）、葉靖儀（Michelle）及黃瀅仴（Ver,
60360043,最新天氣｜黃雨生效　天文台：是否需發出紅雨警告視乎雷雨區發展,2026-06-15 17:45,2026-06-15 18:59,2026-06-15 19:30,社會新聞,hk01,https://www.hk01.com/天氣/60360043/最新天氣-黃雨生效-天文台-是否需發出紅雨警告視乎雷雨區發展,【天文台／HKO／暴雨警告／暴雨／水浸】天文台今早（15日）早上11時10分發出黃色暴雨警告信號，又多次發出特別天氣提示，預料強陣風至猛烈陣風吹襲,
60360222,海洋公園女童身高差0.1cm被拒玩海盜船！父母狂罵職員　結局曝光,2026-06-15 17:42,2026-06-15 18:46,2026-06-15 19:30,突發,hk01,https://www.hk01.com/熱爆話題/60360222/海洋公園女童身高差0-1cm被拒玩海盜船-父母狂罵職員-結局曝光,【海洋公園／海盜船】到海洋公園遊玩，必須遵循安全守則。本港社交平台Threads流傳影片，指有一家三口到海洋公園玩海盜船，但因為女兒身高相差0.1,
60360528,日股收漲近5%創歷史新高　年內累漲37.7%,2026-06-15 17:38,2026-06-15 17:38,2026-06-15 19:30,財經快訊,hk01,https://www.hk01.com/財經快訊/60360528/日股收漲近5-創歷史新高-年內累漲37-7,日經225指數盤中一度漲5.55%報69682.23點，創歷史新高；最終收漲4.99%，報69317.50點，創歷史新高，年內累漲37.7%。焦點個股方面，鎧俠收漲近12%，,
60360507,中國債務突破100萬億元人民幣　五年內翻倍,2026-06-15 17:38,2026-06-15 17:39,2026-06-15 19:30,即時中國,hk01,https://www.hk01.com/即時中國/60360507/中國債務突破100萬億元人民幣-五年內翻倍,據《第一財經》報道，央行星期五（6月12日）發布的數據顯示，5月底的政府債券餘額同比增長15.1%至100.6萬億元，中國政府債務餘額首次突破100萬億元,
60360494,伊朗傳媒披露諒解備忘錄14點內容　涵蓋黎巴嫩停火及解凍資金,2026-06-15 17:35,2026-06-15 17:35,2026-06-15 19:30,即時國際,hk01,https://www.hk01.com/即時國際/60360494/伊朗傳媒披露諒解備忘錄14點內容-涵蓋黎巴嫩停火及解凍資金,據伊朗媒體6月13日報道，一名與伊朗談判團體有關的消息人士透露了美伊14點諒解備忘錄的細節，包括在黎巴嫩戰線實施即時永久性停火，以及在為期60天,
60360418,輸入外勞收緊｜飲食業憂中菜館續請人難　否認因僱主「出手低」,2026-06-15 17:33,2026-06-15 17:33,2026-06-15 19:30,社會新聞,hk01,https://www.hk01.com/社會新聞/60360418/輸入外勞收緊-飲食業憂中菜館續請人難-否認因僱主-出手低,勞工處完成檢討「補充勞工優化計劃」，明日（16日）起實施多項優化措施，改兩級審批制度，第一級的職位沿用現時規定，第二級審批機制人手比例改為,
60360467,《夢想中華人物誌》｜通往中華文化的窗口——饒宗頤,2026-06-15 17:31,2026-06-15 17:31,2026-06-15 19:30,藝文,hk01,https://www.hk01.com/藝文/60360467/夢想中華人物誌-通往中華文化的窗口-饒宗頤,提起饒宗頤教授，年輕一輩最先聯想到的，或許是荔枝角山坡上古色古香的饒宗頤文化館，又或是大嶼山宏偉的「心經簡林」。這位與香港文化地標息息相關,
60360364,世盃全城起動｜卡尼領三獅兵團開勝門,2026-06-15 17:30,2026-06-15 17:30,2026-06-15 19:30,即時體育,hk01,https://www.hk01.com/即時體育/60360364/世盃全城起動-卡尼領三獅兵團開勝門,球迷寵兒英格蘭今日登場，於世盃L組硬撼上屆季軍克羅地亞。上屆神射手哈利卡尼，今季表現神勇，有望射破老化嚴重的格仔兵團。（球賽編號：FB0022，,
60358874,夏日香水推薦｜編輯分享夏季最愛香調＋必備特質：營造最貼膚香氣,2026-06-15 17:30,2026-06-15 17:30,2026-06-15 19:30,美容手帳,hk01,https://www.hk01.com/美容手帳/60358874/夏日香水推薦-編輯分享夏季最愛香調-必備特質-營造最貼膚香氣,【夏日香水2026】為了應對炎熱天氣，大家都出盡方法，而香氣也是其中之一。選擇清新輕盈或者充滿活力的香氣，可以讓人心情𣊬間舒暢，但香水要選得,
60360469,劉浩龍8月麥花臣開全新個唱　七彩小怪獸海報曝光揭曉神秘身世,2026-06-15 17:30,2026-06-15 17:30,2026-06-15 19:30,即時娛樂,hk01,https://www.hk01.com/眾樂迷/60360469/劉浩龍8月麥花臣開全新個唱-七彩小怪獸海報曝光揭曉神秘身世,師兄劉浩龍即將於2026年8月1日(星期六)，在麥花臣場館舉行全新個人演唱會《UNITED IN HEARTS 劉浩龍2026演唱會》，這是劉浩龍經歷近一年半時間沉澱,
60360518,香港五年規劃｜李家超：三方面令社會受惠　推動高質發展共享紅利,2026-06-15 17:27,2026-06-15 17:27,2026-06-15 19:30,政情,hk01,https://www.hk01.com/政情/60360518/香港五年規劃-李家超-三方面令社會受惠-推動高質發展共享紅利,特區政府今日（6月15日）發表公眾諮詢文件，就香港五年規劃展開為期兩個月的公眾諮詢。行政長官李家超指出，五年規劃將在三個方面讓香港市民和社會,
60360513,美聯集團料中期盈利顯著增長　創20年新高,2026-06-15 17:23,2026-06-15 17:24,2026-06-15 19:30,社會新聞,hk01,https://www.hk01.com/財經快訊/60360513/美聯集團料中期盈利顯著增長-創20年新高,美聯集團(1200)盈喜，預期截至今年6月底止中期股東應佔盈利將錄得顯著的增長，並預期創中期業績20年新高。集團今年首5個月錄得除稅前溢利約3億元，,
60360511,5月446萬旅客訪港　按年上升9%　油價上升等拖累短途市場旅客減6%,2026-06-15 17:21,2026-06-15 17:21,2026-06-15 19:30,社會新聞,hk01,https://www.hk01.com/社會新聞/60360511/5月446萬旅客訪港-按年上升9-油價上升等拖累短途市場旅客減6,"旅遊發展局今日（15日）公佈5月初步訪港旅客人次為約446萬，較去年同期上升9%。其中內地旅客3,485,728人次，按年上升12%；非內地旅客佔979,112人次",
60360228,胡子貝、柯雨霏難掩激動擔任修哥嘉賓：佢會take care台上所有人,2026-06-15 17:15,2026-06-15 17:15,2026-06-15 19:30,即時娛樂,hk01,https://www.hk01.com/即時娛樂/60360228/胡子貝-柯雨霏難掩激動擔任修哥嘉賓-佢會take-care台上所有人,歌手胡子貝及柯雨霏昨日（14日）與馮熙燮合體出席活動，一出場就吸引到大批粉絲支持！胡子貝及柯雨霏接受《香港01》訪問時，率先大派福利，柯雨霏,
60360126,尖沙咀食店$98龍蝦海鮮飯貨不對辦！食客:像廚餘　補償方案被鬧爆,2026-06-15 17:07,2026-06-15 18:23,2026-06-15 19:30,熱爆話題,hk01,https://www.hk01.com/熱爆話題/60360126/尖沙咀食店-98龍蝦海鮮飯貨不對辦-食客-像廚餘-補償方案被鬧爆,雖說宣傳圖片只供參考，但也相差太遠了吧！尖沙咀太興廣場妹姐潮鍋鮮近日宣傳98元1份的「龍蝦海鮮蒸籠車仔飯」引起爭議，因為宣傳影片中，「龍蝦海,
60360504,挪威王儲繼子強姦及家暴罪成　判囚4年,2026-06-15 17:05,2026-06-15 18:28,2026-06-15 19:30,即時國際,hk01,https://www.hk01.com/即時國際/60360504/挪威王儲繼子強姦及家暴罪成-判囚4年,挪威王儲繼子荷伊比（Marius Borg Hoiby）周一（15日）被奧斯陸法院裁定強姦及家暴罪名成立，判監4年。荷伊比另外兩項強姦指控被駁回，但其他多項,
60360492,食環署正、副署長皆換人　林鄭前「近臣」姚繼卓升任駐京辦主任,2026-06-15 17:03,2026-06-15 19:27,2026-06-15 19:30,政情,hk01,https://www.hk01.com/政情/60360492/食環署正-副署長皆換人-林鄭前-近臣-姚繼卓升任駐京辦主任,首次公開招聘的食環署署長，首次由非首長級公務員的前副警務處長袁旭健出任，原署長吳文傑去向未知。屬D3級的副署長亦換人，姚繼卓將於本月底升職D,
60352503,飲食陷阱｜醫生揭4種假健康食物！蜂蜜吃錯血糖飆升1種恐致脂肪肝,2026-06-15 17:02,2026-06-15 17:02,2026-06-15 19:30,好生活,hk01,https://www.hk01.com/教煮/60352503/飲食陷阱-醫生揭4種假健康食物-蜂蜜吃錯血糖飆升1種恐致脂肪肝,現代人注重養生，為了身體健康，願意花錢買較好的食材，但台灣復健科醫師王竣平提醒，蜂蜜、山葵、起司粉（芝士粉）、香草，有可能是「假的健康食品,
60360503,日潮界震撼彈！NIGO的HUMAN MADE母企宣佈收購UNDERCOVER高橋盾,2026-06-15 17:01,2026-06-15 17:01,2026-06-15 19:30,一物,hk01,https://www.hk01.com/一物/60360503/日潮界震撼彈-nigo的human-made母企宣佈收購undercover高橋盾,裏原宿大地震！NIGO的Human Made母公司剛宣佈，將全面收購高橋盾UNDERCOVER的股份！HUMAN MADE母企發表的官方聲明指，宣佈已與高橋盾（Jun Takahas,
60360352,西班牙對佛得角2026世界盃｜直播賽程+香港時間+國家足球隊球員,2026-06-15 17:00,2026-06-15 17:07,2026-06-15 19:30,即時體育,hk01,https://www.hk01.com/即時體育/60360352/西班牙對佛得角2026世界盃-直播賽程-香港時間-國家足球隊球員,世界盃2026，西班牙對佛得角於6月16日香港時間凌晨12時，於Atlanta Stadium舉行，Now618/616直播播放。西班牙對佛得角直播邊度睇？平台：NOW 618/6,
60358932,公務員加薪｜當「鐵飯碗」被貶損為「膠飯碗」......,2026-06-15 17:00,2026-06-15 17:53,2026-06-15 19:30,社會新聞,hk01,https://www.hk01.com/01觀點/60358932/公務員加薪-當-鐵飯碗-被貶損為-膠飯碗,行政長官會同行政會議建議公務員今年劃一加薪2%。在財赤連年、私人市場裁員減薪不絕的當下，這無疑是特區政府努力平衡「市民觀感」和「公僕士氣」,
60359576,揚言自得｜「五所百強」——遺害了香港院校,2026-06-15 17:00,2026-06-15 17:02,2026-06-15 19:30,社會新聞,hk01,https://www.hk01.com/01專欄/60359576/揚言自得-五所百強-遺害了香港院校,揚言自得｜楊志剛專欄「香港作為一個城市，有五所世界百強大學，是全球唯一」。特區政府這句官方宣傳口號，悅耳動聽，使人印象深刻，卻遺害深遠。特,
60360476,吳幸美閃婚後首個生日　與老公十指緊扣食日本菜慶祝：滿滿的愛,2026-06-15 17:00,2026-06-15 17:16,2026-06-15 19:30,即時娛樂,hk01,https://www.hk01.com/即時娛樂/60360476/吳幸美閃婚後首個生日-與老公十指緊扣食日本菜慶祝-滿滿的愛,「東張女神」吳幸美於今年3月無預警宣布與圈外老公Sammy步入禮堂，低調又溫馨的婚禮獲得全網祝福。今日（15日）迎來她婚後的首個生日，不過一向是,
60360458,聲秀顏值擔當甄敏芳泰國大解放曬火辣三點式　樂壇好老公不禁留言,2026-06-15 17:00,2026-06-15 17:00,2026-06-15 19:30,即時娛樂,hk01,https://www.hk01.com/即時娛樂/60360458/聲秀顏值擔當甄敏芳泰國大解放曬火辣三點式-樂壇好老公不禁留言,無綫歌唱選秀節目《聲秀》出身、現年23歲的甄敏芳（Jenny），憑著甜美外貌與溫柔內斂的文青氣質，在比賽期間已被封「顏值擔當」。平時說話陰聲細氣,
60360447,美伊議協未公布　以色列國內已炸鍋：糟糕的協議,2026-06-15 17:00,2026-06-15 17:00,2026-06-15 19:30,即時國際,hk01,https://www.hk01.com/即時國際/60360447/美伊議協未公布-以色列國內已炸鍋-糟糕的協議,"美國總統特朗普（Donald Trump, 又譯川普）6月14日在社交媒體發文稱，美國和伊朗已經達成協議，將開放霍爾木茲海峽。伊朗方面15日凌晨也確認伊美停",
60360282,小紅書網民質疑香港人愛假裝富家女　1奇怪穿搭太虛榮 反被轟膚淺,2026-06-15 17:00,2026-06-15 17:00,2026-06-15 19:30,好生活,hk01,https://www.hk01.com/開罐/60360282/小紅書網民質疑香港人愛假裝富家女-1奇怪穿搭太虛榮-反被轟膚淺,走在香港街頭，隨處可見百元Uniqlo平價上衣，配一個幾萬元的名牌手袋的穿搭，但近日有網民在社交平台發文，指不少香港人日常偏愛著平價衫，但身上,
60360429,特朗普將登場G7峰會　美媒：美歐盟友關係承壓,2026-06-15 17:00,2026-06-15 17:00,2026-06-15 19:30,即時國際,hk01,https://www.hk01.com/即時國際/60360429/特朗普將登場g7峰會-美媒-美歐盟友關係承壓,七國集團（G7）峰會在將於6月15日至17日在法國埃維昂萊班（Évian-les-Bains）登場。在伊朗戰爭、俄烏衝突、格陵蘭爭議、美國與北約關係僵化等背景,
60360502,九巴排車員撞斃車長　事隔約3小時後才發現　否認危駕開審,2026-06-15 16:59,2026-06-15 18:31,2026-06-15 19:30,社會新聞,hk01,https://www.hk01.com/社會新聞/60360502/九巴排車員撞斃車長-事隔約3小時後才發現-否認危駕開審,九巴排車員在九龍灣車廠涉撞斃一名取車的車長，排車員疑未察覺撞到人，事主事隔約3小時始被發現。肇事車長被控危險駕駛導致他人死亡罪，他否認控罪,
60358547,牛奶冰室機場T2店開幕！24小時/限定手信5亮點/必試夠薑叉燒炒飯,2026-06-15 16:55,2026-06-15 19:30,2026-06-15 19:30,食玩買,hk01,https://www.hk01.com/食玩買/60358547/牛奶冰室機場t2店開幕-24小時-限定手信5亮點-必試夠薑叉燒炒飯,牛奶冰室已進駐機場全新T2客運大樓了！以後來自不同國家、不同地區的旅客都可以隨時享受到正宗的港式茶餐廳風味。除了地道的茶記美食，機場T2店還,
60360477,警東九龍喬裝乘客捉白牌車　拘兩司機扣查Tesla及Kia私家車,2026-06-15 16:53,2026-06-15 16:53,2026-06-15 19:30,突發,hk01,https://www.hk01.com/突發/60360477/警東九龍喬裝乘客捉白牌車-拘兩司機扣查tesla及kia私家車,警方東九龍總區交通部執行及管制組人員今日（15日）上午在區內打擊「白牌車」，派員喬裝乘客，分別在將軍澳及觀塘區，截獲兩輛懷疑涉及非法載客取,
60360443,有片｜黃雨下多區塌樹　男子擔遮遭強風「吹反」　網：好似打風咁,2026-06-15 16:39,2026-06-15 17:58,2026-06-15 19:30,突發,hk01,https://www.hk01.com/突發/60360443/有片-黃雨下多區塌樹-男子擔遮遭強風-吹反-網-好似打風咁,天文台今早（15日）發出黃色暴雨警告信號，並預料有強陣風至猛烈陣風吹襲香港。其中，流浮山在中午12時50分錄得每小時約90公里的猛烈陣風。從網上,
