title,date,url,source,section,scrape_time,news_content
Emily Online｜受父啟發成民航處高級電子工程師　盼成航空交通及兒子「最堅實後盾」,2026-06-20 16:03,https://news.mingpao.com/ins/%e6%b8%af%e8%81%9e/article/20260620/s00001/1781942471276/emily-online-%e5%8f%97%e7%88%b6%e5%95%9f%e7%99%bc%e6%88%90%e6%b0%91%e8%88%aa%e8%99%95%e9%ab%98%e7%b4%9a%e9%9b%bb%e5%ad%90%e5%b7%a5%e7%a8%8b%e5%b8%ab-%e7%9b%bc%e6%88%90%e8%88%aa%e7%a9%ba%e4%ba%a4%e9%80%9a%e5%8f%8a%e5%85%92%e5%ad%90%e3%80%8c%e6%9c%80%e5%a0%85%e5%af%a6%e5%be%8c%e7%9b%be%e3%80%8d,mingpao,港聞,2026-06-20 16:15,"父親節將至，任職民航處高級電子工程師嘅Michael話，佢爸爸曾為民航處提供前線技術支援同埋維修保養服務，自己從事航空交通管制相關工作，亦好大程度係受爸爸啟發，甚至成為佢日後為民航處自主研發嘅「綜合空管資訊顯示系統」提供基礎。育有一子嘅佢認為，民航處電子工程師要「頂着壓力」，確保系統全天候持續運作，保障航空安全，成為航空交通「最堅實嘅後盾」，同父親角色一樣，要廿四小時隨時候命，無論有多幾辛苦，都要成為子女「最可靠和堅實嘅後盾」。

公務員事務局今（20日）喺facebook上載短片，Michael提到，爸爸昔日任職私人機構，專責雷達系統及空管系統嘅維修保養，屬民航處上一代空管系統。喺大學修讀計算機工程嘅Michael話，課餘時間參考爸爸分享，嘗試開發與空管相關嘅軟件，成為佢日後為民航處自主研發嘅「綜合空管資訊顯示系統」雛形，協助空管人員及管理層處理空管工作。佢話由爸爸那個年代開發嘅「雷達數據顯示系統」，到這個年代「綜合空管資訊顯示系統」，已為民航處服務近三十載。

短片中，Michael連同爸爸及兒子參觀民航處嘅「航空教育徑」。兒子Hugo今年剛滿3歲，Michael話兒子未明電子工程師嘅工作，但對飛機特別敏感，舉例晚上回家經過海旁看到天上一閃一閃嘅東西飛過，都會大叫「飛機、飛機」。Michael又會帶同仔仔，一家三口乘坐短途機，畀兒子體驗乘坐飛機嘅滋味，期望佢長大後明白電子工程師嘅工作範疇，及對於航空安全嘅重要性。"
特朗普展示新「空軍一號」　涉違憲收禮惹議,2026-06-20 16:00,https://news.mingpao.com/ins/%e5%9c%8b%e9%9a%9b/article/20260620/s00005/1781941924611/%e7%89%b9%e6%9c%97%e6%99%ae%e5%b1%95%e7%a4%ba%e6%96%b0%e3%80%8c%e7%a9%ba%e8%bb%8d%e4%b8%80%e8%99%9f%e3%80%8d-%e6%b6%89%e9%81%95%e6%86%b2%e6%94%b6%e7%a6%ae%e6%83%b9%e8%ad%b0,mingpao,國際,2026-06-20 16:15,"美國總統特朗普周五（19日）在馬里蘭州安德魯斯聯合基地一個飛機棚，展示用以汰換現役「空軍一號」、價值高達4億美元（約31.2億港元）的豪華新專機。他讚揚送禮的卡塔爾「友善大方」，並形容該機為奢華程度前所未見的「飛行白宮」，稱完成改裝所用的材質和引擎等俱屬最優質。他還表示，該機有望參與今年7月4日慶祝建國250周年的空中匯演。

新專機外觀採用深藍色機腹，配以紅色條紋及白色機身；機艙內則配有皮革座椅、厚實華貴地氈及木質內飾鑲板，牆身採用黃褐色與淺棕色搭配，並以金黃色調點綴。

該架波音747客機由卡塔爾於去年餽贈，曾引起美國國內輿論對道德、憲政及國安等方面的擔憂和爭議。按照聯邦政府規定，官員收受外國禮物的上限僅為50美元，因此收受這架價值4億美元的飛機，涉嫌違反美國憲法中禁止官員未經國會同意收受外國利益的「外國薪酬條款」，但特朗普回應時則直言拒絕是「愚蠢」行為。特朗普自2017年首個總統任期起，已多次抱怨兩架自1990年代啟用至今的現役總統專機過於老舊，而其中一架專機已在周四（18日）接載特朗普從法國回國後退役。"
華府威脅停止援助南非對抗愛滋病　特朗普回朝後兩國關係續惡化,2026-06-20 15:45,https://news.mingpao.com/ins/%e5%9c%8b%e9%9a%9b/article/20260620/s00005/1781939223701/%e8%8f%af%e5%ba%9c%e5%a8%81%e8%84%85%e5%81%9c%e6%ad%a2%e6%8f%b4%e5%8a%a9%e5%8d%97%e9%9d%9e%e5%b0%8d%e6%8a%97%e6%84%9b%e6%bb%8b%e7%97%85-%e7%89%b9%e6%9c%97%e6%99%ae%e5%9b%9e%e6%9c%9d%e5%be%8c%e5%85%a9%e5%9c%8b%e9%97%9c%e4%bf%82%e7%ba%8c%e6%83%a1%e5%8c%96,mingpao,國際,2026-06-20 16:00,"美國國務院周五（19日）威脅終止撥款支援南非對抗愛滋病，事件反映兩國關係自美國總統特朗普去年初重掌白宮以來進一步惡化。

南非目前有約800萬人感染愛滋病毒（HIV），屬全球最多，而相關美方援助佔南非抗擊愛滋病總開支約五分之一。據報美國國務院官員在相關電郵聲明中稱，若南非政府「無法回應特朗普總統的關切」，美方將中止「總統愛滋病緊急救援計劃」（PEPFAR）的撥款。聲明未有說明何謂「特朗普的關切」，僅稱有關措施與特朗普去年簽署的行政命令一致。該行政命令宣布為南非的阿非利卡人（Afrikaners，歐洲裔白人族群）開闢難民優先安置通道，同時取消近乎所有對南非的非人道主義援助。特朗普此前曾指控南非政府歧視並「種族滅絕」阿非利卡人，美國亦不滿南非因加沙戰爭把以色列告上國際法院。

美國政府數據顯示，南非從美國獲得的抗愛滋資金，已從2024年的4.56億美元（約35.6億港元），「腰斬」至去年的2.13億美元（約16.6億港元），主因是美國國際開發署（USAID）駐當地辦事處遭關閉，大部分資助被取消。

南非衛生部發言人莫哈萊（Foster Mohale）回應稱，美方威脅取消PEPFAR撥款並不令人意外，指南非自去年美方取消USAID資助後，已開始推動自資抗愛滋項目，目前在獲取抗愛滋藥物上已不依賴PEPFAR。（紐約時報/BBC/法新社）"
陳曉東化身星球王者紅館開騷 感激歌迷令自己重拾信心,2026-06-20 15:38,https://ol.mingpao.com/ldy/showbiz/latest/20260620/1781939846714/%e9%99%b3%e6%9b%89%e6%9d%b1%e5%8c%96%e8%ba%ab%e6%98%9f%e7%90%83%e7%8e%8b%e8%80%85%e7%b4%85%e9%a4%a8%e9%96%8b%e9%a8%b7-%e6%84%9f%e6%bf%80%e6%ad%8c%e8%bf%b7%e4%bb%a4%e8%87%aa%e5%b7%b1%e9%87%8d%e6%8b%be%e4%bf%a1%e5%bf%83,mingpao,娛樂,2026-06-20 15:45,"陳曉東昨晚（19日）於紅館舉行《Neon Reflections 30演唱會》，獲陳浩民一家、周家怡、馬天佑、張頴康夫婦、七仙羽等圈中人捧場。陳曉東化身星球王者登場，身上配有星星光環，並以呼應主題的《Neon Regrets》揭開序幕。他隨後換上裝滿霓虹燈光的長皮褸，跳唱《特務》、《心理遊戲》、《結他》及《新歡加精選》等快歌組成的Dance Medley，勁歌熱舞接連上演，將氣氛推至高點。一輪演出後，他再度現身時幽默表示：「你哋畀我唞唞氣先，不如呢part淨係傾偈囉？好唔好？哈哈﹗」

演唱會前，陳曉東已預告長女芷霖（朵朵）及幼女芷怡（多多）將會到場支持，最終兩位愛女不但現身捧場，更與他同台合唱《我願意》。唱畢後，陳曉東望着兩女流露父愛，並向觀眾問道：「佢哋唱得好唔好聽呀？」他感嘆女兒成長迅速：「佢哋真係好厲害，幾歲就上過紅館嘅舞台，不過嗰時佢哋只係有依家一半咁高！」除了一對愛女外，他亦借此機會向母親Lily及太太王妤嫻致謝。

是晚演唱會亦邀得Gordon Flanders擔任嘉賓，2人先合唱《我比誰都清楚》。兩人談及合作時，陳曉東表示欣賞對方的才華，並笑言意想不到Gordon Flanders竟然認識自己1998年的作品；Gordon Flanders則回應：「雖然我都係1998年出世，但係我真係有聽過呢首歌，因為好多人攞陳曉東嘅歌去參加比賽。」陳曉東直言很喜歡與新一代歌手合作，認為他們有才華亦有創意；Gordon Flanders表示可為他寫歌，隨後兩人再合唱由Gordon Flanders創作的《冬天一個遊》。

臨近尾聲時，陳曉東的「火爆黑戰士娃娃」從舞台屏幕跑出來共舞，他隨即笑問觀眾：「我個仔跳得好唔好？」最後，陳曉東感性表示，非常感激歌迷多年來的支持，坦言籌備30周年演唱會期間曾遇上不少困難，但每當看到歌迷留言鼓勵，便會重新拾回信心。他特別感謝歌迷會成員一路以來的協助，並指這次演唱會雖然困難重重，最終仍能順利完成，令他深切感受到「事在人為」的意義。演唱會最終在全場大合唱《水瓶座》及《劃火柴》兩首經典金曲之下圓滿結束。"
啟德遊輪碼頭男子泊車遭扑頭行劫　警查閉路電視拘30歲賊人,2026-06-20 15:07,https://news.mingpao.com/ins/%e6%b8%af%e8%81%9e/article/20260620/s00001/1781939403787/%e5%95%9f%e5%be%b7%e9%81%8a%e8%bc%aa%e7%a2%bc%e9%a0%ad%e7%94%b7%e5%ad%90%e6%b3%8a%e8%bb%8a%e9%81%ad%e6%89%91%e9%a0%ad%e8%a1%8c%e5%8a%ab-%e8%ad%a6%e6%9f%a5%e9%96%89%e8%b7%af%e9%9b%bb%e8%a6%96%e6%8b%9830%e6%ad%b2%e8%b3%8a%e4%ba%ba,mingpao,港聞,2026-06-20 15:45,"啟德遊輪碼頭發生企圖打刧傷人案件。今凌晨（20日）4時許，警方接獲36歲莫姓男子於青衣青衣路報案，指較早前於啟德遊輪碼頭遇劫。警員到場調查，發現莫早前駕駛其私家車停泊於啟德遊輪碼頭其間，被一男子以石頭襲擊，企圖行劫不果後逃去。莫駕車往青衣路始報警。他頭部受傷清醒，由救護車送往瑪嘉烈醫院治理。

警方經調查及翻查大量閉路電視片段，於牛頭角承豐道一單位以涉嫌企圖行劫拘捕30歲阮姓男子，由警方帶署扣留調查，案件交由秀茂坪警區刑事調查隊第5隊跟進。"
廖子妤以《夜王》角色視角填詞 聯手iii推出合唱歌,2026-06-20 14:58,https://ol.mingpao.com/ldy/showbiz/latest/20260620/1781939042937/%e5%bb%96%e5%ad%90%e5%a6%a4%e4%bb%a5%e3%80%8a%e5%a4%9c%e7%8e%8b%e3%80%8b%e8%a7%92%e8%89%b2%e8%a6%96%e8%a7%92%e5%a1%ab%e8%a9%9e-%e8%81%af%e6%89%8biii%e6%8e%a8%e5%87%ba%e5%90%88%e5%94%b1%e6%ad%8c,mingpao,娛樂,2026-06-20 15:45,"廖子妤演而優則唱，近日與香港獨立唱作女歌手iii（廖頴琛）推出合唱歌曲《一廂情願》。

歌曲源自iii為電影《夜王》創作的純配樂，其中一段特別描繪廖子妤所飾演夜總會媽媽生楊麗敏的內心狀態。2人聽後一致認為，該段旋律極具發展空間，於是決定重新編曲，並加入歌詞，合力打造完整版本。

廖子妤以電影角色楊麗敏的視角填詞，細膩訴說角色內心的眷戀與執念；iii則化身楊麗敏的心聲，將她對歡哥的思念、卑微愛意，以及那份一廂情願的情感完整呈現。

這是楊麗敏第一次，亦是最後一次填詞，透過音樂把依戀化為文字，最終勇敢道別。"
警旺角截查可疑私家車　檢仿製曲尺男司機被捕,2026-06-20 14:39,https://news.mingpao.com/ins/%e6%b8%af%e8%81%9e/article/20260620/s00001/1781937955335/%e8%ad%a6%e6%97%ba%e8%a7%92%e6%88%aa%e6%9f%a5%e5%8f%af%e7%96%91%e7%a7%81%e5%ae%b6%e8%bb%8a-%e6%aa%a2%e4%bb%bf%e8%a3%bd%e6%9b%b2%e5%b0%ba%e7%94%b7%e5%8f%b8%e6%a9%9f%e8%a2%ab%e6%8d%95,mingpao,local,2026-06-20 16:00,今早（20日）約11時，警方衝鋒隊巡經旺角上海街與登打士街交界時，發現一輛黑色私家車形迹可疑，遂上前截查。警員在車內檢獲一支仿製曲尺手槍，並隨即以涉嫌「管有仿製槍械」罪拘捕該名男司機，由警員帶署扣查，案件由旺角警區刑事調查隊第一隊跟進。
黃明志獲判無罪後發長文 嘆形象盡毀 誓追究造謠者,2026-06-20 14:30,https://ol.mingpao.com/ldy/showbiz/latest/20260620/1781936821251/%e9%bb%83%e6%98%8e%e5%bf%97%e7%8d%b2%e5%88%a4%e7%84%a1%e7%bd%aa%e5%be%8c%e7%99%bc%e9%95%b7%e6%96%87-%e5%98%86%e5%bd%a2%e8%b1%a1%e7%9b%a1%e6%af%80-%e8%aa%93%e8%bf%bd%e7%a9%b6%e9%80%a0%e8%ac%a0%e8%80%85,mingpao,娛樂,2026-06-20 15:15,"馬來西亞歌手黃明志去年10月捲入吉隆坡台灣網紅謝侑芯命案，並一度被指涉毒。據大馬傳媒上月報道，檢方在考慮案件進展、相關毒理學檢測報告及最新調查進展後，決定不再繼續提告，最終裁定黃明志無罪獲釋。黃明志昨日（19日）於社交平台發表千字長文，表示自己歷經半年，終於收到聯邦法庭撤控公函，正式獲判無罪。他寫道：「終於！歷經了整整半年，剛剛收到了來自聯邦法庭撤控的公函，我終於被正式宣判無罪了。」他表示這半年來「五味雜陳」，如今終於如釋重負，並指自己得回真正的自由。

對於謝侑芯的離世，黃明志在文中表示始終感到難過與自責未能把對方救起，並希望她安息。他亦提到，自己這半年間同時背負「吸毒罪」、「藏毒罪」、「攜帶違禁藥物罪」及「謀殺罪」的4項指控，亦曾在扣留所內逗留10多天，其間接受警方對住處、辦公處、手機、舊手機及全身上下的搜查，連身邊伙伴亦一併被查。

黃明志在文中亦批評，案件尚未有最終結果前，外界與部分媒體已對他「未審先判」，令其形象被毀。他說︰「這半年來我被毀掉的形象，也已經回不去了...... 應該說，我在一開始就已經被輿論判了『死刑』。」他指，媒體在未有求證下進行報道，甚至夾雜他「從來沒說過的話」，又以經過加工的照片及各種版本的傳言渲染事件，令他被輿論視作已定罪。

黃明志續指，現今不少新聞往往以誇張標題、斷章取義，甚至造謠抹黑來換取流量及廣告收益，因為比起平實報道，外界更容易分享和轉發戲劇化的故事。他同時表示，那些在事件期間惡意造謠及傳謠的人，包括酸民、鍵盤俠、網紅、YouTuber及媒體，日後都會一一追究，並透過法律途徑索償，討回名譽與財務上的損失。

至於支持者及身邊人，黃明志則逐一表達感謝，感激一路扶持他的朋友、長輩、律師，以及在最艱難時刻仍陪伴左右的好兄弟、經理人、公司同事、家人，還有一直相信及支持他的廠商與粉絲。他最後表示，自己目前心情複雜，既如釋重負亦滿懷感慨，並為文章過長向大家致歉。"
世界盃2026　6月21日賽程,2026-06-20 14:06,https://news.mingpao.com/ins/%e9%ab%94%e8%82%b2/article/20260620/s00006/1781928903737/%e4%b8%96%e7%95%8c%e7%9b%832026-6%e6%9c%8821%e6%97%a5%e8%b3%bd%e7%a8%8b,mingpao,體育,2026-06-20 14:15,世界盃6月21日賽程見附圖【明報專輯：世界盃2026】
挪威8月底開始禁小學生用AI工具　限制高年級學生使用,2026-06-20 14:01,https://news.mingpao.com/ins/%e5%9c%8b%e9%9a%9b/article/20260620/s00005/1781935483266/%e6%8c%aa%e5%a8%818%e6%9c%88%e5%ba%95%e9%96%8b%e5%a7%8b%e7%a6%81%e5%b0%8f%e5%ad%b8%e7%94%9f%e7%94%a8ai%e5%b7%a5%e5%85%b7-%e9%99%90%e5%88%b6%e9%ab%98%e5%b9%b4%e7%b4%9a%e5%ad%b8%e7%94%9f%e4%bd%bf%e7%94%a8,mingpao,國際,2026-06-20 14:15,"挪威政府周五（19日）宣布，將對小學生使用生成式人工智能（AI）工具實施接近全面禁令，同時限制高年級學生使用AI，以防AI對學習產生負面影響。新標準將於今年8月底開始的新學年起實施。

根據新規定，小學一至七年級（6至13歲）的學生原則上不得使用AI；初中（14至16歲）學生可在教師監督下謹慎使用相關工具；高中（17至19歲）學生則應學習如何適當使用AI，為升學及就業做好準備。

首相斯特勒（Jonas Gahr Støre）在記者會上指出，使用AI會增加年幼兒童跳過重要學習步驟的風險，並強調「學校最重要的事情，是讓我們的孩子學會閱讀、寫作和算術」。

挪威自1990年代起引入電腦教學，2010年iPad面世後更廣泛採用平板電腦，減少了對傳統書籍和手寫的依賴。然而，面對教育測試成績全面下滑，政府近年積極處理電子產品進入校園的問題，包括在2024年禁止學生在校內使用智能手機，並賦予教師更多維持課堂紀律的權力。此外，政府今年4月亦宣布跟隨澳洲等國家的步伐，計劃禁止16歲以下兒童使用社交平台，以減少青少年使用電子設備的時間。政府周五發表的另一份聲明，同時提出立法撥款資助課堂使用更多書籍，以扭轉過度向平板電腦傾斜的趨勢。（路透社）"
世界盃6月20日戰報：美國提早出線　巴西首告捷　海地出局,2026-06-20 13:35,https://news.mingpao.com/ins/%e7%86%b1%e9%bb%9e/article/20260620/s00024/1781932126654/%e4%b8%96%e7%95%8c%e7%9b%836%e6%9c%8820%e6%97%a5%e6%88%b0%e5%a0%b1-%e7%be%8e%e5%9c%8b%e6%8f%90%e6%97%a9%e5%87%ba%e7%b7%9a-%e5%b7%b4%e8%a5%bf%e9%a6%96%e5%91%8a%e6%8d%b7-%e6%b5%b7%e5%9c%b0%e5%87%ba%e5%b1%80,mingpao,熱點,2026-06-20 14:15,【6月20日】世界盃決賽周第九天，上演了4場賽事，分別是C組2場及D組2場賽事。東道主之一美國以2：0擊敗澳洲，提早獲得出線資格。巴西以3球優勢壓倒海地，打開勝利之門；海地兩戰皆輸，暫得零分，成為首支出局球隊。摩洛哥以1:0小勝蘇格蘭。巴拉圭10人應戰，仍以一球優勢挫敗土耳其。【明報專輯：世界盃2026】 ●世界盃︱美國2：0挫澳洲取兩連勝提早出線繼墨西哥後第2支躋身32強球隊 ●世界盃｜摩洛哥1：0小勝蘇格蘭沙巴利連續兩仗先開紀錄●世界盃︱巴西3球輕取海地奪今屆首勝馬菲奧斯根夏梅開二度海地成首支出局球隊  ●世界盃︱10人巴拉圭1：0挫土耳其阿米朗掩口領紅成新球例被逐首人
世界盃6月20日戰報：美國提早出線　巴西首告捷　摩洛哥71秒入球今屆最快紀錄,2026-06-20 13:35,https://news.mingpao.com/ins/%e7%86%b1%e9%bb%9e/article/20260620/s00024/1781932126654/%e4%b8%96%e7%95%8c%e7%9b%836%e6%9c%8820%e6%97%a5%e6%88%b0%e5%a0%b1-%e7%be%8e%e5%9c%8b%e6%8f%90%e6%97%a9%e5%87%ba%e7%b7%9a-%e5%b7%b4%e8%a5%bf%e9%a6%96%e5%91%8a%e6%8d%b7-%e6%91%a9%e6%b4%9b%e5%93%a571%e7%a7%92%e5%85%a5%e7%90%83%e4%bb%8a%e5%b1%86%e6%9c%80%e5%bf%ab%e7%b4%80%e9%8c%84,mingpao,熱點,2026-06-20 13:45,"【6月20日】世界盃決賽周第九天，上演了4場賽事，分別是C組2場及D組2場賽事。東道主之一美國以2：0擊敗澳洲，提早獲得出線資格。巴西以3球優勢壓倒海地，打開勝利之門。摩洛哥面對蘇格蘭，71秒便取得入球，創下本屆世界盃最快紀錄。巴拉圭10人應戰，仍以一球優勢挫敗土耳其。【明報專輯：世界盃2026】

●世界盃︱美國2：0挫澳洲取兩連勝提早出線繼墨西哥後第2支躋身32強球隊●世界盃｜摩洛哥1：0小勝蘇格蘭沙巴利連續兩仗先開紀錄71秒建功寫隊史世盃最快●世界盃︱巴西3球輕取海地奪今屆首勝馬菲奧斯根夏梅開二度海地成首支出局球隊 ●世界盃︱10人巴拉圭1：0挫土耳其阿米朗掩口領紅成新球例被逐首人"
TVB暖心宣傳片引共鳴 鍾志光寄語年輕人珍惜父愛,2026-06-20 13:30,https://ol.mingpao.com/ldy/showbiz/latest/20260620/1781933503217/tvb%e6%9a%96%e5%bf%83%e5%ae%a3%e5%82%b3%e7%89%87%e5%bc%95%e5%85%b1%e9%b3%b4-%e9%8d%be%e5%bf%97%e5%85%89%e5%af%84%e8%aa%9e%e5%b9%b4%e8%bc%95%e4%ba%ba%e7%8f%8d%e6%83%9c%e7%88%b6%e6%84%9b,mingpao,娛樂,2026-06-20 14:15,"明天（21日）父親節，TVB日前推出鍾志光伙拍李海銅演出的1分鐘宣傳片《爸爸的溫度，不變的守護》，以細膩情節帶出父愛的恒常與溫度，並呼應父親節將至的節日氣氛。

短片講述李海銅小時候視爸爸鍾志光為偶像，經常「爸爸」不離口，亦事事先向爸爸請教。每次鍾志光耐心解答後，她都會開心回應：「點解你乜都識嘅？」隨着成長及AI愈趨普及，她慢慢把「每事問」對象由爸爸轉為AI，甚至常常把熱心幫忙的父親拒諸門外。至下雨一幕，李海銅在失意之際向AI求助卻得不到安慰，鍾志光及時現身為她撐傘擋雨，並以一句「仲記唔記得點解會落雨」喚起回憶，其後再以「喊完就冇事㗎喇」作安慰，簡單對白卻格外窩心。

鍾志光談到宣傳片時，大讚作品有意義又有溫度，並指片中小妹妹正好反映時下年輕人的成長經歷，以及他們由仰賴父母，逐漸轉向依賴AI的現象。他強調，AI雖然可以提供資訊，但在人最失意的時候，伸手遮風擋雨的始終是爸爸，父母對子女的愛並非AI能取代。他說︰「希望大家睇咗條片，可以靜心諗多一諗，明白到父母一定愛子女，而呢份愛係AI取代唔到。」

首次與鍾志光合作的李海銅則表示，鍾Sir風趣幽默，亦十分細心，不但主動分享《愛‧回家》的拍攝趣事幫助她投入角色，更在戶外拍攝時將較乾淨的洗手間讓給她使用。"
勞工處招聘會逾200人獲錄取　僅12人入職　孫玉菡冀待本地招聘要求擴大後可提高應聘人數,2026-06-20 13:28,https://news.mingpao.com/ins/%e6%b8%af%e8%81%9e/article/20260620/s00001/1781933319942/%e5%8b%9e%e5%b7%a5%e8%99%95%e6%8b%9b%e8%81%98%e6%9c%83%e9%80%be200%e4%ba%ba%e7%8d%b2%e9%8c%84%e5%8f%96-%e5%83%8512%e4%ba%ba%e5%85%a5%e8%81%b7-%e5%ad%ab%e7%8e%89%e8%8f%a1%e5%86%80%e5%be%85%e6%9c%ac%e5%9c%b0%e6%8b%9b%e8%81%98%e8%a6%81%e6%b1%82%e6%93%b4%e5%a4%a7%e5%be%8c%e5%8f%af%e6%8f%90%e9%ab%98%e6%87%89%e8%81%98%e4%ba%ba%e6%95%b8,mingpao,港聞,2026-06-20 13:45,"政府早前檢討「補充勞工優化計劃」，並已於本周二起在飲食業實施第二級審批，將要求本地與外勞全職僱員比例收緊至3:1。勞工及福利局長孫玉菡今（20日）承認計劃實行兩年以來，當中有錯配情况，其中一場勞工處招聘會逾200人收到錄取通知，惟最後只有12人入職，當局冀待相關本地招聘要求擴至所有飲食業工種時，可給予本地求職者更多選擇和機會，提高應聘人數。

孫玉菡今早在商台節目《政經星期六》說，當局審視計劃兩年運作以來，飲食業輸入外勞比例逾4成，當局發現當中有錯配情况。他解釋，本港傳統中式酒樓式微，小型新式餐廳數量增多，他引述業界反映指中式酒樓大廚職位需求較大，提供預製菜等新派餐廳則不太需要大廚職位，技術需求不同；有大廚經驗的求職者或因技術需求不同和低薪酬，對該等職位卻步。

當局去年9月起要求僱主輸入侍應生及初級廚師外勞前，在本地招聘的四周期間，每周須到勞工處中心實地招聘並即場面試。不過，孫玉菡提到措施運作9個月，招聘情况遠遜於當局預期；其中一場提供4000份工作的招聘會，有約700人到場了解，當中逾200人收到錄取通知，惟最後只有12人入職。孫引述有求職者反映指職位薪酬比預期低、地點不便、「更數」不適合；故當局冀待措施擴至所有飲食業工種時，可給予本地人更多選擇和機會，提高應聘人數。

對於社會質疑輸入外勞計劃造成本地人就業困難、壓低薪酬，孫玉菡稱世界各地每逢輸入外勞都會引起相同爭議，他認為當局「做得算均真」，已想盡辦法確保本地就業。被問本地僱主自去年9月起違規情况如何，孫玉菡稱當局已向40個本地僱主實施行程制裁，原因包括「假招聘」、不符本地員工和外勞比例、違反職安健等條例。

政府數年前推出院舍輸入護理員特別計劃，孫玉菡稱計劃1.5萬個配額還未用盡，但現時院舍護理員人手供應已不如以往緊張。談及年青人失業率上升，孫玉菡指其為全球性現象，認為在AI浪潮下，普遍僱主招聘未如以往進取；當局會參考其他地區做法，以及思考對策。"
旺角的士衝班馬線撞飛途人,2026-06-20 13:26,https://news.mingpao.com/ins/%e6%b8%af%e8%81%9e/article/20260620/s00001/1781933640639/%e6%97%ba%e8%a7%92%e7%9a%84%e5%a3%ab%e8%a1%9d%e7%8f%ad%e9%a6%ac%e7%b7%9a%e6%92%9e%e9%a3%9b%e9%80%94%e4%ba%ba,mingpao,local,2026-06-20 15:45,"旺角詩歌舞街33號班馬線發生的士撞途人交通意外。網上流傳行車紀錄儀短片，顯示今早（20日）近10時，一輛輕型貨車於班馬線前停車讓途人橫過馬路，途人左右兩邊橫過馬路，一女途人橫過時，遭一輛反方向駛至的士撞飛，受傷倒地，隨即自行起身。58歲的士司機未有即時下車，並倒車停在班馬線後。27歲余姓女途人手及膝部受傷清醒，由救護車送往廣華醫院治理。警方封鎖部分行車線，意外成因仍有待調查。

根據法例交通意外後移動車輛可能會干犯香港《道路交通條例》（第374章）在未經授權下移動現場車輛，屬於毀滅、更改或隱瞞證據的行為。一經定罪，最高可處罰款10000元及監禁6個月。"
旺角的士衝斑馬線撞飛途人,2026-06-20 13:26,https://news.mingpao.com/ins/%e6%b8%af%e8%81%9e/article/20260620/s00001/1781933640639/%e6%97%ba%e8%a7%92%e7%9a%84%e5%a3%ab%e8%a1%9d%e6%96%91%e9%a6%ac%e7%b7%9a%e6%92%9e%e9%a3%9b%e9%80%94%e4%ba%ba,mingpao,local,2026-06-20 16:15,"旺角詩歌舞街33號班馬線發生的士撞途人交通意外。網上流傳行車紀錄儀短片，顯示今早（20日）近10時，一輛輕型貨車於斑馬線前停車讓途人橫過馬路，途人左右兩邊橫過馬路，一女途人橫過時，遭一輛反方向駛至的士撞飛，受傷倒地，隨即自行起身。58歲的士司機未有即時下車，並倒車停在班馬線後。27歲余姓女途人手及膝部受傷清醒，由救護車送往廣華醫院治理。警方封鎖部分行車線，意外成因仍有待調查。

根據法例交通意外後移動車輛可能會干犯香港《道路交通條例》（第374章）在未經授權下移動現場車輛，屬於毀滅、更改或隱瞞證據的行為。一經定罪，最高可處罰款10000元及監禁6個月。"
簡慕華突甫黑白照眼泛淚光 留言惹外界擔心,2026-06-20 13:16,https://ol.mingpao.com/ldy/showbiz/latest/20260620/1781932513848/%e7%b0%a1%e6%85%95%e8%8f%af%e7%aa%81%e7%94%ab%e9%bb%91%e7%99%bd%e7%85%a7%e7%9c%bc%e6%b3%9b%e6%b7%9a%e5%85%89-%e7%95%99%e8%a8%80%e6%83%b9%e5%a4%96%e7%95%8c%e6%93%94%e5%bf%83,mingpao,娛樂,2026-06-20 13:30,"簡慕華今日（20日）突然於社交平台上載一張黑白照片，畫面中的她眼眶泛淚，神情哀傷，面容亦略顯憔悴，倦容明顯，狀態令人關注。

相片上同時附有文字：「It's not always easy, but that's life...（生活並不總是那麼容易，但這就是生活）」，言簡意賅卻流露低落情緒，令人不禁揣測她是否正經歷不如意事。不少圈中好友如趙希洛、周家怡、張達倫、何啟南、何遠東、謝芷倫紛紛留言送上關心及安慰，希望她一切安好。

不過，簡慕華至今並未交代照片背後原因，令外界擔心。"
世界盃｜10人巴拉圭1：0挫土耳其　阿米朗掩口領紅　成新球例被逐首人,2026-06-20 13:11,https://news.mingpao.com/ins/%e9%ab%94%e8%82%b2/article/20260620/s00006/1781922692446/%e4%b8%96%e7%95%8c%e7%9b%83-10%e4%ba%ba%e5%b7%b4%e6%8b%89%e5%9c%ad1-0%e6%8c%ab%e5%9c%9f%e8%80%b3%e5%85%b6-%e9%98%bf%e7%b1%b3%e6%9c%97%e6%8e%a9%e5%8f%a3%e9%a0%98%e7%b4%85-%e6%88%90%e6%96%b0%e7%90%83%e4%be%8b%e8%a2%ab%e9%80%90%e9%a6%96%e4%ba%ba,mingpao,體育,2026-06-20 13:15,"巴拉圭隊今早（20日）在美加墨世界盃D組靠馬迪亞斯加拉薩開賽65秒建功，縱然完半場前有米基爾阿米朗因向對手掩口說話，被球證首度引用新球例以紅牌驅逐，但在下半場少踢一人下仍守住1：0勝局，贏得爭奪出線權的關鍵一仗。而阿米朗繼上仗插水被VAR以「錯誤識別身分」介入改判黃牌後，連續兩仗成為今屆新例「苦主」。

土耳其隊上仗錄得30次攻門仍負澳洲隊0：2，此戰為免重蹈覆轍在正選陣容更換3人，包括祖雲達斯翼鋒基倫耶迪斯取代巴列斯任正選。首輪1：4敗予美國隊的巴拉圭隊有兩個調動，其中上仗擺烏龍的中場波巴迪拿被貶後備，換上馬迪亞斯加拉薩擔正。

巴拉圭隊趁對手稍不留神，馬迪亞斯加拉薩禁區外割草式遠射偷襲得手，開賽65秒閃電開紀錄。落後的土耳其隊隨即如上仗一樣全面搶攻，14分鐘艾度路高奴後傳，艾達古拿第一時間撞射高出；梅迪穆度亞34分鐘接應查漢奴古罰球，頭槌攻門彈中巴拉圭隊守衛背部後中楣再中柱。戰至補時3分鐘，巴拉圭隊翼鋒米基爾阿米朗在一次衝突期間，向梅迪穆度亞掩口說話，球證翻看視像裁判（VAR）後首次引用新球例拔出紅牌將其驅逐。土耳其隊半場雖落後一球，但在下半場獲多踢一人優勢。

下半場戰情依舊一面倒，土耳其隊中堅美列迪美羅47和59分鐘嘗試放冷箭，均未能射破巴拉圭隊門將奧蘭度基爾十指關。巴拉圭隊亦有機會拉開比數，祖利奧安斯素獨闖龍潭後起腳掠門而過。土耳其隊中場簡烏孫89分鐘12碼點附近撞射，角度欠奉被奧蘭度基爾拍出不遠，前鋒丹尼斯古爾補射未中目標。土耳其全場錄得31次攻門但顆粒無收，未能挽回0：1敗局，連續兩仗狂攻下落敗。

土耳其隊賽後錄得兩連敗排D組榜尾，對賽成績較差提出宣告出局最後一輪須鬥兩戰全勝的東道主美國。巴拉圭隊與澳洲隊同錄得1勝1負，前者得失球差較遜排第3，兩軍最後一輪正面交鋒。"
意大利偷運25公斤氯胺酮入境　「飛機豬」涉販毒被捕,2026-06-20 13:05,https://news.mingpao.com/ins/%e6%b8%af%e8%81%9e/article/20260620/s00001/1781932173986/%e6%84%8f%e5%a4%a7%e5%88%a9%e5%81%b7%e9%81%8b25%e5%85%ac%e6%96%a4%e6%b0%af%e8%83%ba%e9%85%ae%e5%85%a5%e5%a2%83-%e3%80%8c%e9%a3%9b%e6%a9%9f%e8%b1%ac%e3%80%8d%e6%b6%89%e8%b2%a9%e6%af%92%e8%a2%ab%e6%8d%95,mingpao,local,2026-06-20 15:15,"警方毒品調查科聯同海關昨日(19日)偵破一宗跨境販毒案，行動中，海關人員在機場入境大堂截查一名從意大利入境的男子，在其行李箱檢獲6包以狗糧包裝、共重25公斤的懷疑氯胺酮，值約980萬元。警方隨即拘捕該名30歲姓劉內地男子，其報稱商人，正被拘留調查。他將被控一項「販運危險藥物」罪，案件下周一(22日)於西九龍裁判法院提堂。

警方毒品調查科行動組高級督察鄧駿穎表示，警方經深入調查，發現有販毒集團在海外招募俗稱「飛機豬」的成員，企圖從歐洲偷運毒品入境。他呼籲市民，販毒集團往往以「低風險、高回報」的噱頭在網上或社交平台招募誘騙市民「搵快錢」。市民切勿輕信此類招聘廣告或為轉取微薄報酬而替他人攜帶不明物件入境，否則一經定罪，賭上的將會是自己的寶貴前途。

警方重申，「販運危險藥物」屬極嚴重罪行。根據香港法例第134章《危險藥物條例》，一經定罪，最高可被判處罰款500萬元及終身監禁。法庭在判刑時亦會將「從外地跨境販運毒品入境」視為重要的加刑因素，市民切勿心存僥倖，以身試法。"
陳泳伽28歲生日低調放閃︰他帶我從雨天逃離到陽光,2026-06-20 12:38,https://ol.mingpao.com/ldy/showbiz/latest/20260620/1781930722910/%e9%99%b3%e6%b3%b3%e4%bc%bd28%e6%ad%b2%e7%94%9f%e6%97%a5%e4%bd%8e%e8%aa%bf%e6%94%be%e9%96%83-%e4%bb%96%e5%b8%b6%e6%88%91%e5%be%9e%e9%9b%a8%e5%a4%a9%e9%80%83%e9%9b%a2%e5%88%b0%e9%99%bd%e5%85%89,mingpao,娛樂,2026-06-20 13:00,COLLAR成員陳泳伽（Winka）去年公開與音樂人男友朱芸編的戀情後，兩人愛得低調而甜蜜。Winka日前（16日）28歲生日，她昨天於社交平台分享捧着蛋糕的照片，留言︰「他帶我從雨天逃離到陽光，重要時刻才記錄了些少。放下一切，好好地過一天，心滿意足。沒有太多分享，還是希望身邊每個人都開心健康。每個六月生日的你，都祝你生日快樂。」
澳洲本土首現候鳥染H5禽流感亡　禽流感病毒擴至全球七大洲,2026-06-20 12:21,https://news.mingpao.com/ins/%e5%9c%8b%e9%9a%9b/article/20260620/s00005/1781925785039/%e6%be%b3%e6%b4%b2%e6%9c%ac%e5%9c%9f%e9%a6%96%e7%8f%be%e5%80%99%e9%b3%a5%e6%9f%93h5%e7%a6%bd%e6%b5%81%e6%84%9f%e4%ba%a1-%e7%a6%bd%e6%b5%81%e6%84%9f%e7%97%85%e6%af%92%e6%93%b4%e8%87%b3%e5%85%a8%e7%90%83%e4%b8%83%e5%a4%a7%e6%b4%b2,mingpao,國際,2026-06-20 13:00,"澳洲政府周六（20日）證實，西澳省偏遠地區有候鳥感染H5禽流感，是澳洲大陸首次發現H5禽流感感染病例，意味這種高度傳染的病毒至今已遍及全球七大洲。官方表示，H5禽流感目前未造成動物大規模死亡，也沒有證據顯示任何家禽受到感染。總理阿爾巴尼斯形容情況令人關注，政府會竭盡所能控制病毒擴散。

澳洲農業部長Julie ⁠Collins表示，確診候鳥是一隻棕色賊鷗（brown Skua），周五（19日）在西澳省勒格蘭德角國家公園（Cape Le Grand National Park）一處沙灘被發現，距離珀斯約570公里。該隻賊鷗當晚死亡，並確診H5禽流感。此外，附近發現的一隻巨鸌（giant petrel）也疑似感染H5禽流感。

禽流感H5病毒株近年在全球多地擴散，澳洲大陸一直未有錄得病例；而在距離澳洲大陸約4100公里的澳洲領地赫德島（Heard Island），去年則曾發現有海豹感染H5禽流感死亡。（路透社/法新社）"
日本7月起上調外國人簽證費至原來的5倍,2026-06-20 12:12,https://news.mingpao.com/ins/%e5%9c%8b%e9%9a%9b/article/20260620/s00005/1781930002082/%e6%97%a5%e6%9c%ac7%e6%9c%88%e8%b5%b7%e4%b8%8a%e8%aa%bf%e5%a4%96%e5%9c%8b%e4%ba%ba%e7%b0%bd%e8%ad%89%e8%b2%bb%e8%87%b3%e5%8e%9f%e4%be%86%e7%9a%845%e5%80%8d,mingpao,國際,2026-06-20 12:45,"日本政府在昨日（19日）的內閣會議上敲定，7月起訪日外國人簽證手續費將提高至原來的5倍，是日本自1978年以來首次上調簽證費。

共同社報道，每次入境均需重新申請的單次有效簽證費，將由約3000日圓（約145港元）上調至約1.5萬日圓（約728港元）；多次入境的多次簽證費用將由約6000日圓（約290港元）上調至約3萬日圓（約1450港元）。

外相茂木敏充表示，上調簽證費是為了應對物價上漲和匯率變動，相信不會即時對旅遊造成影響。（共同社）"
訪日外國人簽證費7月起增至原來的5倍,2026-06-20 12:12,https://news.mingpao.com/ins/%e7%86%b1%e9%bb%9e/article/20260620/s00024/1781928388672/%e8%a8%aa%e6%97%a5%e5%a4%96%e5%9c%8b%e4%ba%ba%e7%b0%bd%e8%ad%89%e8%b2%bb7%e6%9c%88%e8%b5%b7%e5%a2%9e%e8%87%b3%e5%8e%9f%e4%be%86%e7%9a%845%e5%80%8d,mingpao,熱點,2026-06-20 12:15,"日本政府在昨日（19日）的內閣會議上敲定，7月起訪日外國人簽證手續費將提高至原來的5倍，是日本自1978年以來首次上調簽證費。

共同社報道，每次入境均需重新申請的單次有效簽證費，將由約3000日圓（約145港元）上調至約1.5萬日圓（約728港元）；多次入境的多次簽證費用將由約6000日圓（約290港元）上調至約3萬日圓（約1450港元）。

外相茂木敏充表示，上調簽證費是為了應對物價上漲和匯率變動，相信不會即時對旅遊造成影響。（共同社）"
太古城本月6宗逾千萬成交  套3房1540萬沽,2026-06-20 12:02,https://finance.mingpao.com/fin/instantp/20260620/1781933476396/%e5%a4%aa%e5%8f%a4%e5%9f%8e%e6%9c%ac%e6%9c%886%e5%ae%97%e9%80%be%e5%8d%83%e8%90%ac%e6%88%90%e4%ba%a4-%e5%a5%973%e6%88%bf1540%e8%90%ac%e6%b2%bd,mingpao,地產,2026-06-20 13:45,"樓市持續暢旺，優質戶持受追捧。龍頭屋苑鰂魚涌太古城本月暫錄7宗成交，當中6宗為逾千萬元成交。美聯聯席區域經理錢敏義表示，太古城昨日錄一宗3房戶成交，單位為啟天閣低層A室，實用759方呎，3房1套房間隔，原業主早前以1,620萬元放售，獲外區用家垂青，議價後減價80萬元或4.9%，以1540萬元易手，實呎20,290元。

原業主2011年3月以約788萬元購入上述物業，持貨約15年，轉手帳面獲利約752萬元，物業升值約95%。

"
賦權特首行會刊憲公告 改北都範圍採先訂後審 ,2026-06-20 12:00,https://news.mingpao.com/pns/%e8%a6%81%e8%81%9e/article/20260620/s00001/1781893967707/%e8%b3%a6%e6%ac%8a%e7%89%b9%e9%a6%96%e8%a1%8c%e6%9c%83%e5%88%8a%e6%86%b2%e5%85%ac%e5%91%8a-%e6%94%b9%e5%8c%97%e9%83%bd%e7%af%84%e5%9c%8d%e6%8e%a1%e5%85%88%e8%a8%82%e5%be%8c%e5%af%a9,mingpao,major,2026-06-20 05:00,"【明報專訊】政府提交北部都會區專屬法例的建議，提出賦權特首和行政會議刊公告，以「先訂立、後審議」方式，在元朗和北區兩區內修改北都範圍。有議員形容相關機制便利小幅度的邊界調整，亦有團體期望邊界應清晰釐定，以確保公平。對於法例的監督及執行機制，文件表示在條例生效後，部門會向由特首領導、官員組成的「北部都會區發展委員會」匯報，並每年向立法會匯報。

政府釐定的北都範圍覆蓋元朗及北區，面積約3萬公頃，佔全港面積約三分之一。政府就專屬法例建議，若上述兩個行政區或相關分區計劃大綱圖的界線有修訂，特首和行會可憑公告修改北都範圍，並在立法會以「先訂立、後審議」模式生效。本土研究社研究員陳劍青向本報稱，政府修改北都範圍要經特首會同行會公告，已屬高層次把關，但認為邊界應盡量清晰釐定，以確保所有受影響土地的業權人獲公平對待。

北都諮詢委員會委員劉國勳稱，有關建議可應對邊界綠色智慧運輸系統走線而改動，他預料即使改動，也是因應項目所需而微調，並非大規模邊界變動。新界西北立法會議員莊豪鋒認為，有關措施可提升北都發展效率，相信邊界若有變化，政府會提前通知當區居民和立法會相關委員會。

文件亦提出法例的檢視執行機制，日後部門會定期向特首主持的北都發展委員會匯報法例落實情况，並在有需要時尋求指導。政府亦會每年到立法會發展事務委員會匯報，但無指明匯報次數。莊豪鋒認為，政府「五年規劃」下每年會有KPI，估計每年在立法會匯報亦會圍繞相關目標。他認為發展初期每年匯報一次或已足夠，但隨着北都發展加快，應加密匯報，且不應局限於發展事務委員會，相關政策局亦應在其他相關委員會就發展情况匯報。

北都跨境流動便利 擬不限於河套 專屬法例多招鬆綁 涵物資數據資金流 (2026-06-20)

收地不滿賠償申索 6個月限期擬剔除 (2026-06-20)

跨境基建准用國標器械 發展局：非放寬要求 (2026-06-20)"
「物理AI第一股」Momenta擬港上市 ,2026-06-20 12:00,https://news.mingpao.com/pns/%e7%b6%93%e6%bf%9f/article/20260620/s00004/1781884830448/%e3%80%8c%e7%89%a9%e7%90%86ai%e7%ac%ac%e4%b8%80%e8%82%a1%e3%80%8dmomenta%e6%93%ac%e6%b8%af%e4%b8%8a%e5%b8%82,mingpao,finance,2026-06-20 04:30,"【明報專訊】中國自動駕駛開發商Momenta計劃來港上市，擬集資10億美元（約78億港元）。《華爾街日報》引述消息人士指出，該公司估值已升至約90億美元（約702億港元），更被市場形容為「物理AI（人工智能）第一股」。而該公司早前已獲得包括豐田汽車、上汽集團（滬：600104）及通用汽車等大型車企投資。

中證監已於本月10日發布關於MOMENTA GLOBAL LIMITED（夢騰智駕環球有限公司）境外發行上市備案通知書。文件顯示，Momenta擬發行不超過4375.4萬股在本港上市。早於3月有市場傳聞稱，Momenta已秘密提交香港IPO申請，並委任中金（3908）及德銀安排上市事宜。

此外，本周四（18日）有4間公司遞交來港上市申請，包括A股「非洲手機之王」Tecno母公司傳音控股（滬：688036），以及同在A股上市的咖啡因保健食品及生物製藥開發商石藥創新（深：300765）。兩間公司均於去年12月首次向港交所（0388）遞表，失效後即第二次提交上市申請。

招股資料引述諮詢公司數據指出，按2024年手機銷量計，傳音是全球新興市場排名第一的手機提供商。不過該公司去年利潤按年大跌53.5%，錄得26.05億元（人民幣，下同），收入亦按年減4.5%至655.91億元。去年有市場消息稱，傳音或在港集資約10億美元。同日遞表的還有循《上市規則》18A章遞表的生物醫藥公司知易生物，以及原生AI科技公司數說故事。"
中國連續3月沽美債 持倉近18年新低 ,2026-06-20 12:00,https://news.mingpao.com/pns/%e7%b6%93%e6%bf%9f/article/20260620/s00004/1781884829920/%e4%b8%ad%e5%9c%8b%e9%80%a3%e7%ba%8c3%e6%9c%88%e6%b2%bd%e7%be%8e%e5%82%b5-%e6%8c%81%e5%80%89%e8%bf%9118%e5%b9%b4%e6%96%b0%e4%bd%8e,mingpao,finance,2026-06-20 04:30,"【明報專訊】中國連續第三個月減持美債。美國財政部公布最新數據顯示，中國今年4月美債持倉再按月減12億美元，至6511億美元，連續第二個月錄得2008年9月以來新低，當月持倉金額為6182億美元。連續3個月計，中國減持美國國債共433億美元。而整體外國持倉升至93,526億美元，按月增加39億美元。現時持有美債最多的首三個國家，依次分別是日本、英國及中國。香港則排名第13，持有美國國債2691億美元，4月減少91億美元。

今年4月份，日本增持美債183億美元，至約12,099億美元；美債第二大海外持有國英國的持倉則增加106億元，至9375億美元。加拿大為4月拋售美債最多的國家，減持金額為423億美元，最新持倉規模3971億美元，但仍然高於今年1月份的持倉水平。

有分析認為，中國減持美債反映在地緣政治緊張加劇及市場對聯儲局獨立性憂慮升溫下，中國持續推進外匯儲備多元化。今年4月美伊戰事談判陷入停滯，市場對全球通脹壓力的憂慮升溫。此外，雖然美聯儲主席凱文·沃什（Kevin Warsh）在其提名聽證會上表示自己「絕不會」成為美國總統特朗普的木偶，又強調利率決策將「完全獨立」於政治考量、或民選領袖的言論，但投資者仍警惕利率決策或受政治因素影響。"
京東MALL開店第二日逢假期 現排隊人龍 ,2026-06-20 12:00,https://news.mingpao.com/pns/%e7%b6%93%e6%bf%9f/article/20260620/s00004/1781884830218/%e4%ba%ac%e6%9d%b1mall%e9%96%8b%e5%ba%97%e7%ac%ac%e4%ba%8c%e6%97%a5%e9%80%a2%e5%81%87%e6%9c%9f-%e7%8f%be%e6%8e%92%e9%9a%8a%e4%ba%ba%e9%be%8d,mingpao,finance,2026-06-20 04:30,"【明報專訊】位於灣景中心大廈的京東MALL周四（6月18日）開業，昨天遇上公眾假期，入店人流相當多，昨天下午人龍去到會展站海港中心旁的天橋。

京東（9618）昨天公布，京東MALL灣仔店周四開業首小時客流破萬，單日單店銷售額創香港同類型電器零售商場紀錄。灣仔店是京東MALL進軍香港首家分店，經營空間超過3萬呎。京東表示，京東MALL計劃未來3年在港開設6至8間門店，優先選址是沙田、旺角及屯門等地區，包括面積較灣仔店更大的分店。"
周末睇樓好去處 ,2026-06-20 12:00,https://news.mingpao.com/pns/%e7%b6%93%e6%bf%9f/article/20260620/s00004/1781884831943/%e5%91%a8%e6%9c%ab%e7%9d%87%e6%a8%93%e5%a5%bd%e5%8e%bb%e8%99%95,mingpao,finance,2026-06-20 04:30,【明報專訊】（請看附圖）
王品弟：新居屋超額13倍 足見置業剛需殷   ( 王品弟 ) ,2026-06-20 12:00,https://news.mingpao.com/pns/%e7%b6%93%e6%bf%9f/article/20260620/s00004/1781884831294/%e7%8e%8b%e5%93%81%e5%bc%9f-%e6%96%b0%e5%b1%85%e5%b1%8b%e8%b6%85%e9%a1%8d13%e5%80%8d-%e8%b6%b3%e8%a6%8b%e7%bd%ae%e6%a5%ad%e5%89%9b%e9%9c%80%e6%ae%b7,mingpao,finance,2026-06-20 04:30,"【明報專訊】新一輪居屋攪珠在即，市場反應理想。房委會資料顯示，新一期「居屋」、「綠置居」及「白居二」三項計劃共收到10.5萬份申請表，反應踴躍；當中申請新居屋就有約9.9萬份，若以今期6926個全新居屋單位計算，超額約13倍。今期5個居屋項目共提供近7000伙，並以市價七折出售，與目前二手市場細價樓價錢相近。在全新居屋低價推售下，二手居屋市場明顯受到衝擊，但在大批居屋購買力湧現同時，亦可見市場置業的殷切剛需。

本行資料研究部綜合土地註冊處資料顯示，5月錄得514宗二手居屋（包括已補地價的自由市場及未補地價的第二市場）註冊，較4月減5.3%。相信因為早前新一期居屋接受申請，焦點轉投全新居屋，導致二手居屋交投放緩。若以金額劃分5月二手居屋註冊量按月表現，400萬元或以下二手居屋註冊240宗，按月減約2%；逾400萬至500萬元二手居屋註冊160宗，按月減約5.3%；逾500萬元二手居屋註冊114宗，按月減約11.6%。這清楚顯示，高價二手居屋交投放緩幅度最為顯著，反映準買家在全新居屋推出之際，傾向觀望及等待抽籤結果，甚至轉投私樓市場尋找替代選擇，令高價居屋二手交投受壓。

居屋攪珠在即，短期內二手居屋市場難免受制於冰封期，尤其當新居屋入場門檻與細價二手盤重疊。另一方面，二手居屋的即時入住優勢、成熟社區配套及較大實用面積，仍具一定競爭力。一旦攪珠結果塵埃落定，超過9萬名向隅客將陸續回流，這股購買力除了重新激活二手居屋及未補地價第二市場，當中經濟能力較佳者或會轉投私人住宅細價單位。這種購買力分流至居屋二手市場與私樓中下游板塊，預期將為整體住宅物業市場注入新動力。

馬泰陽：購買力全面釋放 豪宅接力追落後 (2026-06-20)"
跨境基建准用國標器械 發展局：非放寬要求 ,2026-06-20 12:00,https://news.mingpao.com/pns/%e8%a6%81%e8%81%9e/article/20260620/s00001/1781893967916/%e8%b7%a8%e5%a2%83%e5%9f%ba%e5%bb%ba%e5%87%86%e7%94%a8%e5%9c%8b%e6%a8%99%e5%99%a8%e6%a2%b0-%e7%99%bc%e5%b1%95%e5%b1%80-%e9%9d%9e%e6%94%be%e5%af%ac%e8%a6%81%e6%b1%82,mingpao,major,2026-06-20 05:00,"【明報專訊】政府最新提出在北都專屬法例草案中加入條文，容許在籌劃中的港深西部鐵路（洪水橋至前海）及北環線支線兩項北都跨境運輸基建項目，採用國標規格的建築器械設備，包括非道路移動機械、手提撞擊式破碎機、其他起重機械等。

發展局在文件指出，在香港範圍的工程使用內地建築機械並非「放寬」管制要求，相關機械已符合「與香港法定要求相容」國家認可標準的「精簡審批機制」，適用器械包括流動發電機、空氣壓縮機、挖泥機、流動起重機、推土機、隧道鑽挖機、壓路機、泥頭車等。

工程界立法會議員卜國明稱，香港建造成本高是不爭事實，若能確保質量及安全，降低成本絕對是好事。他舉例，隧道鑽挖機從內地挖往香港，如在內地有效使用，鑽到香港範圍理應同樣有效。他建議日後其他非跨境項目亦檢視需否維持香港標準，認為可由屬工務部門的D2或D3級公務員把關，彈性容許使用創新器械及物料。

另外，《建築物條例》容許特殊情况下可申請「變通或豁免」，政府提議在北都附例中適用，以便引入創新建築設計、技術及物料，提升「設計及建造的質素、可持續性及功能性」。

北都跨境流動便利 擬不限於河套 專屬法例多招鬆綁 涵物資數據資金流 (2026-06-20)

賦權特首行會刊憲公告 改北都範圍採先訂後審 (2026-06-20)

收地不滿賠償申索 6個月限期擬剔除 (2026-06-20)"
第一城兩房460萬沽  7個月炒高18%   ( 香港地產 ) ,2026-06-20 12:00,https://news.mingpao.com/pns/%e7%b6%93%e6%bf%9f/article/20260620/s00004/1781884830566/%e7%ac%ac%e4%b8%80%e5%9f%8e%e5%85%a9%e6%88%bf460%e8%90%ac%e6%b2%bd-7%e5%80%8b%e6%9c%88%e7%82%92%e9%ab%9818,mingpao,finance,2026-06-20 04:30,"【明報專訊】樓市交投暢旺，沙田第一城再錄短炒獲利個案，一個實用約280方呎兩房戶7個月炒高18%。美聯區域聯席董事黃錦瀚表示，沙田第一城最新的二手成交為49座中層A室，屬實用284方呎兩房戶，原業主去年11月以390萬元購入，昨日以460萬元易手，單位7個月被炒高70萬元或18%，折合實呎16,197元。

新晉屋苑二手亦活躍，啟德天璽．天5座中層B1室，實用454方呎，兩房間隔，最新以1150萬元易手，呎價約25,330元。

原業主2024年10月以946.08萬元向發展商一手購入，持貨逾一半年，帳面獲利約204萬元，物業升值約22%。

一手市場方面，昨日是端午節連周末長假期，新盤樓市相對淡靜，全日只錄約10宗成交。由會德豐與港鐵（0066）合作發展的黃竹坑港島南岸第6期DEEP WATER SOUTH，昨日售出一伙，單位為第1座（1B）11樓B室，實用922方呎，屬3房1套連儲物房及洗手間，成交價3024.1萬元，呎價3.28萬元。

此外，美聯物業研究中心綜合土地註冊處資料顯示，截至本月17日，今年第二季整體物業（包括一手私樓、二手住宅、一手公營房屋、工商舖、純車位及其他等）註冊金額共涉及約1991.6億元，超越首季約1817億元。美聯物業分析師岑頌謙指出，按目前推算，估計次季最終將挑戰2250億元，將創自2021年第三季後的近19季新高。岑續指出，若與2021年旺市比較，當年第二季整體物業註冊金額高見2653億元；即使今年第二季最終達至約2250億元，仍較當時低約15%，反映目前整體物業無論在宗數或金額上，仍未回復至2021年旺市水平。"
SpaceX上市5日再抽水 擬發債集資200億美元 ,2026-06-20 12:00,https://news.mingpao.com/pns/%e7%b6%93%e6%bf%9f/article/20260620/s00004/1781884829220/spacex%e4%b8%8a%e5%b8%825%e6%97%a5%e5%86%8d%e6%8a%bd%e6%b0%b4-%e6%93%ac%e7%99%bc%e5%82%b5%e9%9b%86%e8%b3%87200%e5%84%84%e7%be%8e%e5%85%83,mingpao,finance,2026-06-20 04:30,"【明報專訊】全球新股集資額最大的SpaceX（美：SPCX）上市短短5日便計劃再向市場抽水，加快發行具投資級別的美元債券，集資規模至少高達200億美元，主要用於償還招股上市前的過渡貸款。受發債消息影響，SpaceX股價周四連續第二日回吐，收跌3.6%，盤後交易再跌1.8%，報181.6美元。美股昨日假期休市。

英國《金融時報》引述消息人士指出，債券為期10年，根據初步討論，定價將比美國國債高約1.35厘至1.5厘，最快下周落實條款，而集資用於再融資，解決創始人馬斯克於3月安排把xAI及社交媒體X注入SpaceX所安排的過渡貸款，有關過渡貸款將於明年到期，涉及償還款項200億美元。

彭博社引述消息人士指出，有份參與過渡貸款的美國銀行、花旗、摩根大通、高盛及摩根士丹利預期亦會牽頭參與承銷有關債券，而隨着SpaceX已獲得三大信用評級機構的投資評級，有望以較低的融資成本發債。

另外，承接美股周四升勢，加上美伊簽署諒解備忘錄，刺激日韓股市早段續創新高，但午後傳出以色列再度襲擊黎巴嫩，令美伊雙方推遲派代表團前往瑞士談判。美伊協議落實執行添變數，日韓股市午後高位回軟，韓股連升6日後「斷纜」，收市倒跌0.13%。日股收市前則「拗腰」再上，收市續創新高，且更連升7日。中美港台則假期休市。

韓國綜合指數周四收市創新高後，昨日曾見9385點盤中新高，但尾市掉頭向下，收跌11點或0.1%，全周計仍累升11.43%。當地龍頭科技股SK海力士（韓：000660）逆市做好，全日升2.94%，市值更升至1969.9萬億韓圜，折合逾1.28萬億美元，超越美光（美：MU）的約1.27萬億美元市值，成為全球第十三大市值上市公司。

日經平均指數升0.28%再創新高，7日累升11%。摩根大通將日經平均指數年底目標從70,000點上調約7.1%，至75,000點，較現水平有約4.2%的潛在升幅，同時將日本東證指數目標從4300點上調2.3%，至4400點，因預計人工智能（AI）將帶來更多利好因素，同時企業改革也將帶來上行空間。

策略師Rie Nishihara在報告中指出，日股仍存下行風險，包括日圓過度貶值及利率快速上升。日圓兌每美元昨進一步跌至最低161.46，見去年7月以來新低。"
馬泰陽：購買力全面釋放 豪宅接力追落後   ( 馬泰陽 ) ,2026-06-20 12:00,https://news.mingpao.com/pns/%e7%b6%93%e6%bf%9f/article/20260620/s00004/1781884830714/%e9%a6%ac%e6%b3%b0%e9%99%bd-%e8%b3%bc%e8%b2%b7%e5%8a%9b%e5%85%a8%e9%9d%a2%e9%87%8b%e6%94%be-%e8%b1%aa%e5%ae%85%e6%8e%a5%e5%8a%9b%e8%bf%bd%e8%90%bd%e5%be%8c,mingpao,finance,2026-06-20 04:30,"【明報專訊】7月1日「香港回歸紀念日」將至，回顧香港踏入回歸第29年，本港樓市在樓價回升與經濟穩步復蘇拉動下，交投展現出近年罕見的強勁勢頭。據美聯物業研究中心綜合土地註冊處資料顯示，以回歸年計（即以每年7月至翌年6月計算），回歸第29年（截至今年6月16日），在不包括一手公營房屋之下，一二手住宅註冊量約76,263宗，創15年新高。

市場購買力強盛，亦反映在代理行業的營運表現上。以本集團為例，日前發出「盈喜」公告，指出過去1年市場佔有率提升，業績錄得顯著增長，預期中期業績將創20年新高。2026年首5個月，本行前線同事平均佣金收入按年升近四成；期內佣金收入超過百萬元的人數亦按年接近翻倍，反映「搵食指數」甚高。

年初至今，發展商主力推售中小型上車盤，上車客頻入市，成功帶動換樓鏈啟動。隨着換樓客陸續入市，剛需盤的熱度已逐步蔓延至較高端市場。加上發展商順應時勢推售豪宅，此類別正迎來一波「追落後」效應，估計短期內豪宅有望接棒成為市場「新寵」。日前中半山一個超級豪宅項目，以招標方式售出頂層連天台特色戶，呎價更高見12.43萬元，創今年以來一手呎價新高紀錄；至於波老道21號超級豪宅項目，日前亦分別售出兩套大宅，總成交金額2.75億元。

宏觀政策面的利好，更為下半年樓市注入強心針。隨着中東和平協議達成，國際局勢漸穩，加上中央官員們早前提到今年將實施適度寬鬆的貨幣政策，預計中央未來「放水」刺激經濟的機會頗高，料對整體經濟大環境及樓市具催化作用。總括而言，儘管港股短線略見疲弱，但在樓市熱度持續、外圍利好因素紛呈的帶動下，7月「回歸月」有望迎來樓股齊鳴的局面。本港整體樓市，特別是「起步」稍慢的豪宅市場，進一步「追落後」並主導下半年大市，絕對是指日可待。

王品弟：新居屋超額13倍 足見置業剛需殷 (2026-06-20)"
收地不滿賠償申索 6個月限期擬剔除 ,2026-06-20 12:00,https://news.mingpao.com/pns/%e8%a6%81%e8%81%9e/article/20260620/s00001/1781893967814/%e6%94%b6%e5%9c%b0%e4%b8%8d%e6%bb%bf%e8%b3%a0%e5%84%9f%e7%94%b3%e7%b4%a2-6%e5%80%8b%e6%9c%88%e9%99%90%e6%9c%9f%e6%93%ac%e5%89%94%e9%99%a4,mingpao,major,2026-06-20 05:00,"【明報專訊】政府透過訂立專屬法例加快北都收地，原建議若土地原業主不滿賠償額，須在6個月內向土地審裁處提交個案，但持份者對此有保留。當局最新建議把6個月限期剔除。政府解釋，設限期原意是促使原業主盡快與政府達成協議，以加速收地；剔除則是為避免前業主擔憂期限將至，提前或無實際需要下將個案提交土審處，導致土審處增加不必要工作量，反而延誤處理有實際需要的收地個案。

另外，政府最新建議保留了為接受暫支款項設立3個月期限的規定，即若有業主逾期未領取補償金的暫支款項，有關款項將不再孳生利息。文件指出，留意到現實中有業主有實際困難無法接納有關款項，例如部分個案的租堂地司理出缺，又或業主離世而後人正申請遺產管理書等，故增設條款容許業主可透過土審處申請豁免，亦賦權當局可按個別情况延長收款時限，確保業主收到應得的利息。

現時收回祖堂地須祖堂全體成員一致同意才可向司理發放補償，發展局早前建議，即使未獲祖堂全體成員同意，亦可向沒有註冊司理出缺的祖堂支付補償金，而最新文件指出，不會將建議擴展至司理出缺的祖堂，強調若有司理出缺，應先按既定機制處理。

新界西北立法會議員莊豪鋒稱，理解政府希望快速派發補償金，惟難保村民之間存在爭拗，若村民未達成共識，不滿者仍可能透過司法覆核追討，反而「因快得慢」，建議政府成立特別小組專門協調解決鄉村祖堂地收地問題。

北都跨境流動便利 擬不限於河套 專屬法例多招鬆綁 涵物資數據資金流 (2026-06-20)

賦權特首行會刊憲公告 改北都範圍採先訂後審 (2026-06-20)

跨境基建准用國標器械 發展局：非放寬要求 (2026-06-20)"
陳國基：貧窮線有不足　政府政策有成效指標量度扶貧成效,2026-06-20 11:39,https://news.mingpao.com/ins/%e6%b8%af%e8%81%9e/article/20260620/s00001/1781926815904/%e9%99%b3%e5%9c%8b%e5%9f%ba-%e8%b2%a7%e7%aa%ae%e7%b7%9a%e6%9c%89%e4%b8%8d%e8%b6%b3-%e6%94%bf%e5%ba%9c%e6%94%bf%e7%ad%96%e6%9c%89%e6%88%90%e6%95%88%e6%8c%87%e6%a8%99%e9%87%8f%e5%ba%a6%e6%89%b6%e8%b2%a7%e6%88%90%e6%95%88,mingpao,港聞,2026-06-20 12:15,"政府前日公布《香港精準扶貧成果報告》，鎖定3個目標群組再識別最需要幫助的對象，棄用貧窮線且不定義貧窮。政務司長陳國基今（20日）表示，貧窮線本有不足之處，但廢除貧窮線不代表政府不理會低收入人士，政府冀以「精準扶貧」幫助綜援網外的有需要人士；他又提到政府政策和計劃有成效指標，毋須擔心無法量度扶貧工作成效。

被問不再定義貧窮，是否意味着不再計算貧窮人口，政府扶貧工作失去KPI，陳國基今早在商台節目《政經星期六》表示，政府每個政策及計劃都有成效指標，毋須擔心無法量度。他解釋，貧窮線本有不足之處，只有以「收入微薄」作為指標，並沒計入資產，即如一名已退休的長者持有四、五幢物業，仍在被定義為「貧窮」。他認為隨着本港人口老化，再以此方式定義貧窮，貧窮人口將會愈來愈多。他續指，貧窮線以往未能協助找出貧窮人口並為他們提供適切幫助，因此當局認為貧窮線參考價值不大。

陳國基強調，廢除貧窮線不代表政府完全不理低收入人士，指政府本有綜援網為低收入人士「兜底」。他續稱特首認為只幫助低收入人士並不足夠，須為其他有需要人士提供協助，因此望以「精準扶貧」概念扶助綜援網外的有需要人士，即全長者戶、單親戶及劏房戶，3個目標群組人數共約90萬。

政府將針對目標群組按其需要度身訂造四大精準扶貧項目，包括社區客廳、在校課後託管服務、共創明「Teen」及關愛隊支援長者。陳國基稱，共創明「Teen」計劃旨在減少「隔代貧窮」；他指兒童之間的智力相若，基層家庭兒童只欠經驗和眼界，又指計劃讓他們擴闊眼界，以減低跨代貧窮問題。他續指計劃有8個指標，包括自信心、人際關係等，稱計劃至今約1.4萬個學生中，絕大部分均在指標中錄得增長；認為計劃對兒童成長有很大幫助。

陳又提到，本港今年內將會增加4間社區客廳，現時已有約1萬戶家庭登記，使用人次約200萬人次；他認為數字反映社區客廳使用率頻密。至於關愛隊，陳國基指出，過去地區關愛隊已接觸並轉介全長者戶至其他社會服務，轉介數逾1.3萬；他認為有關轉介雖不被社會察覺，但有需要人士可由心理學家跟進，或已避免許多悲劇發生，當局冀加強這方面的工作。

他稱當局不排除社會上有其他有需要的目標群組，如照顧者、少數族裔等，當局會在新一屆扶貧委員會討論。"
廣州白雲機場截查旅客行李箱　檢300克大麻,2026-06-20 11:20,https://news.mingpao.com/ins/%e5%85%a9%e5%b2%b8/article/20260620/s00004/1781926002553/%e5%bb%a3%e5%b7%9e%e7%99%bd%e9%9b%b2%e6%a9%9f%e5%a0%b4%e6%88%aa%e6%9f%a5%e6%97%85%e5%ae%a2%e8%a1%8c%e6%9d%8e%e7%ae%b1-%e6%aa%a2300%e5%85%8b%e5%a4%a7%e9%ba%bb,mingpao,兩岸,2026-06-20 11:45,近日，廣州海關在廣州白雲機場口岸查獲旅客違法攜帶毒品大麻入境，共計300克。據微信公眾號「海關發布」昨日（19日）消息 ，廣州海關所屬廣州白雲機場海關關員對一架入境航班進行監管時，發現一名旅客攜帶的行李箱機檢圖像異常。海關關員隨即攔截並進一步查驗，在該旅客的行李箱中查獲大量糉狀物品，拆開後發現其中藏有用藍色塑料袋包裹的條狀物品，散發出濃烈的刺鼻氣味。經鑑定，確認上述物品為毒品大麻。（澎湃新聞）
機場金條搶劫案7男女被捕　警方：仍有在逃人不排除熟人參與,2026-06-20 11:08,https://news.mingpao.com/ins/%e6%b8%af%e8%81%9e/article/20260620/s00001/1781927787692/%e6%a9%9f%e5%a0%b4%e9%87%91%e6%a2%9d%e6%90%b6%e5%8a%ab%e6%a1%887%e7%94%b7%e5%a5%b3%e8%a2%ab%e6%8d%95-%e8%ad%a6%e6%96%b9-%e4%bb%8d%e6%9c%89%e5%9c%a8%e9%80%83%e4%ba%ba%e4%b8%8d%e6%8e%92%e9%99%a4%e7%86%9f%e4%ba%ba%e5%8f%83%e8%88%87,mingpao,local,2026-06-20 15:15,"機場搶劫金條案4男3女落網。事發於6月18日凌晨約12時30分，警方接報36歲胡姓男子於機場三號停車場取車時，被3名蒙面男子持刀伏擊並搶走一個背囊，內有6條每條重一公斤金條，總值約港幣700萬元，匪徒得手後登上接應七人車逃去。

胡受僱於一名內地商人，由印尼獨自運金回港、當落機後步行到三號停車場準備上車時遇襲，後大腿及左前臂受傷，送瑪嘉烈醫院接受治療，目前情況穩定。

新界南總區重案組隨即調查並透過情報分析及「銳眼計劃」全港閉路電視網絡覆蓋，於短時間內已掌握涉案人物身分。警方於接報後12小時內展開拘捕行動，暫拘捕4男3女，年齡20至39歲本地居民，部分有黑社會背景。7人罪名包括「串謀行劫」、「行使虛假文書」、「協助罪犯」及其他相關交通罪行。涉案角色涵蓋策劃人、持刀劫匪、接應司機、車主，以及其他協助犯案者預訂酒店。7人正被扣查。

新界南總區刑事總部高級警司姚永勤表示，案件為有針對性、有預謀；匪徒一早掌握男事主航班、路線、泊車位置等詳細資料。案件極可能涉及通風報信，甚至熟人參與。而非一般街頭搶劫。

警方已於荃灣尋回接應車輛，並已起回涉案刀具，但尚未尋回金條。

姚又指部分涉案疑犯相信已潛逃內地，警方已透過相關渠道向內地執法單位要求協助，全力緝捕。搜捕行動仍然繼續，不排除再有人被捕。"
機場金條搶刧案7男女被捕　警方：仍有在逃人不排除熟人參與,2026-06-20 11:08,https://news.mingpao.com/ins/%e6%b8%af%e8%81%9e/article/20260620/s00001/1781927787692/%e6%a9%9f%e5%a0%b4%e9%87%91%e6%a2%9d%e6%90%b6%e5%88%a7%e6%a1%887%e7%94%b7%e5%a5%b3%e8%a2%ab%e6%8d%95-%e8%ad%a6%e6%96%b9-%e4%bb%8d%e6%9c%89%e5%9c%a8%e9%80%83%e4%ba%ba%e4%b8%8d%e6%8e%92%e9%99%a4%e7%86%9f%e4%ba%ba%e5%8f%83%e8%88%87,mingpao,local,2026-06-20 12:15,"機場搶刧金條案，4男3女落網。事發於6月18日凌晨約12時30分，警方接報36歲胡姓男子於機場三號停車場取車時，被3名蒙面男子持刀伏擊並搶走一個背囊，內有6條每條重一公斤金條，總值約港幣700萬元，匪徒得手後登上接應七人車逃去。

胡受僱一名內地商人，由印尼獨自運金回港、當落機後步行到三號停車場準備上車時遇襲，後大腿及左前臂受傷，送瑪嘉烈醫院接受治療，目前情況穩定。

由於案件極之嚴重，新界南總區重案組隨即調查並透過情報分析及「銳眼計劃」全港閉路電視網絡覆蓋，於短時間內已掌握涉案人物身分。

警方於接報後12小時內已經展開拘捕行動。至目前共拘捕4男3女，年齡20至39歲本地居民，部分有黑社會背景。7人罪名包括「串謀行劫」、「行使虛假文書」、「協助罪犯」及其他相關交通罪行。涉案角色涵蓋：策劃人、持刀劫匪、接應司機、車主，以及其他協助犯案嘅人（替在途疑犯預訂酒店）。7人正被扣查。

新界南總區刑事總部高級警司姚永勤表示，案件為有針對性、有預謀；匪徒一早掌握男事主航班、路線、泊車位置等詳細資料。案件極可能涉及通風報信，甚至熟人參與。而非一般街頭搶劫。

警方已於荃灣尋回接應車輛，並已起回涉案刀具，但尚未尋回金條。

姚又指部分涉案疑犯相信已潛逃內地，警方已透過相關渠道向內地執法單位要求協助，全力緝捕。搜捕行動仍然繼續，不排除再有人被捕。"
世界盃︱巴西3球輕取海地奪今屆首勝　馬菲奧斯根夏梅開二度　海地成首支出局球隊,2026-06-20 10:38,https://news.mingpao.com/ins/%e9%ab%94%e8%82%b2/article/20260620/s00006/1781922121525/%e4%b8%96%e7%95%8c%e7%9b%83-%e5%b7%b4%e8%a5%bf3%e7%90%83%e8%bc%95%e5%8f%96%e6%b5%b7%e5%9c%b0%e5%a5%aa%e4%bb%8a%e5%b1%86%e9%a6%96%e5%8b%9d-%e9%a6%ac%e8%8f%b2%e5%a5%a7%e6%96%af%e6%a0%b9%e5%a4%8f%e6%a2%85%e9%96%8b%e4%ba%8c%e5%ba%a6-%e6%b5%b7%e5%9c%b0%e6%88%90%e9%a6%96%e6%94%af%e5%87%ba%e5%b1%80%e7%90%83%e9%9a%8a,mingpao,體育,2026-06-20 11:15,"首戰失分的巴西隊，今早（20日）在世界盃分組賽C組次仗，憑復任正選的馬菲奧斯根夏梅開二度，加上雲尼斯奧斯祖利亞傳射居功，藉上半場3個入球以3：0大勝海地隊，取得今屆首場勝仗。

巴西首仗與摩洛哥隊打和1：1，今仗身穿藍色作客球衣正選陣容有兩個變動，由馬菲奧斯根夏與丹尼路雷斯，取代伊戈泰亞高及羅渣伊賓尼斯分任前鋒及右閘，尼馬繼續因傷缺陣；位於加勒比海島國的海地隊由首仗0：1負蘇格蘭隊踢4後衛，今仗改踢5後衛5-4-1陣式穩守突擊。

巴西上仗對摩洛哥時中場被展壓，今仗雖然維持卡斯米路、般奴古馬雷斯及盧卡斯柏基達的組合，不過今仗主帥安察洛堤調整了分工清晰，卡斯米路位置明顯較深及專心駁腳，交由古馬雷斯及柏基達派牌，前者便在11及22分鐘兩度直線傳予拉芬夏比洛尼射入網及單刀挑射出界，但均被指越位在先。不過「森巴兵團」仍於23分鐘先開紀錄，翼鋒雲尼斯奧斯射門被門將撲出不遠，守將欲解圍時「省」中衝前的馬菲奧斯根夏彈入網。這名曼聯前鋒36分鐘再下一城梅開二度，接應雲尼斯奧斯妙傳突破防線左腳勁射掛網，領先2：0。拉芬夏40分鐘傷出，由19歲般尼茅夫翼鋒拉恩域陀入替首亮相世界盃。雲尼斯奧斯補時3分鐘突破防線單刀破網，連續兩場建功，為巴西上半場遙遙領先3球。

世界排名83位的海地隊上半場受壓被圍攻，雖仍有數次反擊機會攻入對方禁區，但傳中欠準繩下未能製造攻門機會。海地下半場踢回4後衛陣式，63分鐘有「破蛋」黃金機會，中堅列卡度阿迪角球頭槌被門將艾利臣比加雙手撲出，再由丹尼路雷斯門前倒掛解圍。巴西之後收起根夏及柏基達，由安迪歷及加比爾馬天尼利入替，後者上陣4分鐘後即有攻門但中楣兼越位。安迪歷及後亦有破網越位「食詐糊」，終維持勝3：0完場。

巴西與摩洛哥隊賽後同樣2戰4分排C組前兩位，蘇格蘭3分排第3，海地兩連敗後及對賽成績不敵蘇格蘭隊後，成為今季首支出局球隊。"
鄭州汽車用品商城火災釀2死2傷,2026-06-20 10:21,https://news.mingpao.com/ins/%e5%85%a9%e5%b2%b8/article/20260620/s00004/1781923614362/%e9%84%ad%e5%b7%9e%e6%b1%bd%e8%bb%8a%e7%94%a8%e5%93%81%e5%95%86%e5%9f%8e%e7%81%ab%e7%81%bd%e9%87%802%e6%ad%bb2%e5%82%b7,mingpao,兩岸,2026-06-20 11:15,"河南省鄭州市金水區宏達國際車業廣場昨晚（19日）9時許發生火災。官方通報，截至今日（20日）凌晨1時，火災導致2人遇難，2人輕傷。當前所有明火已撲滅，救援工作結束。公安機關已對宏達國際車業廣場實際控制人採取強制措施，正開展相關善後工作，並調查起火原因。

據了解，宏達國際車業廣場為汽車用品專業批發市場，起火建築為混凝土框架結構，主體4層，單層建築面積4000餘平方米，樓頂有小量臨時加蓋建築，起火位置位於3層西側商舖，着火物質為橡膠材料、汽車飾品和配件等。（新華社）

相關報道：鄭州一汽車用品商城起火 有樓棟火光沖天濃煙滾滾"
灣仔道爆水管成澤國　料凌晨恢復食水供應　電車服務一度暫停,2026-06-20 10:05,https://news.mingpao.com/ins/%e6%b8%af%e8%81%9e/article/20260620/s00001/1781922286566/%e7%81%a3%e4%bb%94%e9%81%93%e7%88%86%e6%b0%b4%e7%ae%a1%e6%88%90%e6%be%a4%e5%9c%8b-%e6%96%99%e5%87%8c%e6%99%a8%e6%81%a2%e5%be%a9%e9%a3%9f%e6%b0%b4%e4%be%9b%e6%87%89-%e9%9b%bb%e8%bb%8a%e6%9c%8d%e5%8b%99%e4%b8%80%e5%ba%a6%e6%9a%ab%e5%81%9c,mingpao,local,2026-06-20 12:15,"灣仔發生爆水管案件。今凌晨（20日）5時許，天樂里近灣仔道一條直徑10吋食水管突然爆裂，現場路面佈滿淤泥及行人路亦有大量泥水積聚，有市民需涉水而行，亦有商舖忙於清理積水。因事故灣仔道和天樂里交界部份行車線一度封閉，有兩輛電車被淤泥阻塞無法行駛，跑馬地圏電車服務曾一度暫停。

工程團隊全力進行水管維修，並爭取今晚凌晨12時前完成有關的水管維修工程並恢復食水供應。水務署及相關工程人員到現場進行緊急搶修及清理工作。經清理路軌及路面淤泥後，交通已恢復正常。"
孫玉菡：荔景邨雙老倫常事件屬悲劇　政府將探討擴大優先關顧範圍,2026-06-20 09:49,https://news.mingpao.com/ins/%e6%b8%af%e8%81%9e/article/20260620/s00001/1781920787737/%e5%ad%ab%e7%8e%89%e8%8f%a1-%e8%8d%94%e6%99%af%e9%82%a8%e9%9b%99%e8%80%81%e5%80%ab%e5%b8%b8%e4%ba%8b%e4%bb%b6%e5%b1%ac%e6%82%b2%e5%8a%87-%e6%94%bf%e5%ba%9c%e5%b0%87%e6%8e%a2%e8%a8%8e%e6%93%b4%e5%a4%a7%e5%84%aa%e5%85%88%e9%97%9c%e9%a1%a7%e7%af%84%e5%9c%8d,mingpao,港聞,2026-06-20 10:15,荔景邨昨揭發倫常命案。女兒昨午登門探望時，發現七旬繼父於風景樓寓所單位自縊，近七旬母倒臥牀上，頭部遭被鋪覆蓋毫無反應，送院搶救後證實不治，勞工及福利局長孫玉菡今早(20日)出席商台節目《政經星期六》時，形容今次事件是悲劇。他指今次事主並非社工跟進個案，加上兩人未滿80歲，亦不在「關愛隊」的探訪名單中，局方會思考如何持續優化政策，並探討與醫管局合作，擴大優先關顧對象的範圍。
Amigo車隊的士疑路中停車落客  運輸署：營辦商已即時終止與司機合作,2026-06-20 09:41,https://news.mingpao.com/ins/%e6%b8%af%e8%81%9e/article/20260620/s00001/1781920023048/amigo%e8%bb%8a%e9%9a%8a%e7%9a%84%e5%a3%ab%e7%96%91%e8%b7%af%e4%b8%ad%e5%81%9c%e8%bb%8a%e8%90%bd%e5%ae%a2-%e9%81%8b%e8%bc%b8%e7%bd%b2-%e7%87%9f%e8%be%a6%e5%95%86%e5%b7%b2%e5%8d%b3%e6%99%82%e7%b5%82%e6%ad%a2%e8%88%87%e5%8f%b8%e6%a9%9f%e5%90%88%e4%bd%9c,mingpao,local,2026-06-20 10:15,早前有網上有片段顯示，一輛Amigo車隊的士在青山公路荃灣段，近環貿廣場對出的上橋位前停車落客，司機並下車為乘客搬行李。兩名乘客其後推著行李，橫過兩條行車線，走上行人路。Amigo昨晚發聲明，指涉事乘客經線上平台預約即時用車服務，行程原定由馬鞍山前往機場；惟乘客上車後，沿途多次就行駛路線及方向提出指示；司機駛至南豐紗廠附近時，乘客強烈要求立即停車，並揚言報警。司機最終讓乘客離開車廂。Amigo聲明指，車隊高度重視事件，絕不認同任何危害道路安全及涉嫌違法的行為，並強調在任何突發情況下，司機均應在合法及安全的地點讓乘客下車。事件發生後，車隊已即時停止涉事司機服務。涉事司機已就事件報警，車隊將全力配合警方調查。車隊重申，一直將道路安全及服務質素置於首位。未來會進一步加強司機培訓和服務監管機制，並提醒旗下所有司機，如在行程途中與乘客遇上任何突發爭執，必須在安全情況下將車輛駛往安全地點，並立即聯絡車隊平台尋求協助或報警處理，以確保乘客、司機及其他道路使用者的安全。運輸署表示非常關注事件，指涉事車隊營辦商已即時終止與該司機合作，署方已要求營辦商提交報告。
七一優惠．大館｜指定場次展覽門票買一送一　參加公眾導賞團獲贈限量禮物,2026-06-20 09:30,https://news.mingpao.com/ins/%e7%86%b1%e9%bb%9e/article/20260620/s00024/1781790003517/%e4%b8%83%e4%b8%80%e5%84%aa%e6%83%a0-%e5%a4%a7%e9%a4%a8-%e6%8c%87%e5%ae%9a%e5%a0%b4%e6%ac%a1%e5%b1%95%e8%a6%bd%e9%96%80%e7%a5%a8%e8%b2%b7%e4%b8%80%e9%80%81%e4%b8%80-%e5%8f%83%e5%8a%a0%e5%85%ac%e7%9c%be%e5%b0%8e%e8%b3%9e%e5%9c%98%e7%8d%b2%e8%b4%88%e9%99%90%e9%87%8f%e7%a6%ae%e7%89%a9,mingpao,熱點,2026-06-20 10:15,"為慶祝回歸29周年，大館即日起至7月1日推出優惠，於大館網站以「大館FAN」帳戶（免費登記），購買「拍住上—光影裏並肩馳騁的我們」展覽於6月23日至7月1日期間上午11時至下午3時指定場次之標準票，即可享限量門票買一送一優惠。

另外，優惠期間公眾導賞團名額由每團15人增加至20人。凡參加「漫遊古蹟」或「大館一磚一瓦」公眾導賞團，完成導賞後即可獲贈大館限量版鉛芯筆一支，網上預約或即場參與的訪客均可享此禮遇。（大館官網）"
將軍澳海濱長廊海中載浮載沉　九旬翁昏迷送院搶救後不治,2026-06-20 09:25,https://news.mingpao.com/ins/%e6%b8%af%e8%81%9e/article/20260620/s00001/1781919615602/%e5%b0%87%e8%bb%8d%e6%be%b3%e6%b5%b7%e6%bf%b1%e9%95%b7%e5%bb%8a%e6%b5%b7%e4%b8%ad%e8%bc%89%e6%b5%ae%e8%bc%89%e6%b2%89-%e4%b9%9d%e6%97%ac%e7%bf%81%e6%98%8f%e8%bf%b7%e9%80%81%e9%99%a2%e6%90%b6%e6%95%91%e5%be%8c%e4%b8%8d%e6%b2%bb,mingpao,local,2026-06-20 10:15,將軍澳發生有人墮海案件。今晨（20日）5時許，警方接獲途人報案，指唐俊街開海濱長廊對開海面見一男子載浮載沉於是報警。水警到場救起昏迷90歲曾姓老翁，送往將軍澳醫院後搶救不治。據悉男死者擔心身體健康問題。警方於現場並無檢獲遺書，死因則有待驗屍後確定。
倫敦以北兩列火車相撞　釀1死89傷,2026-06-20 09:24,https://news.mingpao.com/ins/%e5%9c%8b%e9%9a%9b/article/20260620/s00005/1781916158321/%e5%80%ab%e6%95%a6%e4%bb%a5%e5%8c%97%e5%85%a9%e5%88%97%e7%81%ab%e8%bb%8a%e7%9b%b8%e6%92%9e-%e9%87%801%e6%ad%bb89%e5%82%b7,mingpao,國際,2026-06-20 09:45,"英國倫敦以北的貝德福德（Bedford）周五（19日）發生火車相撞事故，釀成一名火車司機死亡、89人受傷，其中11人傷勢「非常嚴重」，另外22人重傷，56人輕傷。

事發於當地時間下午5時15分，兩列同樣駛往倫敦的列車在同一條路軌上相撞。有指事發時其中一列火車疑似因故障而在路軌上慢駛或停下，被另一列火車從後撞上，但當局未確認事發原因。

乘客Pete Knapp形容，事發後車廂就像經歷「炸彈爆炸」，其間曾經冒煙，很多人腿部骨折，他自己也腿部流血。另一名乘客Teresa Itabor說，當時傳出一聲巨響，她看見很多人倒在地上，車廂內到處是血。（BBC/法新社）"
特朗普：今年會再到訪中國,2026-06-20 08:56,https://news.mingpao.com/ins/%e5%9c%8b%e9%9a%9b/article/20260620/s00005/1781917074680/%e7%89%b9%e6%9c%97%e6%99%ae-%e4%bb%8a%e5%b9%b4%e6%9c%83%e5%86%8d%e5%88%b0%e8%a8%aa%e4%b8%ad%e5%9c%8b,mingpao,國際,2026-06-20 09:15,"美國總統特朗普周五（19日）表示，今年會再到訪中國。

特朗普周五在馬里蘭州安德魯斯空軍基地公開卡塔爾所贈的波音747客機，該客機將用作總統專機空軍一號。他發言時並透露自己今年的出訪行程，稱會出訪土耳其，也會再次訪華。他說中國國家主席習近平9月會訪美，他自己則會到中國出席大型會議。（路透社）"
端午節兼世界盃警反酒駕　座上客余德丞銅鑼灣遇查,2026-06-20 08:54,https://news.mingpao.com/ins/%e6%b8%af%e8%81%9e/article/20260620/s00001/1781918508284/%e7%ab%af%e5%8d%88%e7%af%80%e5%85%bc%e4%b8%96%e7%95%8c%e7%9b%83%e8%ad%a6%e5%8f%8d%e9%85%92%e9%a7%95-%e5%ba%a7%e4%b8%8a%e5%ae%a2%e4%bd%99%e5%be%b7%e4%b8%9e%e9%8a%85%e9%91%bc%e7%81%a3%e9%81%87%e6%9f%a5,mingpao,local,2026-06-20 10:15,"銅鑼灣發生兩宗酒後駕駛案件。今凌晨（20日）零時許，港島總區交通部執行及管制組特遣隊，趁端午節及世界盃進行期間於銅鑼灣展開打擊醉駕行動，在霎東街33號對開設置路障、並出動警察流動呼氣測試中心。該車配備俗稱「大機」以即場作測試。行動其間一輛掛有中港車牌私家車行駛時左搖右擺，警員於是將車截停。38歲梁姓男司機接受酒精呼氣測試後再於流動呼氣測試中心接受「大機」測試，結果為73度超出法定22度。梁涉嫌「酒後駕駛」即場被捕。

而藝人余德丞則為座上乘客，據悉當時出席完婚宴後乘坐梁所駕車輛返回跑馬地。余見有記者在場即急急徒步離去。而涉事車輛則由另一男友人駛走。

至凌晨4時許，警員於銅鑼灣耀華街見一名非華裔男子步履不穩與女友離開酒吧，然後登上私家車離開，當其駛至霎東街33號對開時警員將車截停。該名非華裔男司機未能通過兩次酒精呼氣測試，涉嫌「酒後駕駛」被捕，現正被扣留調查。"
天氣｜天文台：多雲有驟雨　最高32°C,2026-06-20 08:09,https://news.mingpao.com/ins/%e7%86%b1%e9%bb%9e/article/20260620/s00024/1781914226114/%e5%a4%a9%e6%b0%a3-%e5%a4%a9%e6%96%87%e5%8f%b0-%e5%a4%9a%e9%9b%b2%e6%9c%89%e9%a9%9f%e9%9b%a8-%e6%9c%80%e9%ab%9832-c,mingpao,熱點,2026-06-20 08:45,"早上8時，天文台錄得氣溫29°C，相對濕度85%。

一股偏南氣流正影響廣東。同時，西北太平洋的副熱帶高壓脊正逐漸向西伸展。

在上午8時，熱帶風暴米克拉集結在雅蒲島以北約540公里，預料向西北偏西移動，時速約22公里，移向菲律賓以東海域。

本港今日（20日）大致多雲，初時有幾陣驟雨。日間部分時間有陽光及炎熱，市區最高氣溫約32°C，新界再高一兩度。吹和緩至清勁偏南風，初時高地間中吹強風。展望未來數日大致天晴，日間酷熱。（天文台）

"
世界盃｜摩洛哥1：0小勝蘇格蘭　沙巴利連續兩仗先開紀錄　71秒建功寫隊史世盃最快,2026-06-20 07:59,https://news.mingpao.com/ins/%e9%ab%94%e8%82%b2/article/20260620/s00006/1781908090638/%e4%b8%96%e7%95%8c%e7%9b%83-%e6%91%a9%e6%b4%9b%e5%93%a51-0%e5%b0%8f%e5%8b%9d%e8%98%87%e6%a0%bc%e8%98%ad-%e6%b2%99%e5%b7%b4%e5%88%a9%e9%80%a3%e7%ba%8c%e5%85%a9%e4%bb%97%e5%85%88%e9%96%8b%e7%b4%80%e9%8c%84-71%e7%a7%92%e5%bb%ba%e5%8a%9f%e5%af%ab%e9%9a%8a%e5%8f%b2%e4%b8%96%e7%9b%83%e6%9c%80%e5%bf%ab,mingpao,體育,2026-06-20 08:15,"摩洛哥隊今早（20日）憑射手沙巴利連續兩場先拔頭籌，開賽71秒一箭定江山，在美加墨世界盃C組次輪以1：0小勝蘇格蘭隊。摩洛哥隊累積1勝1和，賽後在積分榜反壓1勝1負的蘇格蘭隊1分。

蘇格蘭隊首戰1：0小勝海地隊，主帥奇勒今仗改以3後衛陣式示人，正選對比上仗有3個調動，其中前阿仙奴後衛基蘭泰亞尼今屆首度登場。摩洛哥隊則保留首輪1：1賽和的巴西隊的正選11人。

蘇格蘭隊上次參與1998年世界盃時也曾與摩洛哥隊碰頭，當時蘇軍以0：3落敗。摩洛哥隊這次一樣是壓制對手的一方，盛傳將從燕豪芬轉投拜仁慕尼黑的摩洛哥隊前鋒沙巴利，開賽不足2分鐘便接應巴謙戴亞斯長傳，突破越位單刀勁射得手，連續兩仗先開紀錄之餘，更寫下隊史世盃最快入球紀錄。摩軍翼鋒艾簡奴斯36分鐘有機會拉開比數，接應沙巴利傳送後單刀高出失機。蘇格蘭隊戰至補時錄得首次攻門，約翰麥甘尼接應安德魯羅拔臣傳中，底線窄位起腳未能命中目標。摩洛哥半場一球領先。

摩洛哥隊下半場續獲得較多攻勢，沙巴利50分鐘再有威脅埋門，接應艾簡奴斯傳中前柱搶點，皮球「省」中蘇軍後衛積亨特利後中楣彈出。艾簡奴斯兩分鐘接應隊長夏基美角球，頭槌攻門被敵軍門將安格斯根恩擋走。蘇格蘭隊及後有基蘭泰亞尼傷出，由上仗表現活躍的20歲小將賓杜亞克入替；該隊最有威脅的射門出現於64分鐘，中場賴恩基士堤禁區頂起腳高出。蘇格蘭尾段攻勢愈趨入肉，中場麥湯米尼82分鐘禁區內疑被摩軍中場艾拿奧爾踢跌，球證未有任何表示。蘇格蘭隊最終未能扳平比數，摩洛哥1：0打開勝利之門。"
世界盃｜摩洛哥1：0小勝蘇格蘭　沙巴利連續兩仗先開紀錄　69秒建功寫隊史世盃最快,2026-06-20 07:59,https://news.mingpao.com/ins/%e9%ab%94%e8%82%b2/article/20260620/s00006/1781908090638/%e4%b8%96%e7%95%8c%e7%9b%83-%e6%91%a9%e6%b4%9b%e5%93%a51-0%e5%b0%8f%e5%8b%9d%e8%98%87%e6%a0%bc%e8%98%ad-%e6%b2%99%e5%b7%b4%e5%88%a9%e9%80%a3%e7%ba%8c%e5%85%a9%e4%bb%97%e5%85%88%e9%96%8b%e7%b4%80%e9%8c%84-69%e7%a7%92%e5%bb%ba%e5%8a%9f%e5%af%ab%e9%9a%8a%e5%8f%b2%e4%b8%96%e7%9b%83%e6%9c%80%e5%bf%ab,mingpao,體育,2026-06-20 08:00,"摩洛哥隊今早（20日）憑射手沙巴利連續兩場先拔頭籌，開賽69秒一箭定江山，在美加墨世界盃C組次輪以1：0小勝蘇格蘭隊。摩洛哥隊累積1勝1和，賽後在積分榜反壓1勝1負的蘇格蘭隊1分。

蘇格蘭隊首戰1：0小勝海地隊，主帥奇勒今仗改以3後衛陣式示人，正選對比上仗有3個調動，其中前阿仙奴後衛基蘭泰亞尼今屆首度登場。摩洛哥隊則保留首輪1：1賽和的巴西隊的正選11人。

蘇格蘭隊上次參與1998年世界盃時也曾與摩洛哥隊碰頭，當時蘇軍以0：3落敗。摩洛哥隊這次一樣是壓制對手的一方，盛傳將從燕豪芬轉投拜仁慕尼黑的摩洛哥隊前鋒沙巴利，開賽不足2分鐘便接應巴謙戴亞斯長傳，突破越位單刀勁射得手，連續兩仗先開紀錄之餘，更寫下隊史世盃最快入球紀錄。摩軍翼鋒艾簡奴斯36分鐘有機會拉開比數，接應沙巴利傳送後單刀高出失機。蘇格蘭隊戰至補時錄得首次攻門，約翰麥甘尼接應安德魯羅拔臣傳中，底線窄位起腳未能命中目標。摩洛哥半場一球領先。

摩洛哥隊下半場續獲得較多攻勢，沙巴利50分鐘再有威脅埋門，接應艾簡奴斯傳中前柱搶點，皮球「省」中蘇軍後衛積亨特利後中楣彈出。艾簡奴斯兩分鐘接應隊長夏基美角球，頭槌攻門被敵軍門將安格斯根恩擋走。蘇格蘭隊及後有基蘭泰亞尼傷出，由上仗表現活躍的20歲小將賓杜亞克入替；該隊最有威脅的射門出現於64分鐘，中場賴恩基士堤禁區頂起腳高出。蘇格蘭尾段攻勢愈趨入肉，中場麥湯米尼82分鐘禁區內疑被摩軍中場艾拿奧爾踢跌，球證未有任何表示。蘇格蘭隊最終未能扳平比數，摩洛哥1：0打開勝利之門。"
世界盃︱美國2：0挫澳洲取兩連勝提早出線　繼墨西哥後第2支躋身32強球隊,2026-06-20 05:05,https://news.mingpao.com/ins/%e9%ab%94%e8%82%b2/article/20260620/s00006/1781878491801/%e4%b8%96%e7%95%8c%e7%9b%83-%e7%be%8e%e5%9c%8b2-0%e6%8c%ab%e6%be%b3%e6%b4%b2%e5%8f%96%e5%85%a9%e9%80%a3%e5%8b%9d%e6%8f%90%e6%97%a9%e5%87%ba%e7%b7%9a-%e7%b9%bc%e5%a2%a8%e8%a5%bf%e5%93%a5%e5%be%8c%e7%ac%ac2%e6%94%af%e8%ba%8b%e8%ba%ab32%e5%bc%b7%e7%90%83%e9%9a%8a,mingpao,體育,2026-06-20 05:15,"東道主之一的美國隊今晨（20日）在西雅圖球場與澳洲隊上演的D組榜首戰，憑藉對手烏龍球及後衛阿歷斯費文的頭槌以2：0淨勝，兩戰全勝得6分後提早篤定躋身32強，連同日前已過關的墨西哥隊，今屆最早兩支出線球隊皆為主辦國。

美國與澳洲首輪分別贏波同得3分，今仗碰頭上演榜首戰，「花旗兵」雖有主力翼鋒基斯甸普列錫因傷缺陣，但球隊甫開賽已佔上風，並於11分鐘由上輪「起孖」的前鋒科拿連巴洛根於左路憑速度壓入禁區後傳中，迫使回防心切的澳洲後衛卡美倫貝基斯將皮球踢入自家大門「擺烏龍」，令美國領先1：0。戰至43分鐘，美國翼鋒達斯在禁區遠射「省」中對手後跌落門前不遠處，隊友後衛阿歷斯費文隨即頭槌頂入空門，當刻球證一度吹罰費文越位在先，但經視像裁判（VAR）覆核後證實並無越位，判入球有效，美國亦以2：0領先半場。

換邊後51分鐘，巴洛根藉一次反擊呈單刀之勢，惟他起腳時被及時回防的澳洲後衛施卡迪封截無功而還。末段澳洲積極反撲，多次在禁區內藉混戰製造機會，但受制美國屯重兵穩守一直未能真正威脅主隊大門，最終美國以2：0擊敗澳洲，兩戰全勝後篤定出線，亦是繼另一東道主墨西哥隊後，第2支鎖定32強席位的球隊。"
特朗普嘲梅洛尼「懇求合照」　意大利朝野震怒　外長取消訪美,2026-06-20 00:10,https://news.mingpao.com/ins/%e5%9c%8b%e9%9a%9b/article/20260620/s00005/1781882625190/%e7%89%b9%e6%9c%97%e6%99%ae%e5%98%b2%e6%a2%85%e6%b4%9b%e5%b0%bc%e3%80%8c%e6%87%87%e6%b1%82%e5%90%88%e7%85%a7%e3%80%8d-%e6%84%8f%e5%a4%a7%e5%88%a9%e6%9c%9d%e9%87%8e%e9%9c%87%e6%80%92-%e5%a4%96%e9%95%b7%e5%8f%96%e6%b6%88%e8%a8%aa%e7%be%8e,mingpao,國際,2026-06-20 00:45,"美國總統特朗普涉嫌發表意大利總理梅洛尼在七國集團（G7）峰會期間「懇求」與他合照之說後，衍生兩國外交風波。梅洛尼周五（19日）指特朗普「捏造」事實，其外長斥特朗普的言論「令人反感」宣布取銷訪美行程。

意大利電視台La7 TV周四晚播出特朗普接受該台記者電話訪問的錄音，特朗普的說話以意大利語配音播出，當中特朗普說，本周初在法國埃維昂萊班出席G7峰會期間，梅洛尼曾請他合照。特朗普道：「她懇求我跟她合照；我覺得她挺可憐的。」他又說：「她似乎樂於跟我說話，我沒有必要跟她說話。」。

G7峰會期間現場拍攝的影片顯示，特朗普與梅洛尼間曾多次同框，其中一幕是兩人在一張小沙發上促膝交談，梅洛尼面帶笑容。

梅洛尼周五早上在社交平台Instagram指特朗普之言「無中生有」，感到「非常震驚」。她表示這已非第一次出現同類時事，不曉得他為何以這種方式對待盟友，「只能說令人遺憾」。她強調：「他得記住，無論是我，還是意大利，都絕不低聲下氣求人。」

意大利外長塔亞尼（Antonio Tajani）在X平台表示，特朗普的言論「嚴重且冒犯」，他將取消原定6月21日至22日的訪美行程。司法部長諾爾迪奧（Carlo Nordio）表示，有關言論「嚴重損害」了意美關係。國防部長克羅塞托（Guido Crosetto）表示，「講這些玩笑對誰都沒有好處」。

梅洛尼於2022年當選，是唯一出席特朗普2025年1月就職典禮的歐洲領袖，曾被歐盟盟友普遍視為與特朗普之間潛在的橋樑人物。然而，梅洛尼對美國攻擊伊朗一直表示反對，今年4月特朗普接受意大利《晚郵報》電話訪問時予以回擊，稱「我以為她有勇氣，但我想錯了」。

當特朗普批評教宗利奧十四世「對罪行軟弱、外交政策一塌糊塗」時，梅洛尼亦明言有關言論「不可接受」。"
鄭州一汽車用品商城起火 有樓棟火光沖天濃煙滾滾,2026-06-19 23:59,https://news.mingpao.com/ins/%e5%85%a9%e5%b2%b8/article/20260619/s00004/1781884785177/%e9%84%ad%e5%b7%9e%e4%b8%80%e6%b1%bd%e8%bb%8a%e7%94%a8%e5%93%81%e5%95%86%e5%9f%8e%e8%b5%b7%e7%81%ab-%e6%9c%89%e6%a8%93%e6%a3%9f%e7%81%ab%e5%85%89%e6%b2%96%e5%a4%a9%e6%bf%83%e7%85%99%e6%bb%be%e6%bb%be,mingpao,兩岸,2026-06-20 00:00,"6月19日晚，鄭州市金水區居民陳先生反映，離他家百餘米處的宏達國際車業廣場突發火災，火勢迅速蔓延，商場有一處4層樓棟幾乎全燒了，多輛消防車趕到現場撲救。

陳先生介紹，當晚8時51分左右，他在家中聽到有人在樓下大喊「着火了」，他透過窗戶看到，離小區百米的宏達國際車業廣場有樓棟冒黑煙，之後出現明火。火勢越來越大，多輛消防車趕到現場展開撲救。

陳先生提供的視頻顯示，在一處靠近操場的樓棟，4層建筑幾乎都着火了，噴出洶涌的火舌，火光沖天，黑煙滾滾。多名消防員在一層持水槍救火。

宏達國際車業廣場是當地知名的汽車用品商場。晚10時30分許，商場三區的一名商戶稱，自己的商鋪在一樓，晚上7點多他已經下班，得知起火急忙趕回現場，目前自己的店鋪已起火。商場二區的一名商戶告訴記者，自己當天沒上班，商場一般是晚上7點半停止營業。自己聽說火勢正在蔓延，正緊急驅車趕回去看看。晚10時35分，金水區應急管理局工作人員稱，目前正在全力撲救。"
劍擊︱陳諾思亞洲賽摘銅　女花港隊個人賽取「零的突破」,2026-06-19 22:20,https://news.mingpao.com/ins/%e9%ab%94%e8%82%b2/article/20260619/s00006/1781878784771/%e5%8a%8d%e6%93%8a-%e9%99%b3%e8%ab%be%e6%80%9d%e4%ba%9e%e6%b4%b2%e8%b3%bd%e6%91%98%e9%8a%85-%e5%a5%b3%e8%8a%b1%e6%b8%af%e9%9a%8a%e5%80%8b%e4%ba%ba%e8%b3%bd%e5%8f%96%e3%80%8c%e9%9b%b6%e7%9a%84%e7%aa%81%e7%a0%b4%e3%80%8d,mingpao,體育,2026-06-19 22:30,"一連6日的劍擊亞洲賽今（19日）於印度新德里展開，其中男子佩劍及女子花劍個人賽率先上演，中國香港代表隊的女花一姐陳諾思力戰至4強止步，在不設季軍戰下摘銅而回，為港隊奪得今屆首面獎牌之餘，亦為女花港隊在亞洲賽個人項目取得「零的突破」。

上屆亞洲賽收穫1金5銅的港隊，包括女花及男佩皆奪得團體賽銅牌。其中今屆女花改由陳諾思、鄭曉為、梁雅蕾及梁殷僑出戰個人賽下，身為前年巴黎奧運戰將的陳諾思由次圈打起，先後擊退兩名韓國隊劍手後，再於8強以15：12擊敗日本隊的辻堇殺入4強穩奪獎牌，阻止日本隊包辦4強全席。她在4強雖力戰下以8：15不敵日將東晟良摘銅而回，但仍為港隊女花拿下史上首面亞洲賽個人獎牌。

男子佩劍個人賽方面，上屆因傷無緣參賽的陳樂熹同日則力戰8強「決一劍」以14：15僅負日本隊的津森志道，與獎牌緣慳一面。賽事明日將緊接上演男子重劍及女子佩劍個人賽。"
張凌赫稱「想去台灣」　陸委會：動機不單純,2026-06-19 21:56,https://news.mingpao.com/ins/%e5%85%a9%e5%b2%b8/article/20260619/s00004/1781877387119/%e5%bc%b5%e5%87%8c%e8%b5%ab%e7%a8%b1%e3%80%8c%e6%83%b3%e5%8e%bb%e5%8f%b0%e7%81%a3%e3%80%8d-%e9%99%b8%e5%a7%94%e6%9c%83-%e5%8b%95%e6%a9%9f%e4%b8%8d%e5%96%ae%e7%b4%94,mingpao,兩岸,2026-06-19 22:00,"大陸男演員張凌赫日前出席海峽論壇並表示「想去台灣」，稱期待兩岸有更多交流。對此，陸委會副主委暨發言人梁文傑說 ，這件事背後有大陸國台辦操辦，動機「已經不再那么單純」。

因出演《逐玉》受到台灣觀眾關注的張凌赫上周六（13日）現身海峽論壇，喊話更多台灣同胞跨越海峽到大陸走一走看一看，在接受媒體訪問時也表示想親自造訪台灣、看看日月潭。

台灣大陸委員會副主委梁文傑周四（18日）指，張凌赫這件事情背後有國台辦操作，先是在記者會上故意安排媒體，操作是否赴台的問題，幾周後又安排到海峽論壇演講。他說，大陸方面的手法算是很靈活，也很聰明，但斧鑿痕有點深，「他們聰明，但我們也不是傻瓜」。

梁還說，在中共體制下，藝人必須配合官方政策方向，張凌赫原本只是單純的藝人，但現在被國台辦操作與運用，相關言行已被賦予政治色彩，「已經不再那么單純」。不過他也強調，若張凌赫未來申請赴台，政府仍將依現行規定進行審查。"
羅子溢見證大女幼稚園畢業落淚 讚老婆新髮型有型瀟灑,2026-06-19 21:35,https://ol.mingpao.com/ldy/showbiz/latest/20260619/1781874859578/%e7%be%85%e5%ad%90%e6%ba%a2%e8%a6%8b%e8%ad%89%e5%a4%a7%e5%a5%b3%e5%b9%bc%e7%a8%9a%e5%9c%92%e7%95%a2%e6%a5%ad%e8%90%bd%e6%b7%9a-%e8%ae%9a%e8%80%81%e5%a9%86%e6%96%b0%e9%ab%ae%e5%9e%8b%e6%9c%89%e5%9e%8b%e7%80%9f%e7%81%91,mingpao,娛樂,2026-06-19 22:00,"羅子溢、林盛斌（Bob）、王敏奕、賴慰玲及張馳豪等，今日（19日）出席新劇《警是個大佬》煞科宴。羅子溢與Bob在劇中對手戲甚多，2人表示合作後更了解對方，認為彼此能互補不足，鏡頭外亦不時交流為父心得。

子溢提到，早前出席大女Hera的幼稚園畢業禮時一時感觸，比太太楊茜堯更早落淚；作為暖爸的他，當日亦負責為女兒及同學拍照留念。由於太太正為新劇開工，他現在可接手照顧子女。他又讚楊茜堯的新髮型有型瀟灑，令他有衝動再次追求太太。

Bob透露日前為大女霏兒舉行18歲生日會，一家人又到主題樂園吃自助餐慶祝。對於網民對霏兒的批評，Bob表示與女兒一向少理，他只希望女兒能考入心儀大學。他讚霏兒堅強、有勇氣，不會太在意外界評語；至於生日禮物，Bob說女兒從未要求附屬信用卡，他與太太亦不希望女兒養成先使未來錢的習慣。

王敏奕表示已在洽談接演新劇、新電影，若一切落實，將會很快再開工。她會趁空檔陪弟弟出埠旅行充電。父親節將至，她稱未確定會否與老爺曾志偉慶祝，亦未打算生孩子，讓老爺抱孫作為父親節禮物。王敏奕又表示，若老爺開拍新戲，自己樂意參與幫手，不問酬勞多少。被追問是否準備為《新聞女王3》開工時，她則笑言正在等通知。"
SpaceX抽水未停 擬發債籌最少200億美元,2026-06-19 21:29,https://finance.mingpao.com/fin/instantf/20260619/1781876149344/spacex%e6%8a%bd%e6%b0%b4%e6%9c%aa%e5%81%9c-%e6%93%ac%e7%99%bc%e5%82%b5%e7%b1%8c%e6%9c%80%e5%b0%91200%e5%84%84%e7%be%8e%e5%85%83,mingpao,經濟,2026-06-19 22:00,"全球新股集資額最大的SpaceX（美：SPCX）上市短短5日便計劃再向市場抽水，加快發行具投資級別的美元債券，集資規模至少高達200億美元，主要用於招股上市後的過渡貸款。

英國《金融時報》引述消息人士指，債券為期10年，根據初步討論，定價將比美國國債高約1.35至1.5厘，最快落實條款，而集資用於再融資，解決創始人馬斯克於3月安排把xAI及社交媒體X注入SpaceX所安排過渡貸款，有關過渡貸款將於明年到期，涉及償還款項200億美元。

彭博引述消息人士指，有份參與過渡貸款的美國銀行、花旗、摩根大通、高盛及摩根士丹利預期亦會牽頭參與承銷有關債券，而隨著SpaceX已獲得三大信用評級機構的投資評級，有望以較低的融資成本發債。

根據SpaceX的招股文件，截至今年3月31日，長期債務總額291億美元，大部分來自200億美元的渡貸款。CreditSight分析師Matt Woodruff在債券發行消息公布前表示，SpaceX很可能急於在債券市場盡快建立信用紀錄，因未來將面臨龐大的資本支出，所以在時間上越早越好。"
奧巴馬總統中心揭幕  3美前總統到賀,2026-06-19 21:25,https://news.mingpao.com/ins/%e5%9c%8b%e9%9a%9b/article/20260619/s00005/1781875850278/%e5%a5%a7%e5%b7%b4%e9%a6%ac%e7%b8%bd%e7%b5%b1%e4%b8%ad%e5%bf%83%e6%8f%ad%e5%b9%95-3%e7%be%8e%e5%89%8d%e7%b8%bd%e7%b5%b1%e5%88%b0%e8%b3%80,mingpao,國際,2026-06-19 21:45,奧巴馬卸任美國總統9年後，以其命名的總統中心周四（18日）於伊利諾伊州芝加哥南區揭幕，3名美國前總統克林頓、小布殊和拜登，以及德國前總理默克爾等政要名人到賀。奧巴馬在開幕致辭中，不點明嚴厲譴責特朗普治下將政府視為分贓和懲罰敵人的工具。他呼籲美國人對抗對政治憤世嫉俗和分裂的力量，鼓勵人民不要對民主制度失去信心，重申新聞自由、共融社會等普世信念，強調領導力關乎幫助他人找到自己的聲音，而非追逐關注。奧巴馬總統中心佔地逾85萬平方呎，設有博物館、圖書館及體育中心等，耗資8.5億美元（逾66億港元），旨在鞏固奧巴馬執政期間的歷史遺產，預計每年吸引高達百萬遊客。
MSCI最新報告  紓緩印尼股市降級風險,2026-06-19 21:10,https://finance.mingpao.com/fin/instantf/20260619/1781874890261/msci%e6%9c%80%e6%96%b0%e5%a0%b1%e5%91%8a-%e7%b4%93%e7%b7%a9%e5%8d%b0%e5%b0%bc%e8%82%a1%e5%b8%82%e9%99%8d%e7%b4%9a%e9%a2%a8%e9%9a%aa,mingpao,經濟,2026-06-19 21:45,"MSCI於周四發布報告，把印尼市場的「資訊流通」評級下調至「負面」，因當地巿場的企業股權結構透明度有限，有組織的交易行為損害價格形成機制，以及缺乏以英文發布的企業資訊披露。彭博引述分析員估計，一旦印尼市場被降級，或引發高達130億美元的資金外流，但有市場人士認為，由於MSCI維持其他指標不變，有助降低印尼市場評級被下調的可能性。

印尼市場監管機構指，有關調查結果是建設性評估一部分，符合當局正在實施的資本市場改革議程，將繼續與MSCI、富時羅素及其他指數供應商以及全球投資者合作，以促進各方對已實施和正在進行的改革的清晰理解。

自從MSCI發出警告，可能將東南亞市場由「新興市場」降級為「前沿市場」以來，引發市場不明朗，印尼股市遭拋售，促使監管機構推出一系列提高市場透明度的改革措施，以提振投資者信心，包括當地政府於周四任命資本市場資深人士Jeffrey Hendrik擔任印尼證券交易所總裁兼董事長。

新加坡SGMC Capital Pte Ltd合夥人Mohit Mirpuri認為，報告指出需要改進的領域，而印尼在關鍵領域仍然表現出色，只有資訊流通指標有所惡化。

今年以來，印尼股市已累計下跌約28%，因為擔憂MSCI可能下調印尼股市評級，並擔憂總統普拉博沃的經濟政策存在不明朗，外資已從印尼股市和債券市場淨撤資42億美元。"
鍾柔美回應被飛出新劇傳聞 潘靜文盼邀魏浚笙幫忙拍MV,2026-06-19 21:02,https://ol.mingpao.com/ldy/showbiz/latest/20260619/1781872674866/%e9%8d%be%e6%9f%94%e7%be%8e%e5%9b%9e%e6%87%89%e8%a2%ab%e9%a3%9b%e5%87%ba%e6%96%b0%e5%8a%87%e5%82%b3%e8%81%9e-%e6%bd%98%e9%9d%9c%e6%96%87%e7%9b%bc%e9%82%80%e9%ad%8f%e6%b5%9a%e7%ac%99%e5%b9%ab%e5%bf%99%e6%8b%8dmv,mingpao,娛樂,2026-06-19 21:15,"何晉樂（Rock）今天（19日）舉行生日會預祝下周三的30歲生日，並於活動上首播新歌《MY ONLY》MV，無綫高層樂易玲、鍾柔美、潘靜文、林智樂等亦有現身到賀。

鍾柔美稱早前吃得多、夠休息，加上易水腫而增磅，目前靠跳舞減肥，盼重拾昔日纖瘦身形演繹新歌。傳因緋聞及負面新聞而被飛出新處境劇《愛‧回家之三代同糖》演員名單，角色由李茵彤頂上，她說：「看見她工作不斷，我也開心。之前的事已過去，人要繼續向前。我沒多想工作是否因此受影響，現在專注做好本分。」潘靜文透露正準備錄新歌，歌曲內容與愛情有關，希望找一位靚仔擔任MV男主角。她直言，魏浚笙、周嘉洛或張振朗，都是她心目中的理想人選。

Rock表示新歌由自己填詞，回饋粉絲近6年來的支持，邀請姚焯菲擔任MV女主角。他說︰「很感激粉絲，他們會來信鼓勵，但沒有示愛，或許他們較含蓄。」Rock自言大個仔，希望專注工作及努力掙錢，感情事則會盡量保持低調。他未正面回應目前是否單身，談到擇偶條件時則笑言，自己喜歡開朗又漂亮的女生，並以樊亦敏為指標。他透露《愛‧回家之開心速遞》播畢後，將與樊亦敏一同主持網上節目，延續劇中的母子情。"
世界盃球評︱戰畢首輪摩洛哥最對辦　英法爭標雙雄「較正炮台」有力推進,2026-06-19 20:50,https://news.mingpao.com/ins/%e9%ab%94%e8%82%b2/article/20260619/s00006/1781871789458/%e4%b8%96%e7%95%8c%e7%9b%83%e7%90%83%e8%a9%95-%e6%88%b0%e7%95%a2%e9%a6%96%e8%bc%aa%e6%91%a9%e6%b4%9b%e5%93%a5%e6%9c%80%e5%b0%8d%e8%be%a6-%e8%8b%b1%e6%b3%95%e7%88%ad%e6%a8%99%e9%9b%99%e9%9b%84%e3%80%8c%e8%bc%83%e6%ad%a3%e7%82%ae%e5%8f%b0%e3%80%8d%e6%9c%89%e5%8a%9b%e6%8e%a8%e9%80%b2,mingpao,體育,2026-06-19 21:15,"東道主之一墨西哥的揭幕戰表現應該並非示人以弱，靠運氣才於次輪分組賽力挫韓國1：0，提早鎖定世界盃A組首名出線。倒是早一天看着英格蘭，想起賭神為了騙敵而蓄意加入捽戒指動作。杜曹麾下英軍有驚無險擊退克羅地亞帶些驚喜之感，惟看畢首輪賽事，印象最深依然屬摩洛哥。文：蘇柏高

論到印象深刻，衰到難忘的不必提，像佛得角之類守得好而無法走得遠亦不講了，集中在具競爭力的前列分子吧。上述也不是說摩洛哥現冠軍相，實際上他們「只」賽和巴西，反而首輪不乏球隊大勝，但部分乃因對手不像樣而難作準。摩洛哥去屆的殿軍賽績更勝巴西，賠率按邏輯不該比「森巴軍」冷門，背道而馳原因離不開齋數球星等賭徒膚淺認知。「北非獅」再度說明踢波踢整體，中場的rotation推進、兩側的rotation入滲，還有最核心的高強度逼搶，若體力維持高水平到尾，掄元大抵火候未足，殺入決賽絕非夢想。

北非獅沒有昨日之星、今日之星，卻擁明日之星，18歲中場保亞迪早於決賽周前就獲封「摩洛哥比寧咸」。真正的祖迪比寧咸（其實亦未滿23歲）於英軍內看似將退居二線之際，突然重返正選；開鑼前夕最後一場熱身賽的陣容，搬字過紙鬥克羅地亞，始發覺一直被杜曹所騙。自其去年元旦接手便營造的英軍形象，注重死球仍是注重死球，穩陣、固守以至悶則大幅改觀。

面對向來控球搓傳出色的克羅地亞，英軍以人盯人及中高位壓迫，避免失勢並封殺莫迪歷，偶有成效也偶遭突破；問題為陣地戰區域聯防階段仍受人盯人思維支配，容易拉散或縮得太後。進攻端「三獅兵」擺脫保守後場悶傳，採取圍繞中鋒哈利卡尼墮後參與的耐心組織，毋懼「格仔軍」同用高位施壓，偶有成效也偶遭搶甩，下半場微調企位分工即見改善——埋單計入得又失得孰好孰壞則屬後話。

跟英軍一樣藉更衣室內調動變身的是法國。理想很豐滿，現實很骨感，法軍的全攻型排陣和部署徒然塞死自己，上半場不輸給塞內加爾執身彩，易邊後兩閘留守配合「第2節」已讓米高奧利斯移任10號，全隊脫胎換骨。歷來屢生內訌的「高盧雄雞」，倘半場落後動輒自爆、落筆打三更繼而促成分組賽出局，如今總算及時截停危機。英法俱不完美，卻存續進可能。

除了球隊，亦有印象深刻的球員，包括李剛仁。無奈光芒太露，換來次仗備受主隊招呼，輔以球證多多少少的主場哨，使韓國於埋身接觸吃盡苦頭。上半場最後10分鐘左右，李剛仁開始退到最後派牌，既可逃離敵衛壓力，以及試圖擾亂對方，亦增添推進變化。「太極虎」本漸佔上風，無奈金承奎出迎高波甩手輸空門，加上隊友臨完場小禁區內連環頭頂腳踢皆過不了對手門將，終告飲恨。韓軍唯有下仗找執定包袱的榜末南非出氣，保證次名晉身32強。"
世界盃｜巴西首戰失威鬥海地求變　雲尼挑大樑盼息質疑,2026-06-19 20:37,https://news.mingpao.com/ins/%e9%ab%94%e8%82%b2/article/20260619/s00006/1781872641671/%e4%b8%96%e7%95%8c%e7%9b%83-%e5%b7%b4%e8%a5%bf%e9%a6%96%e6%88%b0%e5%a4%b1%e5%a8%81%e9%ac%a5%e6%b5%b7%e5%9c%b0%e6%b1%82%e8%ae%8a-%e9%9b%b2%e5%b0%bc%e6%8c%91%e5%a4%a7%e6%a8%91%e7%9b%bc%e6%81%af%e8%b3%aa%e7%96%91,mingpao,體育,2026-06-19 20:45,"23屆世界盃從沒有缺席決賽周的，只有巴西隊；但這個「足球王國」今屆C組首仗面對上屆殿軍摩洛哥隊，卻只能艱辛地取得1：1的和局。明早次仗面對球隊世盃史上第50個對手海地隊，王者會如何回應今不如昔的批評？

蘇格蘭vs.摩洛哥   now616／618台   明早06：00直播

巴西vs.海地   now616／618／688台   明早08：30直播

自從1930年參加世界盃以來，巴西23屆從不缺席，對戰了世界各地的對手，共取得76勝、20和及19負，交手最多是瑞典，共7次5勝2和，今場對手海地則是首次在世盃對壘，上一次碰頭已是10年前的美洲國家盃，當時巴西大勝7：1。

巴西是5屆冠軍，出線分組賽彷彿理所當然，他們上次無法躋身次輪已是60年前英格蘭世盃。如從1998年擴充至32隊計算的話，巴西更保持連續7屆都以小組首名出線的紀錄。是以今屆他們首仗竟以1：1賽和摩洛哥，難免令人覺得王者霸氣不再。

意籍主帥安察洛堤卻還是那麼淡定，他說世盃第一場賽果影響不大。過去7屆，巴西6次贏得首仗，只有2018年那屆賽和瑞士。或許人們擔心的卻不是戰果，而是今屆首仗巴西進攻不順，安帥要多番變陣調整踢法。

安察洛堤首仗意外地排出4-4-2或4-2-4陣式，以伊戈泰亞高與雲尼斯奧斯祖利亞任雙箭頭，拉芬夏比洛尼與盧卡斯柏基達則分任左右中場／翼鋒，但前線4人走位配合欠奉，難以拉開摩洛哥的防線。及後安帥改踢4-3-3，拉芬夏改踢右翼，雲尼斯奧斯回到擅長的左路，並射入扳平的一球。下半場安帥又變，以馬菲奧斯根夏入替泰亞高，又換入了右翼雷斯軒歷基，讓拉芬夏踢最前。可是變來變去，前線4人組好像擦不出火花。

精神領袖尼馬小腿肌肉傷勢未十足康復，只能獨自練習，球隊上下唯有寄望雲尼斯奧斯挑起大樑，該25歲球星則說：「安察洛堤總能讓我感到自信，無論在皇馬或國家隊，他都給予我自由發揮的空間，讓我有機會跟隊友締造歷史。」不過「雲尼」為巴西披甲50次僅入10球，上陣入球比率0.2，跟歷代名宿比利（0.84）、羅馬里奧（0.79）或朗拿度（0.63）等相差甚遠，是時候急起直追了。

同組的蘇格蘭隊上仗以1：0小勝海地隊，取得36年來的世盃首場勝仗，士氣正盛，明早若然今仗一舉擊敗摩洛哥，則有力打破巴西連續首名出線的傳統。"
林峯忙拍戲盼中秋與家人團聚 與太太品嘗麻辣新口味月餅,2026-06-19 20:21,https://ol.mingpao.com/ldy/showbiz/latest/20260619/1781870601767/%e6%9e%97%e5%b3%af%e5%bf%99%e6%8b%8d%e6%88%b2%e7%9b%bc%e4%b8%ad%e7%a7%8b%e8%88%87%e5%ae%b6%e4%ba%ba%e5%9c%98%e8%81%9a-%e8%88%87%e5%a4%aa%e5%a4%aa%e5%93%81%e5%98%97%e9%ba%bb%e8%be%a3%e6%96%b0%e5%8f%a3%e5%91%b3%e6%9c%88%e9%a4%85,mingpao,娛樂,2026-06-19 20:30,"林峯日前連續第2年以代言人身分出席月餅品牌宣傳活動，為該品牌的新一年銷售挑戰打氣，並與品牌管理層及員工一同揭開中秋序幕。林峯坦言，今年重返大會，見到熟悉團隊，感覺格外親切，歸屬感滿滿。

談及與品牌再度合作，他表示：「去年合作時覺得好興奮，今年則多咗一份踏實同榮幸，繼續將呢份幸福滋味、節日情懷帶畀大家。」他又大讚品牌多年來始終堅持品質，與自己對演藝工作的要求不謀而合，並指每一口都感受到「百分百香港製造」的堅持。

談到近况，林峯透露正忙於緊密的電影拍攝工作，因此更希望中秋正日能抽空與家人團聚。他笑言，今年最期待與太太一同品嘗新推出的「麻辣牛肉月餅」及「XO醬豬肉月餅」，又指2人同樣「無辣不歡」，對這兩款將傳統與新意結合的口味充滿期待。"
DEEP WATER SOUTH 3房大宅逾3000萬售  呎價3.28萬,2026-06-19 20:16,https://finance.mingpao.com/fin/instantp/20260619/1781872095288/deep-water-south-3%e6%88%bf%e5%a4%a7%e5%ae%85%e9%80%be3000%e8%90%ac%e5%94%ae-%e5%91%8e%e5%83%b93-28%e8%90%ac,mingpao,地產,2026-06-19 20:30,"今日是端午節假期，一手市場相對淡靜，全日只錄約10宗成交。由會德豐與港鐵（0066）合作發展的黃竹坑港島南岸第6期DEEP WATER SOUTH，今日售出一伙，會德豐地產副主席兼常務董事黃光耀表示，售出單位為第1座（1B）11樓B室，實用922方呎，屬3房1套連儲物房及洗手間，成交價3024.1萬元，呎價3.28萬元。

DEEP WATER SOUTH 自推售以來，累售184伙，套現近34.1億元。

"
世界盃話題︱父親未現場觀戰　美斯場上流淚惹猜測　今證實「身體出現問題正接受治療」,2026-06-19 19:58,https://news.mingpao.com/ins/%e9%ab%94%e8%82%b2/article/20260619/s00006/1781869552125/%e4%b8%96%e7%95%8c%e7%9b%83%e8%a9%b1%e9%a1%8c-%e7%88%b6%e8%a6%aa%e6%9c%aa%e7%8f%be%e5%a0%b4%e8%a7%80%e6%88%b0-%e7%be%8e%e6%96%af%e5%a0%b4%e4%b8%8a%e6%b5%81%e6%b7%9a%e6%83%b9%e7%8c%9c%e6%b8%ac-%e4%bb%8a%e8%ad%89%e5%af%a6%e3%80%8c%e8%ba%ab%e9%ab%94%e5%87%ba%e7%8f%be%e5%95%8f%e9%a1%8c%e6%ad%a3%e6%8e%a5%e5%8f%97%e6%b2%bb%e7%99%82%e3%80%8d,mingpao,體育,2026-06-19 20:00,"睇波不離父子檔，不少星爸親赴世界盃現場見證球星兒子為國爭光的歷史時刻，成就場邊溫馨焦點。惟阿根廷球王美斯的經理人星爸佐治未有在今屆世界盃隨行，美斯今（19日）透過家人發聲明證實父親患病接受治療，後日父親節的最大願望，自然是老父早日康復，再次在球場上共享榮光。

美斯在對阿爾及利亞隊的J組分組賽連中三元，賽後卻罕有灑淚，透露「正度過一段與足球無關的艱難日子」。阿根廷傳媒隨即爆料指美斯的68歲經理人父親佐治身患重病，近日病情更在惡化。美斯家人其後發聲明證實父親「身體出現問題」，但未有透露病情，強調佐治正接受治療及康復中，期望外界尊重美斯一家私隱。原為紮鐵工人、曾投資業餘球隊的佐治，不只是美斯足球路上的啟蒙導師，為讓兒子天賦不被「侏儒症」埋沒，不惜散盡家財遠赴西班牙巴塞隆拿叩門，成就一代球王誕生。即使名成利就，美斯一直將前途及財產交給父親打點，在球會老闆眼中略帶「冷血」的佐治，仍是美斯球場內外不可或缺的溫暖依靠。

與美斯同樣經歷父親生死一線間的，還有哥倫比前鋒路易斯迪亞斯，其61歲父親文尼3年前曾遭左翼遊擊隊綁架，當時效力利物浦的戴亞斯苦苦哀求哥國政府出手相救，終讓文尼經歷12日在馬背上遊離浪蕩、與昆蟲為伴的非人生活後獲釋。重獲自由後的文尼更珍惜與兒子相聚點滴，在迪亞斯出戰人生首屆世盃決賽周前，將其球衣放在床上祈禱作法。他亦不不負所託，對烏茲別克隊的K組分組賽入球兼獲膺該場最佳球員（MVP），與現場見證的父親分享喜悅。

養兒100歲，長憂九十九。韓國隊前鋒吳賢揆於對捷克隊的A組分組賽後備入替孫興慜建奇功，連帶父母經營的泥鰍火鍋店也被「起底」。遠赴北美打氣的吳爸爸接受韓媒訪問時坦言當初接手家業，全因可分身隨傳隨到，支持兒子實現旅歐夢。回想兒子年少承受不少傷病打擊，吳爸爸勉勵兒子讀書鍛鍊堅忍心態，還督促他每日飲泥鰍湯進補。儘管去夏未能通過體檢無緣加盟德甲史特加，吳賢揆轉戰土耳其聯賽砥礪圖強，上仗更帶病入球，讓吳爸爸老懷安慰，「他在賽前沒有告訴我發燒，他的心理質素提升不少，能夠為國出力，我為他自豪」。"
林芊妤結婚8周年照開工 收枕頭禮物讚老公貼心,2026-06-19 19:44,https://ol.mingpao.com/ldy/showbiz/latest/20260619/1781868833862/%e6%9e%97%e8%8a%8a%e5%a6%a4%e7%b5%90%e5%a9%9a8%e5%91%a8%e5%b9%b4%e7%85%a7%e9%96%8b%e5%b7%a5-%e6%94%b6%e6%9e%95%e9%a0%ad%e7%a6%ae%e7%89%a9%e8%ae%9a%e8%80%81%e5%85%ac%e8%b2%bc%e5%bf%83,mingpao,娛樂,2026-06-19 20:00,"林芊妤（Coffee）今日（19日）出席活動時透露，這天正是她與丈夫結婚8周年紀念日，不過她以「掙錢至上」，選擇繼續工作，活動後隨即趕往拍攝廣告，打算於晚上返家慶祝。

Coffee表示，丈夫知道她平日忙於照顧女兒，休息時間不多，因此特意送上枕頭作為周年禮物。她認為這份禮物既實際又貼心。

談及家庭生活時，Coffee透露細女Rea出世後，大仔彥彥與妹妹感情甚佳，並視妹妹為「No.1最愛」，令她不禁有些呷醋。她又表示，與丈夫育有一子一女已感滿足，無再添家庭成員的打算。她笑言，自己與丈夫一向十分小心，應該不會再有意外發生。"
端午赤柱龍舟賽　人潮湧動氣氛熾熱【短片】,2026-06-19 19:33,https://news.mingpao.com/ins/%e7%86%b1%e9%bb%9e/article/20260619/s00024/1781867122164/%e7%ab%af%e5%8d%88%e8%b5%a4%e6%9f%b1%e9%be%8d%e8%88%9f%e8%b3%bd-%e4%ba%ba%e6%bd%ae%e6%b9%a7%e5%8b%95%e6%b0%a3%e6%b0%9b%e7%86%be%e7%86%b1%e3%80%90%e7%9f%ad%e7%89%87%e3%80%91,mingpao,熱點,2026-06-19 19:45,"今日（19日）為端午節，赤柱正灘迎來一年一度的「香格里拉赤柱國際龍舟錦標賽」。連日陰雨連綿，今日終見陽光普照，吸引大批市民及遊客到場觀賽，海灘現場人頭湧湧，鑼鼓聲與打氣聲此起彼落，氣氛相當熾熱。（採訪、拍攝、剪接：查慧敏）

今日難得放晴，不少參賽選手均表示天氣理想。有參賽者表示，今日風勢較去年平靜，有利發揮，認為現場觀眾的熱情投入，賽事氣氛很好。冬奧金牌得主谷愛凌亦到場為龍舟點睛。

有移居加拿大的港人與家人到場「湊熱鬧」。他們表示，今次是他們首次到赤柱觀賽，形容現場熱鬧氣氛，感受到節慶魅力。"
宏福苑大火｜合安核實聯署身分信件附業主個人資料　私隱公署接兩投訴並會調查事件,2026-06-19 19:31,https://news.mingpao.com/ins/%e6%b8%af%e8%81%9e/article/20260619/s00001/1781868761282/%e5%ae%8f%e7%a6%8f%e8%8b%91%e5%a4%a7%e7%81%ab-%e5%90%88%e5%ae%89%e6%a0%b8%e5%af%a6%e8%81%af%e7%bd%b2%e8%ba%ab%e5%88%86%e4%bf%a1%e4%bb%b6%e9%99%84%e6%a5%ad%e4%b8%bb%e5%80%8b%e4%ba%ba%e8%b3%87%e6%96%99-%e7%a7%81%e9%9a%b1%e5%85%ac%e7%bd%b2%e6%8e%a5%e5%85%a9%e6%8a%95%e8%a8%b4%e4%b8%a6%e6%9c%83%e8%aa%bf%e6%9f%a5%e4%ba%8b%e4%bb%b6,mingpao,港聞,2026-06-19 21:15,大埔宏福苑大火發生逾半年，近日有人發起網上聯署，建議政府介入及協助「合安管理有限公司」召開業主大會。有業主發現，合安致函核實聯署業主身分時，信件附有其他業主的個人資料。私隱專員公署今（19日）回覆稱，至今接獲兩宗投訴；而昨（18日）晚收到相關機構的資料外泄事故通報，公署會根據既定機制就事件展開調查，初步顯示約204人受影響，涉及資料包括姓名、屋苑地址、香港身分證英文字母及首4位數字、電話號碼和簽名。合安昨晚在官網上載「就個人資料處理事宜的聲明」，指經初步了解，部分信件在處理過程中，夾附業主聯署時簽署的單一頁表格副本，原意是讓業主核對及確認曾簽署的聯署文件；但有關副本中包含未經適當遮蓋資料，涉同頁不多於四位簽署業主的部分個人資料。公司指，高度重視事件，對有關情况引起居民關注深表歉意，會聯絡受影響人士解釋並提供協助；亦會通報私隱公署，配合任何跟進工作。公司稱，已即時展開檢視並採取補救措施，包括檢討內部處理流程及加強監控機制；另會加強員工培訓，防止同類事件再發生。
關智斌代蔡卓妍否認婚變謠言 蔡蕙琪因工作壓力失眠,2026-06-19 19:20,https://ol.mingpao.com/ldy/showbiz/latest/20260619/1781866528244/%e9%97%9c%e6%99%ba%e6%96%8c%e4%bb%a3%e8%94%a1%e5%8d%93%e5%a6%8d%e5%90%a6%e8%aa%8d%e5%a9%9a%e8%ae%8a%e8%ac%a0%e8%a8%80-%e8%94%a1%e8%95%99%e7%90%aa%e5%9b%a0%e5%b7%a5%e4%bd%9c%e5%a3%93%e5%8a%9b%e5%a4%b1%e7%9c%a0,mingpao,娛樂,2026-06-19 19:45,"關智斌（Kenny）今天（19日）出席醫美品牌活動，同場還有林芊妤（Coffee）、「葵芳」蔡蕙琪及陳昭煊（超酸）。Kenny透露正籌備內地巡唱，惟時間表尚未落實；至於新歌進度亦較為緩慢，已拖延近半年，擔心公司會催促，因此要加快步伐。

提到早前與蔡卓妍（阿Sa）、經理人霍汶希等為容祖兒慶祝生日，惟合照未見阿Sa丈夫林俊賢（Elvis），因而再度引起婚變傳聞，Kenny強調傳聞並不屬實，又指Elvis是其私人健身教練，因此對情况相當清楚。他表示合照未見Elvis不等於他當日不在場︰「當日Elvis也有出席，所以我們認為報道得啖笑，詳情由阿Sa回應較好。」

蔡蕙琪自揭有失眠問題，她認為或與工作壓力有關，加上近日經常深夜觀看世界盃賽事直播，導致睡眠不足，影響皮膚質素，故打算服用中藥調理身體。她又提到，剛簽約新經理人公司，目前會集中應付7月及8月兩套舞台劇演出，暫時未有新戲安排。"
傳陳茂賢秘密開拍《破‧地獄》班底新作 林嘉欣頂替湯唯任女主角,2026-06-19 18:37,https://ol.mingpao.com/ldy/showbiz/latest/20260619/1781865072703/%e5%82%b3%e9%99%b3%e8%8c%82%e8%b3%a2%e7%a7%98%e5%af%86%e9%96%8b%e6%8b%8d%e3%80%8a%e7%a0%b4-%e5%9c%b0%e7%8d%84%e3%80%8b%e7%8f%ad%e5%ba%95%e6%96%b0%e4%bd%9c-%e6%9e%97%e5%98%89%e6%ac%a3%e9%a0%82%e6%9b%bf%e6%b9%af%e5%94%af%e4%bb%bb%e5%a5%b3%e4%b8%bb%e8%a7%92,mingpao,娛樂,2026-06-19 18:45,"由許冠文、黃子華、衛詩雅及朱栢康主演的電影《破‧地獄》，港澳票房高收逾1.7億港元，並成為香港華語電影史上票房冠軍；該片更令衛詩雅登上影后寶座，朱栢康亦憑片奪得金像獎男配角獎項，成績亮眼。

今日有報道指，《破》片導演陳茂賢已為新戲秘密開工，而新作除了安排《破‧地獄》班底重聚外，投資方亦希望進一步加強陣容，除邀請群星客串外，女主角更屬意由國際級影后擔任。

報道指出，劇組最初曾邀請奧斯卡影后楊紫瓊出演，惟經多次接洽後，最終因檔期未能配合而作罷。其後，劇組轉向邀請湯唯，雙方一度洽談得如火如荼，不過湯唯其後宣布懷上第二胎，需全面停工養胎，令女主角人選再度出現變動。

由於演員拍攝檔期及場景安排已無法再拖延，劇組最終決定由金馬影后林嘉欣補上。林嘉欣曾憑《百日告別》於2015年登上金馬影后寶座，且與男主角黃子華關係甚佳，合作默契早有基礎。消息指，林嘉欣對《破‧地獄》的創作班底十分欣賞，獲邀後亦迅速重新調整工作，全力配合拍攝。

報道指，據悉，該片劇組已秘密開工多時，預計最快可於7月底煞科。"
流浮山農場遭爆竊失270萬元財物　警拘9人起回部分贓物,2026-06-19 18:23,https://news.mingpao.com/ins/%e6%b8%af%e8%81%9e/article/20260619/s00001/1781864627638/%e6%b5%81%e6%b5%ae%e5%b1%b1%e8%be%b2%e5%a0%b4%e9%81%ad%e7%88%86%e7%ab%8a%e5%a4%b1270%e8%90%ac%e5%85%83%e8%b2%a1%e7%89%a9-%e8%ad%a6%e6%8b%989%e4%ba%ba%e8%b5%b7%e5%9b%9e%e9%83%a8%e5%88%86%e8%b4%93%e7%89%a9,mingpao,港聞,2026-06-19 19:45,"流浮山光華農場於今年5月23日及6月12日兩度遭爆竊，賊人掠去總值約270萬元的首飾及現金等財物，並將贓物帶至荃灣變賣及澳門的金鋪典當。警方經深入調查，昨日（18日）拘捕9人，包括竊匪及涉處理贓物，行動亦起回約80萬元贓物。

元朗警區重案組第二隊高級督察林嘉傑表示，該農場由家族經營逾30年，約6萬方尺場地由鋅鐵板圍封，內有居住的鐵皮屋和貨櫃屋。一名職員於5月23日凌晨聽到聲響後，發現農場大閘被打開，目睹一輛私家車駛離現場，其後證實貨櫃辦公室遭搜掠，內有現金及手表的夾萬被搬離原位，相信賊人犯案途中驚動職員，故沒有財物損失。

另於6月12日早上，事主外出返回農場發現另一間鐵皮屋大門被撬開，內有明顯搜掠痕迹，相信賊人從櫃桶取鎖匙打開夾萬，用藍色尼龍袋將約28萬現金、5隻手表及一批珠寶首飾、金器掠走，財物總值逾270萬元。

新界北總區刑事部聯同元朗警區刑事部經深入調查及分析，並翻查包括「銳眼」系統等大量閉路電視片段，成功鎖定一個分工明確及有組織的爆竊集團，成員分別負責爆竊、車輛接應及處理贓物等，他們分別利用兩私家車犯案及運送贓物，部分成員事後亦更換衣物企圖避過追查。警方亦追查到有贓物被運往荃灣金行變賣及澳門典當。

警方隨即啟動警務協作及情報互通，與澳門司警保持聯繫，兩地同步展開追查贓物及涉案人。警方昨日（18日）展開行動，在全港多區拘捕8男1女，年齡由28至58歲，包括爆竊主犯、接應司機及涉處理贓物金鋪負責人和職員，相信主腦及同黨仍然在逃，不排除將有更多人被捕。行動中，警方在荃灣一間金行起回總值約80萬元贓物，包括的一隻手表、一批珠寶首飾及金器。澳門司警亦追查到被典當贓物流向，但有待事主確認。"
學黃仁勳「翻車」？雷軍帶攝影團隊「路邊過早」遭女童吐槽,2026-06-19 18:22,https://news.mingpao.com/ins/%e5%85%a9%e5%b2%b8/article/20260619/s00004/1781864534320/%e5%ad%b8%e9%bb%83%e4%bb%81%e5%8b%b3%e3%80%8c%e7%bf%bb%e8%bb%8a%e3%80%8d-%e9%9b%b7%e8%bb%8d%e5%b8%b6%e6%94%9d%e5%bd%b1%e5%9c%98%e9%9a%8a%e3%80%8c%e8%b7%af%e9%82%8a%e9%81%8e%e6%97%a9%e3%80%8d%e9%81%ad%e5%a5%b3%e7%ab%a5%e5%90%90%e6%a7%bd,mingpao,兩岸,2026-06-19 18:30,"小米集團董事長雷軍近日現身武漢街頭，蹲坐在路邊吃早餐。由於帶攝影團隊一同隨行，遭吐槽是模仿英偉達CEO黃仁勳、「作秀式親民」，相關畫面更因遭路過女童的無心吐槽而在網上爆紅。

身家千億的雷軍，當天品嘗的是一份十來元人民幣的熱乾麵、麵窩及冰鎮綠豆湯套餐，並與現場民眾互動。用餐時，雷軍身旁跟隨的攝影團隊全程拍攝，遭一名路過小女孩當場吐槽「吃早飯還要這麼多人拍照」。雷軍先是一怔，隨即試圖化解，轉頭笑問女孩：「要不要一起來吃？」但女孩完全不理會，頭也不回地徑直離開，留下尷尬的雷軍與拍攝團隊。

相關畫面在網上瘋傳，截至今日（19日）中午，短片在微博已錄得近千萬次播放，並獲逾2萬人瘋狂轉發，登上熱搜。"
【羅仕揚專欄】太空戰士，一飛沖天？,2026-06-19 18:11,https://finance.mingpao.com/fin/instantf/20260619/1781864047623/%e3%80%90%e7%be%85%e4%bb%95%e6%8f%9a%e5%b0%88%e6%ac%84%e3%80%91%e5%a4%aa%e7%a9%ba%e6%88%b0%e5%a3%ab-%e4%b8%80%e9%a3%9b%e6%b2%96%e5%a4%a9,mingpao,經濟,2026-06-19 18:30,「太空戰士，一飛沖天！」以為不會再製作續集的殿堂級動畫《反斗奇兵》，在迪士尼敵不過金錢誘惑、以及新IP缺乏叫座力的壓力下，推出《反斗奇兵5》，榨取觀眾們回憶最後的價值。劇中主角巴斯光年的這句經典台詞，雖然寓意及不上英文原文的 ”To Infinity and Beyond” 那麼深，但依然深入80後90後的心，烙下不可磨滅的痕跡。《反斗奇兵5》上市前，一飛沖天的，除了太空戰士外，還有股市上的太空戰士SpaceX。人類歷史上規模最大的IPO、剛於上周五上市的SpaceX，首掛後股價並沒有令股民失望，市值曾一度突破3萬億美元，短暫超越過微軟，曾經躍升為全球第四大市值的上市公司，其後雖然表現反覆，但2萬億美元的市值已明顯企穩。現代Ironman馬斯克的身家，亦隨著SpaceX上市而水漲船高，企穩一萬億美元以上，在財富上將其他超級富豪遠遠拋離。這陣子，無論是高淨值客戶，抑或普通老散，問得最多的問題，就是究竟SpaceX是不是太貴？更直接的問題是，這隻太空戰士還值不值得買？一隻股份的估值，可以用很多方法呈現。如果根據傳統金融學，用未來現金流、市盈率等基本面來計算，SpaceX是肯定不值現在的股價和估值，毋庸置疑！SpaceX真正賺錢的，只有Starlink，就是那個在俄烏戰爭和美伊戰爭都大派用場的低軌衛星服務，而這業務的盈利，是明顯撐不起2萬億美元的市值。然而基本面外，資金買股份的另一個原因，看的就是未來面。太空數據中心？太空運輸系統？甚至是太空殖民？這些距離實現盈利，還有很遠很遠，但資本市場，本身不是最受落Sell夢想嗎？大家買的，不是現在，是未來！這也是很多穩健的老牌藍籌，偏偏失落市場寵愛的原因。所以下一個問題是，究竟太空戰士的夢，值不值得股民用真金白銀去追？股神巴菲特向來的投資取向，就是不投資看不懂的科技股，所以當他去買蘋果和谷歌時，已注定這兩隻股份不再是科技股。股神有個著名的護城河理論，是他多年投資的金科玉律。SpaceX不是傳統股，直接用護城河理論去衡量它未必太公平，微調後的護城河理論測試應該是，「若果這股份消失了，世界能承擔得起後果嗎？」試試用這理論套入其他Magnificent 7的股份吧。先由最大市值的說起吧。若世界沒有了Nvidia，肯定所有AI推倒重來，不用說也知道它不能被取代。Nvidia掌控的，是整個智能時代的心臟，沒有了它的晶片，算力不再，AI革命停擺，就算最終在陣痛期後，或有其他晶片公司能夠分擔，但技術上、產能上的缺失是無可取代的。世界是完全承擔不起Nvidia消失的後果。Google的母公司Alphabet和Microsoft，我嘗試把它們歸類。Google是智能時代的大腦，Microsoft是智能時代的骨骼。沒有了Google，毀滅的是人類的精神與知識：全球因沒有了Google搜尋和地圖而集體失明，所有利用Android系統運作的手機，立即變成「磚頭」，YouTube的消失讓人類失去看影片的平台，數以千萬計依賴為生的內容創作者，頓失飯碗。Windows系統是無數跨國企業和政府使用的電腦系統，Microsoft消失導致的，甚至是無政府狀態。人類承擔得起後果嗎？如果Amazon明天突然徹底消失呢？世界短時間亦無法承受帶來的災難性後果。雖然大家熟知Amazon的，只是它的網購電商平台，甚至覺得遠在香港的我們，沒有了Amazon又怎樣？淘寶、京東就能徹底取代；不過Amazon真正的價值，是它的AWS雲端運算服務。沒有了AWS？Netflix第一個死亡，其他電子平台或部分政府部門，也一樣要停擺。心臟、大腦、骨骼不能斷，Amazon是流動全身的血液，更不能斷。相對於蘋果，如果明天沒有了Apple，社會功能性的癱瘓依然會出現，但底層基礎建設勉強仍能運作。如果用同一個比喻，蘋果就像四肢，過10億部的iPhone、iPad、Macbook都變成了廢物，沒有了手腳，雖然行動上肯定不便，但最少不會死亡。陣痛期過後，也可以有其他取代品。這個痛，固然是劇痛，但也算是勉強能夠承受。Meta呢？沒有了Meta，代表沒有了Facebook、IG和WhatsApp，肯定也是劇痛，但後果呢？完全承擔得到，甚至可能會在某些層面迎來正面改變。通訊軟件及社交媒體的世界，一向都是新舊交接，沒有Meta，中長期更可能減少網路霸凌、減少看法兩極化的對立，以及假消息的傳播。至於沒有了Tesla，影響更低，雖然全球電動車與電池的開發，會立即大幅度減慢，但市場上電動車生產商多的是，Tesla是改變生態的先行者，但不是無法取代的生產商。Meta與Tesla的消失，基本上不會令全球社會底層基礎設施出現癱瘓，消失的後果是可以承擔到的。測試過後，結果很明顯，4間不可取代、3間可以，那麼SpaceX呢？作為2萬億美元市值的太空戰士，市場上幾乎沒有其他對手，從事和SpaceX同樣的產業和開發。誠然，這個世界可以不需要太空探索，人類一樣照樣生老病死、衣食住行，但失去對浩瀚宇宙的憧憬，代表人類對未知領域的探索將會從頭起步。更實在的，SpaceX的消失代表逾八成的衛星無法發射，全球多地通訊立即中斷、衛星網絡直接黑屏，雖然這些都可用時間來修補，但再開發的時間是多少？十年？二十年？還是更久。所以說，SpaceX是經得起護城河理論考驗，甚至比蘋果、Meta和Tesla，更難以在地球上被取代，所以受資金追捧亦屬合情合理。太空戰士能否如巴斯光年般一飛沖天？我不知道，但是投身在人類歷史上最大IPO的時間點上，不買1股參與一下，不會覺得沒有感受過大時代氣息的流動嗎？
自動駕駛開發商Momenta擬來港上市籌10億美元,2026-06-19 18:08,https://finance.mingpao.com/fin/instantf/20260619/1781863716848/%e8%87%aa%e5%8b%95%e9%a7%95%e9%a7%9b%e9%96%8b%e7%99%bc%e5%95%86momenta%e6%93%ac%e4%be%86%e6%b8%af%e4%b8%8a%e5%b8%82%e7%b1%8c10%e5%84%84%e7%be%8e%e5%85%83,mingpao,經濟,2026-06-19 18:30,"中國自動駕駛開發商Momenta計劃來港上市集資10億美元。《華爾街日報》引述消息人士指該公司估值已達約90億美元，更被市場形容為「物理AI第一股」。而該公司在上市前已分別獲得豐田汽車及上汽集團的投資。

中國證監會早前發布關於MOMENTA GLOBAL LIMITED（夢騰智駕環球有限公司）境外發行上市備案通知書，文件顯示，Momenta擬發行不超過4375.4萬股在本港上市。早於3月傳聞稱該集團計劃集資5億至10億美元，當時對該公司估值超過1000億元人民幣。

根據行業研究機構CIC灼識咨詢發布的《自動駕駛行業藍皮書》，由去年3月至今年2月，在內地第三方城市領航輔導駕駛（NOA）供應商市場中，Momenta銷量市佔率達65%。

Momenta成立於2016年，獲得上汽集團、豐田及通用汽車等大型車企投資。去年12月更獲東南亞出行平台Grab戰略投資，並達成自動駕駛戰略合作。"
4新股昨遞表港交所申請上市,2026-06-19 17:51,https://finance.mingpao.com/fin/instantf/20260619/1781863573821/4%e6%96%b0%e8%82%a1%e6%98%a8%e9%81%9e%e8%a1%a8%e6%b8%af%e4%ba%a4%e6%89%80%e7%94%b3%e8%ab%8b%e4%b8%8a%e5%b8%82,mingpao,經濟,2026-06-19 18:15,"昨日有4間公司遞交來港上市申請，包括原生人工智能（AI）科技公司數說故事、循上市規則18A章遞表的生物醫藥公司知易生物、A股上市的「非洲手機之王」Tecno母公司傳音控股（滬：688036）及同為A股上市公司的咖啡因保健食品及生物製藥開發商石藥創新（深：300765）。

初步招股資料顯示，數說故事能提供企業增長應用產品及解決方案，使企業將複雜且動態的市場數據及商業變量，轉化為清晰的決策及可執行的增長計劃，中信建投國際為獨家保薦人。根據灼識諮詢數據，於2025年按營收計，公司在中國企業級大模型驅動的商業增長市場中排名第三。今年首三個月收入按年增53.7%至7964.7萬元（人民幣，下同），期間虧損1.44億元，按年擴大。

知易生物專注於活體生物藥領域，業務覆蓋胃腸道疾病、腫瘤、腫瘤治療相關併發症、代謝疾病及自身免疫性疾病，國投證券國際及興證國際為聯席保薦人。公司目前已經建立由一款核心產品、一款關鍵產品及四款管線臨牀前候選藥物組成的產品組合。去年全年收入240.7萬元，按年升233.9%；虧損6939.3萬元，按年持平。

傳音控股首次申請失效後昨第二次提交上市申請，中信証券（6030）為獨家保薦人。主要從事以手機為核心的智能終端產品的設計、研發、生產、銷售和品牌運營。根據弗若斯特沙利文，按2024年手機銷量計，傳音是全球新興市場排名第一的手機提供商。去年全年收入655.91億元，按年跌4.5%。年內利潤26.05億元，按年大跌53.5%。

石藥創新亦於去年12月首次遞表，申請失效後即第二次提交上市申請，中信証券（6030）為獨家保薦人。"
無綫職藝員龍舟隊出戰 滕麗名任鼓手吶喊助威,2026-06-19 17:41,https://ol.mingpao.com/ldy/showbiz/latest/20260619/1781860435108/%e7%84%a1%e7%b6%ab%e8%81%b7%e8%97%9d%e5%93%a1%e9%be%8d%e8%88%9f%e9%9a%8a%e5%87%ba%e6%88%b0-%e6%bb%95%e9%ba%97%e5%90%8d%e4%bb%bb%e9%bc%93%e6%89%8b%e5%90%b6%e5%96%8a%e5%8a%a9%e5%a8%81,mingpao,娛樂,2026-06-19 18:15,"《沙田龍舟競賽2026》今天（19日）於沙田城門河舉行，無綫派出旗下職藝員龍舟隊出戰「無綫盃中龍混合邀請賽」決賽，與其餘8支隊伍，包括「沙田浸信會」、「阿美勝龍舟隊」、「富寶花園」、「深水埗體育會-逐浪小子」、「自動系統龍舟隊」、「黑武士失明人龍舟隊」、「龍舟康樂中心」及「東華三院龍舟隊」一同角逐冠軍殊榮。

是次賽事亦獲多位嘉賓到場支持。2025香港小姐冠軍陳詠詩、友誼小姐暨最上鏡小姐李尹嫣獲邀擔任頒獎嘉賓，並與邢慧敏、麥詩晴及陳熙蕊一同為TVB職藝員龍舟隊授旗，寄望隊伍旗開得勝；滕麗名則親自擔任龍舟鼓手，擊鼓吶喊助威，帶動現場氣氛。

TVB職藝員龍舟隊在城門河兩旁逾千名觀眾的打氣聲中完成賽事，最終由「富寶花園」隊奪得冠軍，並由陳詠詩及李尹嫣頒發冠、亞、季、殿軍獎盃。《沙田龍舟競賽2026》委員會主席亦代表大會向電視廣播有限公司致送紀念品。"
北海道黑皮西瓜以3.4萬港元成交,2026-06-19 17:38,https://news.mingpao.com/ins/%e7%86%b1%e9%bb%9e/article/20260619/s00024/1781858710691/%e5%8c%97%e6%b5%b7%e9%81%93%e9%bb%91%e7%9a%ae%e8%a5%bf%e7%93%9c%e4%bb%a53-4%e8%90%ac%e6%b8%af%e5%85%83%e6%88%90%e4%ba%a4,mingpao,熱點,2026-06-19 18:15,"天氣炎熱，很多人都會選擇西瓜消暑。平時選西瓜都多數選擇綠色皮紅肉，又甜又多汁，不過在北海道當麻町，以黑皮出名的「田助西瓜」成為當地特產，每年還會有拍賣，今季首次拍賣今日（19日）在札幌市與旭川市的批發市場舉行，旭川最高成交價是70萬日圓（約3.4萬港元）。札幌市場最高成交價為60萬日圓（約2.92萬港元）。雖然價值不菲，但歷史最高價為2019年的75萬日圓（約3.64萬港元）。

以70萬日圓最高價成交的是在北海道經營超市的「道北ARCS」，他們將在旭川市內的店舖舉行試食活動。向「道北ARCS」供應蔬果的批發商「KANEMO」（旭川市）表示：「希望大家能在炎熱夏天吃到美味的田助西瓜。」

根據當麻農業協同組合表示，今年共有186個「田助西瓜」在札幌市場及111個在旭川市場拍賣。西瓜整體品質優良，甜度充足。預計7月中是豐收高峰，今年預計會出貨4萬個，銷售額目標為1.8億日圓。

田助西瓜是在日本減少水稻種植政策下，取代水稻作為農作物而開始栽培的，其名稱取自「幫助田地」的意思。（共同社）"
關西兩大經濟團體領導人將訪華 出席鏈博會,2026-06-19 17:37,https://news.mingpao.com/ins/%e5%85%a9%e5%b2%b8/article/20260619/s00004/1781861848282/%e9%97%9c%e8%a5%bf%e5%85%a9%e5%a4%a7%e7%b6%93%e6%bf%9f%e5%9c%98%e9%ab%94%e9%a0%98%e5%b0%8e%e4%ba%ba%e5%b0%87%e8%a8%aa%e8%8f%af-%e5%87%ba%e5%b8%ad%e9%8f%88%e5%8d%9a%e6%9c%83,mingpao,兩岸,2026-06-19 17:45,"日媒引述相關人士消息，日本關西經濟聯合會會長松本正義（住友電氣工業董事長）和大阪商工會議所主席鳥井信吾（三得利控股副董事長）近日將訪問中國北京。在中日關係惡化長期化的背景下，與中國聯繫緊密的關西經濟界正在尋求對話突破口。兩團體還設想2026年秋季派團訪華，此行也意在鋪路。

松本和鳥井將配合22日至26日在北京舉行的「中國國際供應鏈促進博覽會」進行訪問。松本希望能借機與主辦方中國國際貿易促進委員會會長任鴻斌舉行會談。中國貿促會曾負責2025年大阪·關西世博會中國館的運營。

在此次鏈博會上，住友電工、松下控股、大金工業等企業將參展。日本商工會議所的代表團以及擔任日本國際貿易促進協會代理會長的前厚生勞動副大臣橋本岳也計畫到訪。相關人士透露，松本在去年世博會期間也曾與中國國務院副總理何立峰會談等，一直致力於加強日中經濟交流。

此前，日本貿促會代表團由於擔任會長的日本前眾院議長河野洋平生逝世，據報押後訪華。擔任貿促會代理會長的前厚生勞動副大臣橋本岳計劃代為訪華，出席鏈博會。"
大埔海濱公園辦龍舟競賽暨嘉年華　料全日吸萬人觀賞,2026-06-19 17:34,https://news.mingpao.com/ins/%e6%b8%af%e8%81%9e/article/20260619/s00001/1781861188707/%e5%a4%a7%e5%9f%94%e6%b5%b7%e6%bf%b1%e5%85%ac%e5%9c%92%e8%be%a6%e9%be%8d%e8%88%9f%e7%ab%b6%e8%b3%bd%e6%9a%a8%e5%98%89%e5%b9%b4%e8%8f%af-%e6%96%99%e5%85%a8%e6%97%a5%e5%90%b8%e8%90%ac%e4%ba%ba%e8%a7%80%e8%b3%9e,mingpao,港聞,2026-06-19 17:45,"大埔宏福苑火災之後第一個端午節，「2026大埔龍舟競賽暨嘉年華」今日（19日）在大埔海濱公園舉行，從海濱公園眺望，可看到宏福苑現貌。面向宏福苑觀看龍舟比賽，有市民稱心情沒受影響，被問觀賽時看到宏福苑現貌心情如何，有市民稱「呢啲嘢你知我知啦」；亦有市民說，希望大埔居民身體健康。

本年度大埔龍舟競賽由民政事務總署社區參與計劃撥款資助，民政事務總署長杜潔麗擔任主禮嘉賓，她其間並沒致辭。大會共安排3條穿梭巴士路線免費接載市民往返比賽場地。大埔龍舟競賽自1994年起每年都會在大埔海濱公園舉行，本年度共有109隊隊伍參賽，健兒人數約3600人，主辦方大埔區龍舟競賽委員會料全日共吸引1萬人到場觀賞。

據記者觀察，人流高峰為下午約1時，只供持貴賓票人士入場的看台上座無虛席。大埔居民徐先生今首次在區內觀賽，其子說感到很開心，指自大火後社區感覺人更少，希望以後該區有更多同類型的活動。同樣是大埔居民的黃太太帶同兩個女兒及她們的朋友前來觀賽，她亦認為大埔區在大火後比以往冷清，又認為社會各界都非常熱心，她亦希望災民生活可回復正常，得到妥善長遠安置。黃續指，以往也有到場觀賽，今日的氣氛也頗為熱鬧。

「2026大埔龍舟競賽暨嘉年華」今日在大埔海濱公園舉行。（楊柏賢攝）



不過，有位於觀眾席的元朗居民認為現場氣氛沒想像中好，指大埔海濱公園交通不便，亦沒清晰指示告知入場人士應該如何前來或如何離場；其妻則說以往無看龍舟比賽的習慣，今次只是為了讓孫女一睹龍舟，才特意前來。入場觀賽人士不論從哪一角度，都可看到災後的宏福苑，被問看着被火燻黑的樓宇觀賽，有否影響心情，她說沒太大影響，惟感覺有數幢樓宇似乎沒受火波及，難明為何居民不能遷回原址，又稱希望大埔居民每個都身體健康。

周先生一家大小亦前來觀賽，他們沒有看龍舟的習慣，今次是因2歲多的女兒稱想看龍舟，才冒着烈日前來。今日大埔天氣反覆，一時有微雨，一時卻烈日當空，周說他們的心情未受天氣影響。被問觀賽時看到大火後的宏福苑，會否有傷感，周先生停頓片刻後說：「呢啲嘢你知我知」。

除了入場觀賽的市民外，亦有龍舟健兒家屬到場支持家人，梁女士攜同兒女到場支持丈夫，她說丈夫素來愛划龍舟，上月開始已到處參加龍舟比賽。至於對大埔有何祈盼，她則希望國泰民安和每人都身體健康。"
宏福苑對出海面辦龍舟賽    市民「你知我知」形容心情     主辦方料萬人觀賞,2026-06-19 17:34,https://news.mingpao.com/ins/%e6%b8%af%e8%81%9e/article/20260619/s00001/1781861188707/%e5%ae%8f%e7%a6%8f%e8%8b%91%e5%b0%8d%e5%87%ba%e6%b5%b7%e9%9d%a2%e8%be%a6%e9%be%8d%e8%88%9f%e8%b3%bd-%e5%b8%82%e6%b0%91%e3%80%8c%e4%bd%a0%e7%9f%a5%e6%88%91%e7%9f%a5%e3%80%8d%e5%bd%a2%e5%ae%b9%e5%bf%83%e6%83%85-%e4%b8%bb%e8%be%a6%e6%96%b9%e6%96%99%e8%90%ac%e4%ba%ba%e8%a7%80%e8%b3%9e,mingpao,local,2026-06-19 22:30,"大埔宏福苑火災之後第一個端午節，「2026大埔龍舟競賽暨嘉年華」今日（19日）在大埔海濱公園舉行，從海濱公園眺望，可看到宏福苑現貌。面向宏福苑觀看龍舟比賽，有市民稱心情沒受影響，被問觀賽時看到宏福苑現貌心情如何，有市民稱「呢啲嘢你知我知啦」；亦有市民說，希望大埔居民身體健康。

本年度大埔龍舟競賽由民政事務總署社區參與計劃撥款資助，民政事務總署長杜潔麗擔任主禮嘉賓，她其間並沒致辭。大會共安排3條穿梭巴士路線免費接載市民往返比賽場地。大埔龍舟競賽自1994年起每年都會在大埔海濱公園舉行，本年度共有109隊隊伍參賽，健兒人數約3600人，主辦方大埔區龍舟競賽委員會料全日共吸引1萬人到場觀賞。

據記者觀察，人流高峰為下午約1時，只供持貴賓票人士入場的看台上座無虛席。大埔居民徐先生今首次在區內觀賽，其子說感到很開心，指自大火後社區感覺人更少，希望以後該區有更多同類型的活動。同樣是大埔居民的黃太太帶同兩個女兒及她們的朋友前來觀賽，她亦認為大埔區在大火後比以往冷清，又認為社會各界都非常熱心，她亦希望災民生活可回復正常，得到妥善長遠安置。黃續指，以往也有到場觀賽，今日的氣氛也頗為熱鬧。

「2026大埔龍舟競賽暨嘉年華」今日在大埔海濱公園舉行。（楊柏賢攝）



不過，有位於觀眾席的元朗居民認為現場氣氛沒想像中好，指大埔海濱公園交通不便，亦沒清晰指示告知入場人士應該如何前來或如何離場；其妻則說以往無看龍舟比賽的習慣，今次只是為了讓孫女一睹龍舟，才特意前來。入場觀賽人士不論從哪一角度，都可看到災後的宏福苑，被問看着被火燻黑的樓宇觀賽，有否影響心情，她說沒太大影響，惟感覺有數幢樓宇似乎沒受火波及，難明為何居民不能遷回原址，又稱希望大埔居民每個都身體健康。

周先生一家大小亦前來觀賽，他們沒有看龍舟的習慣，今次是因2歲多的女兒稱想看龍舟，才冒着烈日前來。今日大埔天氣反覆，一時有微雨，一時卻烈日當空，周說他們的心情未受天氣影響。被問觀賽時看到大火後的宏福苑，會否有傷感，周先生停頓片刻後說：「呢啲嘢你知我知」。

除了入場觀賽的市民外，亦有龍舟健兒家屬到場支持家人，梁女士攜同兒女到場支持丈夫，她說丈夫素來愛划龍舟，上月開始已到處參加龍舟比賽。至於對大埔有何祈盼，她則希望國泰民安和每人都身體健康。"
年輕租客入市  548萬購太湖花園兩房,2026-06-19 17:29,https://finance.mingpao.com/fin/instantp/20260619/1781872321048/%e5%b9%b4%e8%bc%95%e7%a7%9f%e5%ae%a2%e5%85%a5%e5%b8%82-548%e8%90%ac%e8%b3%bc%e5%a4%aa%e6%b9%96%e8%8a%b1%e5%9c%92%e5%85%a9%e6%88%bf,mingpao,地產,2026-06-19 20:45,"大埔太湖花園錄租轉買個案，中原分區營業經理林志明表示，屋苑最新成交為16座中層C室，實用463方呎，2房間隔，成交價548萬元，實呎11,836元。買家為年輕客，因租金持續高企，決定轉租為買。

原業主2011年以272萬元購入單位，持貨約15年，現帳面獲利276萬元或逾1倍。

"
北京警方：黃子韜涉違泊、非法改車受罰  工作室致歉,2026-06-19 17:22,https://news.mingpao.com/ins/%e5%85%a9%e5%b2%b8/article/20260619/s00004/1781857664031/%e5%8c%97%e4%ba%ac%e8%ad%a6%e6%96%b9-%e9%bb%83%e5%ad%90%e9%9f%9c%e6%b6%89%e9%81%95%e6%b3%8a-%e9%9d%9e%e6%b3%95%e6%94%b9%e8%bb%8a%e5%8f%97%e7%bd%b0-%e5%b7%a5%e4%bd%9c%e5%ae%a4%e8%87%b4%e6%ad%89,mingpao,兩岸,2026-06-19 17:30,"新華社報道，北京警方今日（19日）通報，內地藝人黃子韜因違例泊車及非法改裝車輛，被行政處罰。黃子韜工作室其後發布致歉聲明。

北京交警在官方微博發文稱，近日接獲民眾舉報，在朝陽區將台西路，一輛懸掛外埠號牌的小客車涉嫌違法停車。北京交警接報後迅速展開調查，查獲該車及駕駛人。經查，駕駛人黃某某（男，33歲）因違反停車規定、違反禁令標誌指示，及改變車身顏色未按規定時限辦理變更登記的違法行為，被交管部門依法給予行政處罰。對於現場附近其他車輛交通違法情况，交管部門正在調查，將依法處理。

黃子韜工作室致歉聲明稱，事發後黃子韜已深刻認識到錯誤，今日凌晨已接受交警教育、繳納罰款，違章停車違法行為已處理完畢。工作室還強調，涉事車輛未經非法改裝，僅變更車身顏色，未備案為工作人員疏忽，非藝人主觀故意，已安排專人盡快補辦備案手續，確保車輛合規上路，呼籲公眾勿將「改色未備案」混淆為「非法改裝」，傳播不實信息。

據上游新聞報道，話題「黃子韜徐藝洋開超跑出門違停」昨日登上微博熱搜。

根據網上流傳的現場畫面，兩人當日在北京駕乘一輛黑色林寶堅尼敞篷超跑外出聚餐，其後將車輛違規停泊在非機動車道，下車步行離開。違泊期間，車頂敞篷全程打開，外觀搶眼。

黃子韜1993年5月2日出生於山東青島，為內地流行樂男歌手、演員及主持人。"
中年好聲音4 | 韋綺姍少女心爆發 潘宗明專程返港撐場,2026-06-19 17:15,https://ol.mingpao.com/ldy/showbiz/latest/20260619/1781858136550/%e4%b8%ad%e5%b9%b4%e5%a5%bd%e8%81%b2%e9%9f%b34-%e9%9f%8b%e7%b6%ba%e5%a7%8d%e5%b0%91%e5%a5%b3%e5%bf%83%e7%88%86%e7%99%bc-%e6%bd%98%e5%ae%97%e6%98%8e%e5%b0%88%e7%a8%8b%e8%bf%94%e6%b8%af%e6%92%90%e5%a0%b4,mingpao,娛樂,2026-06-19 17:30,"TVB《中年好聲音4》後晚（21日）播出新一集「中123助力賽」上半場，並邀得孫耀威擔任嘉賓評審，韋綺姍與李麗霞（黑妹）則擔任「知音人」。今輪比賽中，13強參賽者將聯同師兄師姐合作演出，並分上、下半場作賽。13隊選手完成演出後，最低分4隊將進入待定區，並即時進行PK賽，最終淘汰1位參賽者，正式誕生12強。

上半場歌單包括陳旭培的《水中花》、許雲妮的《再度孤獨（粵）/逝去的愛（國）》、尹景順的《人間》、周志康的《失魂》、可嵐的《瀟灑走一回》、鄭家聲的《阿牛》，以及吳亦偉的《後知後覺》；助力演出的師兄師姐則有「中1生」李佳、龍婷、顏志恒、「中2生」劉威煌，以及「中3生」黃博、李金凱和王鄭浚仁。同屬第一屆《超級巨聲》出身的周志康與劉威煌會否在《中4》舞台並肩作戰，成為節目其中一大焦點。

本集另一焦點落在吳亦偉身上。被譽為「全能ACE」的他，今次選唱《後知後覺》，歌曲需頻繁轉換假音及挑戰高音，難度甚高，而他在演出結束後才透露自己患上支氣管炎。

曾於前三季《中聲》擔任導師的韋綺姍，一向予人嚴肅印象，今次卸下導師身分後卻罕有展露少女一面。肥媽在點評後笑指韋綺姍與黑妹同為吳亦偉的粉絲，韋綺姍更即場模仿吳亦偉於原創歌《吳亦偉》中的招牌「彈舌音」，惹來全場大笑。肥媽取笑「靚仔都唔使咁」，周國豐亦笑指兩人的年齡加起來已百幾歲。

其後，韋綺姍更當眾向吳亦偉表示欣賞：「我很喜歡亦偉，你的Groove真的很好，我很想和你跳一段舞，我真的很喜歡你。」當吳亦偉上前與她握手時，全場即時起哄，韋綺姍最終亦在眾人要求下與對方相擁。

另一邊廂，上回合憑360度翻騰技奪得MVP的「中4舞王」鄭家聲，今次選唱《阿牛》，改以情感演繹取勝。孫耀威盛讚他甫開聲已經「入戲」，令自己聽得相當舒服，幾乎忘記評分。

肥媽透露，前無綫金牌司儀潘宗明與太太許加恩專程由多倫多返港，為鄭家聲打氣。潘宗明表示自己一直看着家聲成長，並說：「他以前參加《新秀》時，正是由我擔任主持。」潘宗明又透露，自己一向是《中年好聲音》系列粉絲，如今看到「中123生」與參賽者同台較量，感覺特別親切，更直言：「這張機票值了。」"
北都專屬法例｜政府重申無意擴大法例適用範圍　擬每年向立法會交代落實情况,2026-06-19 17:14,https://news.mingpao.com/ins/%e6%b8%af%e8%81%9e/article/20260619/s00001/1781860471287/%e5%8c%97%e9%83%bd%e5%b0%88%e5%b1%ac%e6%b3%95%e4%be%8b-%e6%94%bf%e5%ba%9c%e9%87%8d%e7%94%b3%e7%84%a1%e6%84%8f%e6%93%b4%e5%a4%a7%e6%b3%95%e4%be%8b%e9%81%a9%e7%94%a8%e7%af%84%e5%9c%8d-%e6%93%ac%e6%af%8f%e5%b9%b4%e5%90%91%e7%ab%8b%e6%b3%95%e6%9c%83%e4%ba%a4%e4%bb%a3%e8%90%bd%e5%af%a6%e6%83%85%e5%86%b5,mingpao,港聞,2026-06-19 17:15,"政府向立法會提交有關北部都會區專屬法例的建議，當中交代諮詢期間各界意見及政府回應。政府重申現階段無意將北都專屬法例適用範圍擴大至北都以外，又指法例生效後會定期檢視主體和附屬法例執行安排，包括定期向特首主持的「北部都會區發展委員會」匯報落實階段情况，並在有需要時尋求指導，亦會每年向立法會發展事務委員會匯報法例落實情况。

發展局亦指，留意社會對保育及規劃議題的不同意見，強調擬議法例下的簡化程序將不適用於「自然保育區」、「郊野公園」、「綠化地帶」等保育地帶，而且在簡化程序下，相關申請，包括在鄉郊大綱圖就臨時用途的申請，仍會邀請公眾提交意見及由城規會審議。即使簡化程序不適用的土地，申請人仍然可以沿用《城市規劃條例》下的現有機制提出發展建議，並由城規會考慮。當局認為，有關建議已平衡巿場發展需要和自然保育需求。

北都專屬法例｜撤回土審處半年內裁定補償額建議發展局：不影響收回土地

諮詢期間，當局曾提出於北部都會區加快支付收地補償，包括就補償個案轉交土地審裁處裁定補償額設6個月限期。發展局在最新提交的建議中改變立場，認為為免前業主過早或在無實際需要的情况下，將補償個案轉交予土地審裁處，不必要地增加土地審裁處工作量，建議不再為轉交補償個案至土地審裁處設立限期。

當局認為，通過與暫支款項相關的建議，已有效促進支付補償金額，減低政府的利息支出，相信何時就收地補償達成協議，並不會影響政府行使法定權力收回土地，「是否為達成補償協議設時限，對提速發展沒有直接關係。」

至於暫支款項的安排，當局仍然建議，如主管當局發出的暫支款項在三個月限期內不獲前業主接納，款項相應的補償金額將不會由限期屆滿後孳生利息。不過，當局提及，因應個別前業主或有實際困難而未能在限期內接納暫支款項的情况，遂建議賦權主管當局可按個別情况延長有關限期，前業主亦可向土地審裁處申請，要求就特定個案中繼續孳生利息。

"
伊朗最高領袖交代對美備忘錄　稱「個人反對」最終允簽約,2026-06-19 17:07,https://news.mingpao.com/ins/%e5%9c%8b%e9%9a%9b/article/20260619/s00005/1781856811824/%e4%bc%8a%e6%9c%97%e6%9c%80%e9%ab%98%e9%a0%98%e8%a2%96%e4%ba%a4%e4%bb%a3%e5%b0%8d%e7%be%8e%e5%82%99%e5%bf%98%e9%8c%84-%e7%a8%b1%e3%80%8c%e5%80%8b%e4%ba%ba%e5%8f%8d%e5%b0%8d%e3%80%8d%e6%9c%80%e7%b5%82%e5%85%81%e7%b0%bd%e7%b4%84,mingpao,國際,2026-06-19 17:15,"伊朗最高領袖穆傑塔巴向全國民眾發信息，交代美伊總統簽署終戰諒解備忘錄（MoU）一事。周四（18日）晚在社交平台X公布的英語版本文件顯示，穆傑塔巴稱對締結美伊協議「原則上有不同意見」，但伊朗總統佩澤希齊揚代表最高國家安全委員會向他擔保會對協議負責，保護伊朗民族及「抵抗軸心」武裝組織同盟後，他最終批准簽約。

穆傑塔巴聲言，備忘錄是美國總統特朗普「出於絕望而千方百計促成的」，而佩澤希齊揚表明如美方提出過分要求，伊方不會向他們屈服。穆傑塔巴呼籲伊朗人耐心等候備忘錄條款落實，並強調該初步協議並不意味伊朗會在今後下一階段、旨在達成最終協議的當面談判中，接受敵人的立場。（法新社/X/BBC）"
墨西哥1：0小勝韓國提早出線　球迷：入場撐國家隊感覺「難以形容」【短片】,2026-06-19 16:59,https://news.mingpao.com/ins/%e7%86%b1%e9%bb%9e/article/20260619/s00024/1781854729622/%e5%a2%a8%e8%a5%bf%e5%93%a51-0%e5%b0%8f%e5%8b%9d%e9%9f%93%e5%9c%8b%e6%8f%90%e6%97%a9%e5%87%ba%e7%b7%9a-%e7%90%83%e8%bf%b7-%e5%85%a5%e5%a0%b4%e6%92%90%e5%9c%8b%e5%ae%b6%e9%9a%8a%e6%84%9f%e8%a6%ba%e3%80%8c%e9%9b%a3%e4%bb%a5%e5%bd%a2%e5%ae%b9%e3%80%8d%e3%80%90%e7%9f%ad%e7%89%87%e3%80%91,mingpao,熱點,2026-06-19 17:15,"世界盃主辦國之一墨西哥隊今早（19日）在分組賽A組小勝韓國1：0，兩戰全勝，提早一輪鎖定首名出線，成為今屆首支晉身32強的球隊。在墨西哥瓜達拉哈拉，球迷自然興奮，在街上歡呼慶祝。有墨西哥球迷認為出線意義重大，對於能夠親身入場支持國家隊感到無比高興，更是「難以形容」的感覺。【明報專輯：世界盃2026】

另一邊廂韓國球迷對賽果有點失望：「我本來預計會有更好的結局」，但亦慶幸韓國隊仍有第三場賽事，仍然有機會競逐出線。（路透社／法新社）"
政府提交北都專屬法例建議　提出簡化申請建築噪音許可證、容許使用國家認可建築機器,2026-06-19 16:57,https://news.mingpao.com/ins/%e6%b8%af%e8%81%9e/article/20260619/s00001/1781859419179/%e6%94%bf%e5%ba%9c%e6%8f%90%e4%ba%a4%e5%8c%97%e9%83%bd%e5%b0%88%e5%b1%ac%e6%b3%95%e4%be%8b%e5%bb%ba%e8%ad%b0-%e6%8f%90%e5%87%ba%e7%b0%a1%e5%8c%96%e7%94%b3%e8%ab%8b%e5%bb%ba%e7%af%89%e5%99%aa%e9%9f%b3%e8%a8%b1%e5%8f%af%e8%ad%89-%e5%ae%b9%e8%a8%b1%e4%bd%bf%e7%94%a8%e5%9c%8b%e5%ae%b6%e8%aa%8d%e5%8f%af%e5%bb%ba%e7%af%89%e6%a9%9f%e5%99%a8,mingpao,港聞,2026-06-19 17:00,"政府向立法會提交有關北部都會區專屬法例的建議，提出部分簡化措施，包括簡化申請建築噪音許可證，以及容許國家認可標準的建築機器設備在指定地區使用。

有關簡化申請建築噪音許可證，當局建議維持只適用於北都內以「產業主導」的新發展地區以及主要運輸基建項目，同時建議做法適用範圍除洪水橋、新田科技城和河套、牛潭尾、流浮山及新界北新市鎮外，一併應用於沙嶺數據園區。發展局解釋，原因在於有關產業發展項目必須全速推進，而且周邊並無大量民居。

至於主要運輸基建項目，當局亦建議簡化申請建築噪音許可證程序可以適用於一系列項目，包括：屯馬線洪水橋站北環線主線及支線港深西部鐵路（洪水橋至前海，以及深圳灣口岸港方口岸區範圍內的相關工程）洪水橋／厦村新發展區智慧綠色集體運輸系統北都公路東面連接道路北環線東延線新界東北線

北都專屬法例倡可用國家認可建築機器發展局：非放寬管制

有關容許國家認可標準的建築機器設備在指定地區使用的安排，發展局解釋，做法為便利港深西部鐵路（洪水橋至前海）及北環線支線兩個跨境運輸基建項目建築工程，建議加入條文提供為相關機器設備提供豁免，以便直接使用，提升工程效率。當局提出相關設備的例子包括：流動發電機空氣壓縮機挖泥機流動起重機推土機隧道鑽挖機壓路機泥頭車手提撞擊式破碎機其他起重機械和起重裝置

發展局指，有關安排旨在為已符合與香港特區法定要求相容的國家認可標準的建築機器設備精簡審批機制，而非放寬現行的管制要求。

"
端午假期首日全國鐵路客流料1973萬人次　或創新高,2026-06-19 16:36,https://news.mingpao.com/ins/%e5%85%a9%e5%b2%b8/article/20260619/s00004/1781854223310/%e7%ab%af%e5%8d%88%e5%81%87%e6%9c%9f%e9%a6%96%e6%97%a5%e5%85%a8%e5%9c%8b%e9%90%b5%e8%b7%af%e5%ae%a2%e6%b5%81%e6%96%991973%e8%90%ac%e4%ba%ba%e6%ac%a1-%e6%88%96%e5%89%b5%e6%96%b0%e9%ab%98,mingpao,兩岸,2026-06-19 16:45,"今天（19日）是端午節假期首日，中國國家鐵路集團表示，全國鐵路今日預計運載旅客1973萬人次，計劃加開旅客列車1028列。據往年數據，去年5月31日端午假期，全國鐵路單日發送旅客1811.6萬人次，為此前的高位紀錄，今日旅客發送量或創端午單日客流量新高。

截至今早8時，鐵路12306已累計發售端午假期運輸火車票5159萬張。從車票預售情況，熱門到達城市主要有北京、廣州、成都、杭州、上海、鄭州、南京、武漢、西安及深圳。"
李泳豪提早慶祝父親節 鼎爺狀態好食唔停︰要追番去165磅,2026-06-19 16:34,https://ol.mingpao.com/ldy/showbiz/latest/20260619/1781855901295/%e6%9d%8e%e6%b3%b3%e8%b1%aa%e6%8f%90%e6%97%a9%e6%85%b6%e7%a5%9d%e7%88%b6%e8%a6%aa%e7%af%80-%e9%bc%8e%e7%88%ba%e7%8b%80%e6%85%8b%e5%a5%bd%e9%a3%9f%e5%94%94%e5%81%9c-%e8%a6%81%e8%bf%bd%e7%95%aa%e5%8e%bb165%e7%a3%85,mingpao,娛樂,2026-06-19 16:45,"李泳豪（豪仔）日前提早為父親李家鼎慶祝父親節，父子2人一同享用11道菜的日本鐵板燒大餐。逐步回復狀態的鼎爺當日胃口甚佳，全程吃不停，席間更一度興致大發，開心模仿螳螂動作，氣氛愉快。

席上，兩人談及歷年最難忘的父親節回憶。鼎爺表示，自己最難忘的一次父親節，是在1990年代，當時李泳豪與哥哥李泳漢專程到西貢與他慶祝，而他更親自下廚，為兩名兒子準備蒸魚及炒蟹，共聚天倫，回憶格外深刻。

李泳豪則透露，自己印象最深刻的一次父親節，是當年身在洛杉磯時，父親特意飛行逾14小時前往當地探望。他憶述，他們當時曾一同去選購牛仔靴，之後又觀賞一場中世紀騎士主題表演，現場設有騎馬及模擬戰爭場面，觀眾更可一邊用餐、一邊欣賞演出，令他至今難忘。

他又表示，今年這次慶祝同樣別具意義，皆因這是父子2人首次一同享用鐵板燒，而他人生第一次吃日本菜，正是由父母帶領，自此便愛上日本料理。如今角色對調，由他帶父親品嘗鐵板燒，對他而言別具感觸。

用餐至中段時，鼎爺笑言已數不清自己吃了多少道菜，當得知後面尚餘4道菜時，更忍不住笑說：「你真是當我在發育嗎！」李泳豪則笑稱父親如今是「第四度發育」，又指身邊同事都很關心鼎爺近况，認為他稍為長肉，但仍要繼續增磅。鼎爺亦直言，希望可以追回至165磅體重，並稱自己以往狀態最佳時，體重正是165磅。

影片尾聲，李泳豪向父親真情表示，不必待到父親節才外出品嘗美食，平日只要父親想吃什麼，他都願意陪伴同行，無論香港、內地、台灣或日本亦可。他又說，最重要是父親現階段要好好享受生活，多些旅行、多些品嘗美食，保持良好身體狀態。鼎爺聞言亦開心回應：「當然，要享受我的生活。」

李泳豪其後再表示，除了粵菜方面自己不敢在父親面前班門弄斧，其餘不同類型的美食，若自己或太太熟悉，都樂意陪父親四處品嘗。他希望父親不止在父親節才吃得開心，而是平日也能多享受美食，並一起保持健康身體，以更愉快的心情生活。"
中國持續減持美債 持倉再創18年新低,2026-06-19 16:28,https://finance.mingpao.com/fin/instantf/20260619/1781857709328/%e4%b8%ad%e5%9c%8b%e6%8c%81%e7%ba%8c%e6%b8%9b%e6%8c%81%e7%be%8e%e5%82%b5-%e6%8c%81%e5%80%89%e5%86%8d%e5%89%b518%e5%b9%b4%e6%96%b0%e4%bd%8e,mingpao,經濟,2026-06-19 16:45,"美國財政部最新數據顯示，中國連續3個月減持美國國債，今年4月美債持有規模更減至18年低位，反映在地緣政治緊張加劇及市場對聯儲局獨立性憂慮升溫下，中國持續推進外匯儲備多元化。

數據顯示，中國持有的美國國債由3月的6523億美元降至4月的6511億美元，為2008年9月6182億美元以來最低水平。根據金融數據供應商Wind統計，由外國持有的美國國債在4月升至9.353萬億美元，高於3月的9.349萬億美元，其中日本及英國等主要持有者的持有量均有增加。

今年4月美伊戰事談判陷入停滯，市場對全球滯漲壓力的憂慮升溫。此外雖然美聯儲主席凱文·沃什（Kevin Warsh）在其提名聽證會上強調利率決策將「完全獨立」於政治考量，或民選領袖的言論，但投資者仍警惕利率決策或受政治影響。"
大澳按傳統舉行「龍舟遊涌」 祈求平安,2026-06-19 16:22,https://news.mingpao.com/ins/%e6%b8%af%e8%81%9e/article/20260619/s00001/1781856908783/%e5%a4%a7%e6%be%b3%e6%8c%89%e5%82%b3%e7%b5%b1%e8%88%89%e8%a1%8c%e3%80%8c%e9%be%8d%e8%88%9f%e9%81%8a%e6%b6%8c%e3%80%8d-%e7%a5%88%e6%b1%82%e5%b9%b3%e5%ae%89,mingpao,港聞,2026-06-19 16:30,"今日是端午節，大澳按傳統舉行「龍舟遊涌」，為水陸居民祈求平安。大批居民及遊客在岸上觀看儀式。

大澳龍舟遊涌於2011年列入第三批國家級非物質文化遺產代表性項目名錄，亦於2017年成為首批《香港非物質文化遺產代表作名錄》項目，已延續逾百年。三個傳統漁業行會於每年農曆五月初四早上到大澳4間廟宇「接神」，並在端午節當日，拖着載有神像的小艇巡遊各水道，沿途焚燒金銀衣紙，並於下午將神像送回廟宇。

大澳按傳統舉行「龍舟遊涌」，大批居民及遊客在岸上觀看儀式。（盧曼盈攝）

因應「龍舟遊涌」，上月新啟用的鹽田橋及寶珠潭橋均採用開合設計，配合神像不穿越橋底的傳統。

"
安徽12歲女遭圍摑　當局：兩涉案學生已道歉,2026-06-19 16:20,https://news.mingpao.com/ins/%e5%85%a9%e5%b2%b8/article/20260619/s00004/1781855875966/%e5%ae%89%e5%be%bd12%e6%ad%b2%e5%a5%b3%e9%81%ad%e5%9c%8d%e6%91%91-%e7%95%b6%e5%b1%80-%e5%85%a9%e6%b6%89%e6%a1%88%e5%ad%b8%e7%94%9f%e5%b7%b2%e9%81%93%e6%ad%89,mingpao,兩岸,2026-06-19 16:30,"有網上流傳片段，安徽合肥市廬江縣一處戶外露台，多名揹着書包的學生圍着一名女生，其中兩名女生輪流掌摑該女生，過程被途人拍下，拍攝者喝止後，眾人慌忙轉身，跑樓梯離去。片段在社交媒體廣傳，引發關注。

當局調查組今日（19日）發布通報稱，經教育、公安、衛健等部門聯合調查，昨晚（18日）6時許，一名12歲女學生、與姓劉13歲女生在校外掌摑12歲姓張女事主。公安機關傳喚當事人及展開調查，敦促校方及其監護人履行監管責任，及時化解矛盾糾紛；調查組安排專人為事主提供心理輔導。通報稱，兩名女生及其監護人已知道錯誤，並向事主誠懇道歉。（羊城晚報）"
