id,title,date,last_update,url,lead,section,source,scrape_time,news_content
bkn-20260614120022142-0614_00822_001,首5個月全國鐵路發送逾19億人次旅客　創歷史新高,2026-06-14 12:00,2026-06-14 12:00,https://hk.on.cc/cnt/news/20260614/bkn-20260614120022142-0614_00822_001.html,首5個月全國鐵路發送逾19億人次旅客　創歷史新高,中國,oncc,2026-06-14 12:15,"國鐵集團上周六（13日）表示，今年1至5月全國鐵路發送旅客19.69億人次，按年增長5.7%。客流總量、單日客流量和跨境客流等多項指標均創歷史同期新高。

國鐵集團充分運用大數據分析出行需求，及時在熱門方向、區間和時段加大運力投放。1至5月全國鐵路日均開行旅客列車11,541列、按年增長5.9%，其中，5月1日發送旅客2,484.4萬人次，創單日旅客發送量歷史新高。廣深港高鐵發送跨境旅客1,453.4萬人次、年增14.5%。中老鐵路發送跨境旅客16.7萬人次、較去增長35.0%，隨著旅遊旺季到來，中老鐵路跨境運行的D87、D88次列車，需要提前一周預訂車票。

今年以來，國鐵集團深入推進鐵旅融合，精心設計旅遊線路，煥新推出旅遊專列，1至5月全國鐵路累計開行旅遊列車1,400列。"
bkn-20260614115510021-0614_00822_001,商場直播世界盃海地對蘇格蘭　吸引逾百觀眾駐足觀賽,2026-06-14 11:55,2026-06-14 11:55,https://hk.on.cc/cnt/news/20260614/bkn-20260614115510021-0614_00822_001.html,商場直播世界盃海地對蘇格蘭　吸引逾百觀眾駐足觀賽,香港,oncc,2026-06-14 12:15,"今屆世界盃賽事舉行期間，多個商場安排直播。經常直播不同體育賽事的觀塘一商場，今日(14日)早上9時直播海地對蘇格蘭的賽事，吸引不少市民駐足觀賽。其中較多為年長觀眾，另亦有一家大小到場「睇波」。雖然作賽的兩隊並非傳統豪門勁旅，但於商場現場的觀眾人數仍有過百人，除了聚集在中庭電視機前空間，亦有不少人於較高樓層倚靠着欄杆觀賽。

而今日除了有海地對蘇格蘭，以及本港時間清晨6時進行的巴西對摩洛哥賽事，正午12時亦會有澳洲對土耳其的賽事。至於明天(15日)則會有多場備受球迷關注的賽事，包括同處被稱為「死亡之組」F組的荷蘭對日本，以及瑞典對突尼西亞的兩場賽事。另外，德國對庫拉索以及科特迪瓦對厄瓜多爾的賽事亦會於同日進行。"
bkn-20260614113519366-0614_00822_001,強對流天氣持續　多地陸空交通受阻,2026-06-14 11:35,2026-06-14 11:35,https://hk.on.cc/cnt/news/20260614/bkn-20260614113519366-0614_00822_001.html,強對流天氣持續　多地陸空交通受阻,中國,oncc,2026-06-14 11:45,"中央氣象台周日（14日）繼續發布黃色暴雨和藍色強對流天氣預警信號，廣東中北部和東部沿海、廣西東部、福建西南部等地的部分地區有大暴雨，其中廣東東部沿海局部地區有特大暴雨，降雨量達250至280毫米。深圳市發布雷電預警和分區暴雨黃色預警信號，全市進入暴雨戒備狀態。持續暴雨令多地水浸，陸空交通受阻。

受持續強降雨影響，廣東省水文局目前維持防汛水文測報Ⅳ級應急響應，預測省內主要江河將出現2至7米的漲水過程，中小河流將出現3至8米的漲水過程。國家防總辦公室和應急管理部等多部門上周六聯合會商，視訊會議調度浙江和廣東等9個省市區部署防汛救災工作，派出兩個工作組分別在廣西、江西指導防汛減災工作。

國鐵廣州局為確保列車運行安全，對周日至周一（15日）京廣鐵路、京九鐵路、杭深鐵路部分列車採取停運措施。北京上周六遭遇雷雨天氣，首都機場啟動運管委協同運行二級響應機制保障航班運行。受河北段積水影響，北京交通部門同日發布通燕高速出京方向白師路至市界封閉，白師路出口採取分流措施。"
bkn-20260614110038734-0614_00822_001,華貨輪地中海救起41人　埃及海上搜救中心致謝,2026-06-14 11:00,2026-06-14 11:00,https://hk.on.cc/cnt/news/20260614/bkn-20260614110038734-0614_00822_001.html,華貨輪地中海救起41人　埃及海上搜救中心致謝,中國,oncc,2026-06-14 11:15,"埃及海上搜救中心向中國海上搜救中心發感謝信，感謝福建海通發展股份有限公司所屬香港籍船舶「新海通801」輪，日前在地中海成功救助41名遇險人員，對中國船員展現出的非凡勇氣、專業素養與人道主義精神致以崇高敬意。

埃及海上搜救中心上周一（8日）晚上接報一艘充氣海筏，在缺乏充足食物和食水下漂流近5天且嚴重進水。接到埃及海上搜救中心搜救指令後，新海通801迅速響應，船長果斷決策，立即調整航向，以最快速度趕赴現場。翌日凌晨，新海通801全體船員在極具挑戰的海況下，成功將遇險人員全部安全救起，並為他們提供醫療救助和衣食保障等，上周三在埃及塞得港將遇險人員安全穩妥移交埃及當局

埃及海上搜救中心在感謝信中特別指出，救援行動充分彰顯中國船員恪守商船最高傳統和國際海事法規的崇高精神，對船舶所有人福建海通發展股份有限公司將海上人命安全置於商業利益之上的責任擔當，以及船舶管理公司福州大夏國際船舶管理有限公司高效的岸基協調支持表示高度讚賞。"
bkn-20260614105406129-0614_00822_001,香港五年規劃明起公眾諮詢　政府稱探討延續優勢補上短板,2026-06-14 10:54,2026-06-14 11:24,https://hk.on.cc/cnt/news/20260614/bkn-20260614105406129-0614_00822_001.html,香港五年規劃明起公眾諮詢　政府稱探討延續優勢補上短板,香港,oncc,2026-06-14 11:30,"港府明日(15日)展開香港第一個五年規劃的公眾諮詢，為期兩個月。財金官員今日(14日)在網誌表示，五年規劃將令經濟有更大的發展動能、科技有更好的應用，社會亦會有更普惠包容的發展、市民有更多的優質就業和更美好的生活。官員稱，會通過不同渠道廣納社會意見。官員指，諮詢過程聚焦探討如何延續香港的優勢和特色，把短板補上，並鞏固、提升、開拓新的發展空間和新的市場，開創新的增長曲線。

財金官員指，香港有清晰的前瞻定位，如何將這些方向結合香港的優勢和特色，並把短板補上，如何鎖定落實的具體路徑、並放大發展紅利，正是諮詢過程中需要聚焦探討的議題。官員稱，五年規劃要延續香港在金融及貿易方面的良好趨勢。

港府認為，產業發展和經濟升級轉型將是關鍵任務，要加快推動北部都會區建設，作為部署新興產業和未來產業的空間載體。官員稱，本港在招商引資、吸引前沿科企落戶方面取得不俗的進展，接下來要讓這些技術和資金，進一步在港扎根、擴大規模、創造更多優質就業機會。"
bkn-20260614104641274-0614_00822_001,水質預測指數屬「極差」　銀礦灣貝澳及汀九灣泳灘掛紅旗,2026-06-14 10:46,2026-06-14 10:46,https://hk.on.cc/cnt/news/20260614/bkn-20260614104641274-0614_00822_001.html,水質預測指數屬「極差」　銀礦灣貝澳及汀九灣泳灘掛紅旗,香港,oncc,2026-06-14 11:45,康樂及文化事務署今日(14日)宣布，根據環境保護署的「泳灘水質預報系統」，離島區的銀礦灣泳灘及貝澳泳灘；荃灣區的汀九灣泳灘的「泳灘水質預測指數」為4，表示水質因天雨關係而可能短期波動，預測屬於「極差」水平。該等泳灘現已懸掛紅旗，為保障健康，市民應避免下水。
bkn-20260614102156453-0614_00822_001,智慧交通基金批92項目涉6.38億元　電車公司研監察系統,2026-06-14 10:21,2026-06-14 10:21,https://hk.on.cc/cnt/news/20260614/bkn-20260614102156453-0614_00822_001.html,智慧交通基金批92項目涉6.38億元　電車公司研監察系統,香港,oncc,2026-06-14 10:45,"政府2021年撥款10億港元成立智慧交通基金，至今基金已批出92個項目，涉及資助約6.38億港元。電車公司在資助下研發智能電車監察系統，以無線射頻識別技術(RFID)提升營運效率和行車安全。新系統能提供準確位置數據，控制室職員可按實際情況靈活調度班次，以及調節中途站的電車車速，維持班距平均。若遇上交通意外等突發狀況，控制室也能即時與前線車長溝通，隨機應變。

團隊耗時逾1年，在電車車頂安裝RFID閱讀器，並於沿線網絡設置約400個RFID標籤。當電車駛經標籤，系統便能獲取其位置。透過整合實時位置與過往營運數據，電車公司能在手機應用程式提供下3班車的預計到站時間，方便市民規劃行程。此外，系統具備彎道速度管制功能，全線約20個急彎位置均已加裝特定標籤，系統能實時監測電車入彎車速，一旦發現車速高於每小時8公里，便會發出提示。

另外，鑑於近年曾發生吊臂車因吊臂未完全收妥而撞擊天橋或道路設施的事故，政府於2025年3月分階段規定可伸延架空結構的車輛必須安裝過高警示系統。先進能源及智慧交通中心在智慧交通基金資助下開發了吊臂裝置警示系統，會在車輛行駛期間發出吊臂未收妥的警報。"
bkn-20260614100044332-0614_00822_001,晤蒙古總統　王毅指華有能力做可依靠的鄰國,2026-06-14 10:00,2026-06-14 10:00,https://hk.on.cc/cnt/news/20260614/bkn-20260614100044332-0614_00822_001.html,晤蒙古總統　王毅指華有能力做可依靠的鄰國,中國,oncc,2026-06-14 11:15,"中共中央政治局委員兼外長王毅正訪問蒙古，他上周六（13日）與在烏蘭巴托與蒙古總統呼日勒蘇赫會面。

呼日勒蘇赫表示，蒙中關係已成為地區國家間關係的典範，中國是蒙古永遠的好鄰居，對華友好是蒙古外交政策的首要方針。蒙方理解尊重中方的立場和關切，堅定恪守一個中國原則，認為台灣是中國領土不可分割的一部分，不支持任何形式的「台獨」行徑，涉港、涉藏、涉疆問題也都是中國內政。蒙古不會因為同其他國家關係做任何損害中方利益的事情。

王毅指，中國對蒙政策保持穩定性和連續性，始終把發展中蒙關係置於周邊外交重要位置，有意願也有能力做蒙古可以依靠的鄰居、值得信賴的朋友和加快發展的夥伴。中方尊重蒙古國的獨立、主權和領土完整，尊重蒙方自主選擇的發展道路。中方讚賞蒙方把發展對華關係作為對外交往的首要方針，這完全符合蒙國家和人民的根本利益。中方願同蒙方共同落實好兩國元首達成的重要共識，加強發展戰略對接，深挖合作潛能，推進互聯互通、能源礦產、貿易投資等既有合作，在重要礦產、綠色發展、數字經濟等領域打造更多合作增長點。中方願同蒙方在中俄蒙、上海合作組織等多邊平台加強團結協作，同全球南方國家聯合自強，推動構建更加公正合理的全球治理體系。"
bkn-20260614100000379-0614_00822_001,論文數據造假　通訊作者免除院長職務,2026-06-14 10:00,2026-06-14 10:00,https://hk.on.cc/cnt/news/20260614/bkn-20260614100000379-0614_00822_001.html,論文數據造假　通訊作者免除院長職務,上海,oncc,2026-06-14 10:15,"網傳上海大學教師蘇某某相關論文數據存疑，校方上周五（12日）通報協同相關單位第一時間成立由校內外專家組成調查組深入核查，評議涉及學術問題，已解除與周某某聘用關係之餘，亦免去轉化醫學研究院院長、轉化醫學國家科學中心（上海）上海大學分中心主任蘇某某職務，取消其職務晉升、科研項目申報、評獎評優等資格12個月，暫停招收研究生12個月，針對魏某與白某予以誡勉處理。

調查組通過查驗實驗數據、訪談相關人員等程序，確認被外界質疑的9張圖表所涉實驗數據處理均由該論文共同第一作者、該校轉化醫學研究院在站博士後周某某完成。論文通訊作者蘇某某受聘擔任該校轉化醫學研究院院長、轉化醫學國家科學中心（上海）上海大學分中心主任，論文共同通訊作者魏某與白某為該校轉化醫學研究院教師。蘇某某、魏某與白某對於論文數據及論文質量存在不同程度失察失管，未盡通訊作者對於論文數據真實性及規範性方面應盡責任。

上海大學重申，校方始終以「零容忍」態度懲治學術不端行為，將以此為鑑，舉一反三，全面加強師生科研誠信警示教育，完善科研數據規範使用及監管體系，持續營造求真務實、嚴謹治學學術生態與育人環境。"
bkn-20260614094650057-0614_00822_001,兩歲童染H9禽流感　關日華：接觸家禽應立即洗手,2026-06-14 09:46,2026-06-14 09:46,https://hk.on.cc/cnt/news/20260614/bkn-20260614094650057-0614_00822_001.html,兩歲童染H9禽流感　關日華：接觸家禽應立即洗手,香港,oncc,2026-06-14 10:30,"一名兩歲男童感染甲型流感(H9)。調查顯示，家人曾兩度攜同患者前往禾輋街市，期間在一間活雞店舖逗留觀看家禽並觸摸周圍環境。亞洲兒童傳染病學會會長、香港大學兒童及青少年科學系名譽臨床副教授關日華今日(14日)在電台節目上表示，明白家長帶小朋友到街市了解是出於良好本意，但強調應遠觀，若接觸到家禽應立即洗手。他又指，禽流感透過家禽傳染給人，家長應避免子女接觸活家禽，亦要煮熟家禽才進食。

臨近暑假，關日華提醒，家長攜子女出遊前應了解外地有否任何疫情，提早接種相關疫苗，以亞洲地區為例，最重要留意溫度和蚊患。他表示，登革熱已出現本土個案，即使不外遊也要防蚊，例如用蚊怕水、清理家居積水等。

提及新冠疫情後出現不同病毒，關日華指，未來國際間應增強資訊交流，相信可以提升各地預防病毒的成效。"
bkn-20260614091151691-0614_00822_001,中日關係持續惡化　上海國際電影節不放映日本電影,2026-06-14 09:11,2026-06-14 09:11,https://hk.on.cc/cnt/news/20260614/bkn-20260614091151691-0614_00822_001.html,中日關係持續惡化　上海國際電影節不放映日本電影,上海,oncc,2026-06-14 09:45,"第28屆上海國際電影節上周五（12日）開幕，未設置介紹最新日本電影的日本電影周，不會放映任何日本電影或邀請日籍評委，原因可能是受日中關係持續惡化的影響。

過往上海國際電影節都會上映多部日本電影及動畫作品，例如去年為紀念人氣動畫系列《新世紀福音戰士》播出30周年放映相關影片。此外，由演員小田切讓主演的《夏日沙上》去年也獲得評委會大獎。

本屆上海國際電影節分別放映來自77個國家和地區超過420部影片，放映場次逾1,600場。今年4月舉行的北京國際電影節，同樣不設日本電影周。"
bkn-20260614090258072-0614_00822_001,英飛凌專利案敗訴　相關氮化鎵產品中國禁售,2026-06-14 09:02,2026-06-14 09:02,https://hk.on.cc/cnt/news/20260614/bkn-20260614090258072-0614_00822_001.html,英飛凌專利案敗訴　相關氮化鎵產品中國禁售,中國,oncc,2026-06-14 09:30,"最高人民法院近日作出臨時禁令覆議裁定，維持江蘇蘇州中級人民法院此前判決，正式禁止德國半導體大廠（Infineon）英飛凌相關氮化鎵（GaN）產品在中國境內銷售、許諾銷售及進口，並駁回英飛凌全部覆議請求。

案件源於2025年初，總部設於珠海的氮化鎵類器件製造商英諾賽科向蘇州中院起訴英飛凌中國子公司及代理商，指控其侵犯2項自主研發的氮化鎵核心發明專利，涉及功率半導體關鍵技術。蘇州中院今年5月一審宣判，認定英飛凌侵權成立，判令立即停止相關侵權行為，並賠償英諾賽科經濟損失1,000萬元人民幣（約1,164萬港元）。英飛凌不服並申請覆議，最高法經審理於上周五（12日）維持原判，禁令即刻生效。

作為全球氮化鎵功率器件龍頭，英飛凌與英諾賽科近年在全球多地展開專利拉鋸戰。2024年6月，英飛凌在德國慕尼黑法院起訴英諾賽科並獲臨時禁令，限制其在德銷售涉訴產品。2025年底至2026年5月，美國國際貿易委員會在337調查中裁定英諾賽科部分產品侵權，但明確其主流在售產品不構成侵權。氮化鎵作為第三代半導體核心材料，廣泛應用於快充、服務器電源、新能源汽車等領域。"
bkn-20260614090007765-0614_00822_001,國安部：個別人士保密意識淡薄　偷拍軍事設施,2026-06-14 09:00,2026-06-14 09:00,https://hk.on.cc/cnt/news/20260614/bkn-20260614090007765-0614_00822_001.html,國安部：個別人士保密意識淡薄　偷拍軍事設施,中國,oncc,2026-06-14 09:15,"國家安全部周日（14日）表示，有個別人士安全保密意識淡薄，擅闖軍事禁區偷拍軍事設施，甚至將相關資訊發布在互聯網上，給軍事秘密安全帶來風險隱患。

石姓男子酷愛越野騎行，與親友交談中得知附近深山中有一處軍事基地，位置隱蔽、規模宏大，充滿好奇心的他決定一探究竟。經過多番打聽嘗試，他找到了軍事基地並被基地內獨特的建築樣貌吸引。為紀錄自己的越野成果，石男明知軍事管理區禁止拍照仍心存僥幸，拍攝軍事基地的照片。有人發現後致電國家安全機關舉報，國家安全機關查明石男拍攝軍事設施情況屬實，行為違反《中華人民共和國反間諜法》，遂依法處罰。

《中華人民共和國反間諜法》第六十一條規定，非法獲取、持有屬於國家秘密的文件、數據、資料、物品，以及非法生產、銷售、持有、使用專用間諜器材，尚不構成犯罪的，由國家安全機關予以警告或者處十日以下行政拘留。《中華人民共和國軍事設施保護法》第四條規定，中華人民共和國的組織和公民都有保護軍事設施的義務。任何擾亂軍事禁區、軍事管理區管理秩序和危害軍事設施安全的行為都將受到法律嚴懲。"
bkn-20260614084402866-0614_00822_001,多雲有驟雨及狂風雷暴　明日雨勢有時頗大,2026-06-14 08:44,2026-06-14 09:11,https://hk.on.cc/cnt/news/20260614/bkn-20260614084402866-0614_00822_001.html,多雲有驟雨及狂風雷暴　明日雨勢有時頗大,香港,oncc,2026-06-14 09:15,"西南季候風正為廣東沿岸帶來雷雨。此外，現時位於廣東內陸的低壓槽會在今日(14日)逐漸靠近沿岸地區。上午9時天文台錄得氣溫攝氏29度，相對濕度百分之83。過去一小時，京士柏錄得的平均紫外線指數是0.8，強度屬於低。

天文台預測今日大致多雲，間中有驟雨及幾陣狂風雷暴。最高氣溫約攝氏30度。稍後雨勢有時頗大。吹和緩至清勁西南風，離岸及高地間中吹強風。展望明日(15日)雨勢有時頗大及有狂風雷暴。隨後兩三日天氣仍然不穩定。"
bkn-20260614084237672-0614_00822_001,西灣河男子屋苑單位內暈倒　室友揭發送院惜太遲,2026-06-14 08:42,2026-06-14 08:42,https://hk.on.cc/cnt/news/20260614/bkn-20260614084237672-0614_00822_001.html,西灣河男子屋苑單位內暈倒　室友揭發送院惜太遲,香港,oncc,2026-06-14 09:00,西灣河有人暈倒亡。今晨(14日)6時51分，欣景花園一名男子報案，指其姓陳(50歲)男室友在上址一單位的房間內暈倒。救護員接報到場，將昏迷陳男送往東區尤德夫人那打素醫院搶救，惜最終被證實死亡。案件列作「送院時死亡」處理，陳男死因有待驗屍後確定。
bkn-20260614081103632-0614_00822_001,校巴司機稱神明附身騙女子性交　5人染愛滋病,2026-06-14 08:11,2026-06-14 08:11,https://hk.on.cc/cnt/news/20260614/bkn-20260614081103632-0614_00822_001.html,校巴司機稱神明附身騙女子性交　5人染愛滋病,彰化,oncc,2026-06-14 09:30,"台灣彰化縣衞生局追查愛滋病感染個案時，意外發現在中部多縣市擔任校巴、巴車及旅遊巴司機的李姓男子，以神明附身、宗教儀式等名義，誘騙6名未成年少女及3名成年女性發生性關係，導致其中5人感染愛滋病。檢方已依強制性交、強制性交致重傷等32罪起訴李男。

李男自稱是「媽祖的兒子」、「虎爺的弟弟」、「玄天上帝降駕」，將自己塑造成信仰虔誠的正面形象，讓搭校車的女學生加入他創設的LINE群組。他又佯稱神明經常借體降駕導致元氣耗損，須透過女性協助「補氣」、「補身體」，否則將有生命危險，誘騙少女與其性交。檢警調查，李男自2022年至今年2月間對9名女性落手，甚至有少女於3年間與李男發生16次性關係。

疾管署表示，去年底衞生局收到確診個案通報，疫調中發現男子有疑似妨礙性自主的疑慮，進而通報社會處、警察局、檢方認為，李男明知自己感染愛滋，仍利用宗教、迷信、醫療或民俗療法等方式，使受害人陷於錯誤認知而違反真實意願發生性行為，仍屬違反意願之方法，依法構成強制性交罪，並以多名受害人因此感染愛滋病，依強制性交、強制性交致重傷等罪起訴李男。"
bkn-20260614080404429-0614_00822_001,貨拉拉送茅台騎手失聯　辯稱摔碎惹疑,2026-06-14 08:04,2026-06-14 08:04,https://hk.on.cc/cnt/news/20260614/bkn-20260614080404429-0614_00822_001.html,貨拉拉送茅台騎手失聯　辯稱摔碎惹疑,山東,oncc,2026-06-14 08:30,"山東濟南一名男子近日透過貨運平台貨拉拉，委託運送4瓶飛天茅台，騎手取貨後直接點擊確認送達，未拍攝任何照片並失聯。事主苑先生報警後，警方卻稱暫時無法立案，屬民事侵權範疇。

經傳媒與警方介入，騎手張某解釋，他在送貨途中摔車，導致酒樽破碎，已丟入垃圾桶，卻無法提供具體摔車地點及破損證據。他曾提出以母親耗時5年製作手工刺繡作為擔保，遭苑先生拒絕，還承諾領薪後賠償，至今仍未兌現。

貨拉拉客服建議苑先生報警或興訟，並提出以3張運費5折優惠券作為補償。由於苑先生難以接受，平台已整理材料對接警方跟進。有律師表示，騎手涉嫌非法佔有貨物，或構成盜竊罪，苑先生可再次向公安機關報案。"
bkn-20260614074809280-0614_00822_001,天水圍天頌苑4個月大BB暈倒　昏迷送院搶救不治,2026-06-14 07:48,2026-06-14 09:22,https://hk.on.cc/cnt/news/20260614/bkn-20260614074809280-0614_00822_001.html,天水圍天頌苑4個月大BB暈倒　昏迷送院搶救不治,香港,oncc,2026-06-14 09:30,天水圍有嬰兒暈倒。今晨(14日)7時15分，天頌苑一單位一名男子報案，指其4個月大嬰兒在床上暈倒並失去呼吸。救護員接報到場，將昏迷嬰兒急送天水圍醫院搶救，惜終告不治。嬰兒暈倒原因有待調查。
bkn-20260614061327998-0614_00822_001,景觀小鎮爛尾　項目涉額近億元人民幣,2026-06-14 06:13,2026-06-14 06:13,https://hk.on.cc/cnt/news/20260614/bkn-20260614061327998-0614_00822_001.html,景觀小鎮爛尾　項目涉額近億元人民幣,山西,oncc,2026-06-14 06:15,"山西原平2021年斥資9,832萬元（人民幣，下同，約1.14億港元），在偏遠山區蘇龍口鎮建設「愛木圖」景觀小鎮，完工後長期空置。山西省委層面去年12月通報此案為整治形式主義典型問題，批評時任市委書記馬志強明知當地條件不足且財政緊張，仍擅自決定開發該項目，試圖快速做出成績。

由於「愛木圖」空置多時，多處建築出現損壞、公廁地基歪斜等情況，仿古商舖門頭緊閉，被村民形容為「沒景硬造」。該小鎮交通不便，所在木圖村僅30多人，旅遊導覽圖上景點大部分為縣級文保單位或重建中新建築。原平2021年一般公共預算收入9.9億元（約11.5億港元），債務餘額近36億元（約41.8億港元），資金缺口巨大，馬志強前年8月已因涉嫌嚴重違紀違法而被查。

原平市委宣傳部表示，該項目難以達到4A級景區標準，未來整改將分成3個階段，以「不再新增建設項目、不加大資金投入」為原則，定位轉為「特色鄉村旅遊點」，透過環境整治、設施維修、盤活資源及精準引流等措施推進，整改進度目前仍不理想。"
bkn-20260614044108793-0614_00822_001,新油麻地公眾貨物起卸區躉船起火　人員海陸射水撲救逾4小時後撲熄,2026-06-14 04:41,2026-06-14 11:05,https://hk.on.cc/cnt/news/20260614/bkn-20260614044108793-0614_00822_001.html,新油麻地公眾貨物起卸區躉船起火　人員海陸射水撲救逾4小時後撲熄,香港,oncc,2026-06-14 11:15,"油麻地發生火警。今日(14日)凌晨4時23分，執法部門接獲多名市民報案，指海輝道38號新油麻地公眾貨物起卸區近岸一艘疑回收電器廢鐵的躉船起火，冒出滾滾濃煙。消防到場開動一條喉及派出一隊煙帽隊撲救，並架起一條雲梯向火場射水，滅火輪亦趕至協助，其後將火勢控制，至早上8時47分，將火勢救熄。火警起因有待調查。事件中，無人受傷。

消防處表示新油麻地避風塘有船隻發生火警，消防人員正進行滅火行動。如市民受到隨風飄散的煙霧和異味影響，請關閉門窗及保持鎮定。"
bkn-20260614041831391-0614_00822_001,5月電商物流指數升　總業務量同比增逾兩成,2026-06-14 04:18,2026-06-14 04:18,https://hk.on.cc/cnt/news/20260614/bkn-20260614041831391-0614_00822_001.html,5月電商物流指數升　總業務量同比增逾兩成,中國,oncc,2026-06-14 04:30,"中國物流與採購聯合會上周六（13日）公布，中國電商物流上月指數為111點，環比上升0.4點，連續3個月保持上行走勢，行業景氣度進一步提高。其中，電商物流總業務量指數為128.3點，環比回升0.4點，同比增長超過20%。農村電商物流業務量指數亦止跌回升，西部地區升幅最大。

服飾美妝等傳統品類則走勢平穩，車厘子與荔枝等時令生鮮農產品產銷兩旺，智能家居及智能穿戴等科技類產品熱度亦持續攀升。在五一假期消費帶動及「618」電商促銷提前備貨雙重利好下，國內消費市場需求穩步回升。此外，戶外運動與寵物經濟等新興場景亦成為市場增長亮點。

速遞業務服務體系在供給端方面表現良好，庫存周轉率指數止跌回升，企業經營壓力有所改善。物流企業已提前統籌規劃，優化運輸調度方案，並加密城鄉末端配送網點，全力保障大促期間物流網絡高效運轉。"
bkn-20260614034030141-0614_00822_001,業主擬研入稟強制開會　大狀籲先諮詢了解勝算,2026-06-14 03:40,2026-06-14 03:40,https://hk.on.cc/cnt/news/20260614/bkn-20260614034030141-0614_00822_001.html,業主擬研入稟強制開會　大狀籲先諮詢了解勝算,香港,oncc,2026-06-14 03:45,"就早前有聯署業主批評合安「凌駕法律」，質疑政府「無動於衷」，並透露將與律師研究，不排除入稟土地審裁處或法庭，要求強制開會。執業大律師陸偉雄建議，業主應聘用熟悉管理公司法律範疇的律師，而非一般律師，因為不同案件有不同專項。他提醒，業主應先諮詢法律意見，了解勝算機會及過往成功案例，再決定是否入稟。

陸偉雄指出，撤換私人屋苑管理公司通常依據兩個法律基礎，分別為《建築物管理條例》及大廈公契。他解釋，公契是為該幢大廈度身訂造、具法律約束力的文件，較法例更為具體。若管理公司未有履行職責，業主可根據公契或條例提出撤換。他亦透露，過往確有因管理公司未能履行合約條款而被撤換的先例。然而，他強調，即使有權撤換，管理公司亦可提出司法覆核，質疑撤換理據不足，最終仍須由法庭判定。

陸亦提醒，若業主循民事途徑索償，其屬賠償性而非懲罰性，業主必須量化因未能召開大會而導致的實際損失，例如若因失眠引致心理困擾，須有專科醫生證明。他舉例，有人可能一星期、一個月甚至一年睡不着，每人損失不同，不能一概而論。"
bkn-20260614033528518-0614_00822_001,合安漠視法律業主權利　一直用不同理由延期,2026-06-14 03:35,2026-06-14 03:35,https://hk.on.cc/cnt/news/20260614/bkn-20260614033528518-0614_00822_001.html,合安漠視法律業主權利　一直用不同理由延期,香港,oncc,2026-06-14 03:45,"合安就着召開宏福苑業主大會一事發通告指正面對3大困難，有居民強烈反駁合安的說法，並指出業主們完全沒有信心合安最終會舉行會議，認為合安一直用不同理由拖延，更不禁直斥合安「漠視法律、漠視業主應有嘅權利」。

宏泰閣馮小姐指出，合安聲稱已取得聯署業主的資料，但她作為聯署業主之一，至今從未收到合安以任何途徑發出要求提交身份文件副本及簽名樣式的通知。她質疑，現時要求她提交簽名樣式並無意義，因為她當年買樓時交到土地註冊處的簽名，與多年後現在的簽名可能已有出入。她認為，合安現時所做的任何措施「只係喺度刁難緊我哋、拖延緊時間」，完全是凌駕法律，沒有尊重法律精神。

馮小姐更將矛頭指向政府，指政府及民政事務總署當初揀選合安作為管理人，「我哋業主唯一可以相信嘅就係麥美娟局長嘅專業」，但如今合安的所作所為「一巴一巴摑番政府」，證明政府當日的決定導致今日業主無法開會。她批評合安是「冇能力處理，亦都冇承擔精神嘅公司」。

對於土地審裁處已拒絕合安的延期申請，馮小姐認為判詞清晰指出延期並非《建築物管理條例》所賦予的權力。她指出，合安在入紙申請延期之前，理應一直處理相關事宜。她強調，並不意外合安會再次申請延期，因為她看到的是合安「漠視法律、漠視業主應有嘅權利」，只顧回避大會，根本沒有想過給予業主最基本權利。她已不再相信合安短期內會有誠意遵守管理人角色去安排大會。

宏泰閣居民葉先生則表示，至今未見任何關於業主大會的通告。他稱雖然不能代表所有業主，但合安一直以來從未就所謂的困難與業主協商過。對於合安提出要找到容納1,000人的場地有困難，葉先生認為雖然要以最大量打算，但土審處法官曾給予建議，質疑合安有否將建議列入考慮。他批評：「仍然用呢個理由，只有令人有拖延嘅感覺。」

葉先生又指，土審處當日已提及存有實在困難，但仍指出並非是無法解決的困難。他表示，業主完全沒有信心合安會舉行會議，認為是一直用不同理由拖延，「唔想開會先係主因！」。葉先生更引述土審處的聆訊指，當日合安代表大律師回覆法官時，聲稱已核實所有聯署業主身份，只有一位寫錯太太名字。他質疑：「難道當日喺庭上係講大話？否則呢個已經唔係困難！」"
bkn-20260614033032140-0614_00822_001,東方日報A1：死線屆滿　合安稱困難重重　宏福業主會終落空,2026-06-14 03:30,2026-06-14 03:30,https://hk.on.cc/cnt/news/20260614/bkn-20260614033032140-0614_00822_001.html,東方日報A1：死線屆滿　合安稱困難重重　宏福業主會終落空,香港,oncc,2026-06-14 03:45,"宏福苑有業主聯署要求召開業主大會，政府委任的宏福苑法團管理人「合安管理有限公司」申請延期遭土地審裁處駁回，昨日是開會限期。合安昨發通告交代籌備工作面對3大困難，並指土地審裁處作出的判詞中提及，召開會議及舉行會議存在實際困難，正就判詞中的相關法律觀點進行研究。有大律師表示，現行《建築物管理條例》並無明確訂明違反召開大會規定的具體刑罰，存在灰色地帶，即使合安在昨日「死線」前仍未召開業主大會，也不能直接斷定違法，因其可能有多個抗辯理由。

合安在通告中表示，已從土地註冊處取得不少於5%聯署業主的資料，並已向相關業主發出通知，促請他們提交身份證明文件副本及簽名樣本，以便核實身份及簽署有效性。同時，合安正向「一戶一社工」尋求協助，跟進超過350個暫未能聯絡的單位，完善業主通訊資料，並了解火災中離世人士的遺產承辦進度。此外，合安表示會繼續按聯署業主的具體要求，物色能容納至少1,000人、可於周末持續開會6小時的合適場地。

 

合安指出，土地審裁處於6月2日作出的判詞中提及，召開會議及舉行會議存在實際困難。合安的法律團隊正就判詞中的相關法律觀點進行研究，以確保後續工作依法合規推進；強調明白業主期望盡快召開大會，並始終以保障全體業主權益為依歸。

另外，合安表示，會繼續履行管理人工作，包括落實退款安排。截至6月12日，已有超過75%合資格領取退款的單位業主完成登記預約。合安昨回覆本報就有關召開業主大會的查詢，僅指「有關宏福苑業主大會請見網站最新通告」。

執業大律師陸偉雄坦言，現行《建築物管理條例》並無明確訂明違反召開大會規定的具體刑罰，存在灰色地帶。若要循刑事途徑追究，必須有實質證據證明管理公司干犯了某項刑事罪行，單靠昨日「唔開會」並不足以構成刑事犯罪，因為管理公司可提出合理抗辯理由。他認為，刑事檢控沒有時限，執法機構須收集足夠證據，再由律政司決定是否檢控。

土地審裁處早前已拒絕合安延期申請，陸偉雄指即使昨日合安未召開業主大會，也不能直接斷定屬違法，因其可能有抗辯理由，若其理由合理，未必構成違法；若理由不合理，則需經過法庭審理才能判定。

對於合安提出的3大困難，陸偉雄認為這些屬行政上的理由，而「行政理由唔能夠凌駕法律」。法律要求召開業主大會便須召開，除非有法律認可的抗辯理由或豁免情況，否則不能以行政困難為由拖延。

陸偉雄舉例，若要核實業主身份，最直接方法是查閱土地註冊處的登記紀錄，而非要求業主提交身份證副本及簽名樣式。

陸又關注收集業主個人資料可能涉及私隱風險，認為業主只需在出席會議時出示身份證核實即可，毋須預先提交敏感資料。

更多新聞，請瀏覽東方日報網頁：

http://orientaldaily.on.cc/"
bkn-20260614033029086-0614_00822_001,《東方日報》今日要聞,2026-06-14 03:30,2026-06-14 03:30,https://hk.on.cc/cnt/news/20260614/bkn-20260614033029086-0614_00822_001.html,《東方日報》今日要聞,香港,oncc,2026-06-14 03:45,一貼睇晒《東方日報》A1新聞頭條、C1娛樂最爆，以及東網嚴選的本港、兩岸及國際重點新聞，名家評論，讓你在最短時間掌握最重要資訊。
bkn-20260614022039051-0614_00822_001,火炭獨立屋遇竊　失值75萬頸鏈戒指胸針,2026-06-14 02:20,2026-06-14 02:20,https://hk.on.cc/cnt/news/20260614/bkn-20260614022039051-0614_00822_001.html,火炭獨立屋遇竊　失值75萬頸鏈戒指胸針,香港,oncc,2026-06-14 02:45,"火炭發生爆竊案。昨日(13日)晚上9時53分，穗禾路26至28號華翠園一獨立屋姓陳(66歲)女住戶的丈夫報案，指發現上址一房間有搜掠痕迹，懷疑遭爆竊。

警員接報到場，經初步點算，相信上址有10條頸鏈、15隻戒指及6個胸針失去，總值約75萬港元。經初步調查，案件列「爆竊」，暫未有人被捕。"
bkn-20260614020738683-0614_00822_001,長年住精神病院染梅毒家屬反駁舊病說法,2026-06-14 02:07,2026-06-14 05:52,https://hk.on.cc/cnt/news/20260614/bkn-20260614020738683-0614_00822_001.html,"長年住精神病院染梅毒　家屬反駁舊病說法


黑龍江哈爾濱一名七旬鄧姓老翁2011年因精神疾病而入住哈爾濱精神專科白漁泡醫院，住院第7年證實感染梅毒。家屬日前投訴，醫院通知要接老翁出院，卻不提治療梅毒問題，目前聯繫多間康養機構，卻因傳染病問題而被拒絕接收，目前正陷入兩難處境。<br/><br/>家屬稱，",黑龍江,oncc,2026-06-14 09:45,"黑龍江哈爾濱一名七旬鄧姓老翁2011年因精神疾病而入住哈爾濱精神專科白漁泡醫院，住院第7年證實感染梅毒。家屬日前投訴，醫院通知要接老翁出院，卻不提治療梅毒問題，目前聯繫多間康養機構，卻因傳染病問題而被拒絕接收，目前正陷入兩難處境。

家屬稱，老翁2011年12月獲哈爾濱精神專科白漁泡醫院收治入院，當時檢測結果顯示沒有感染梅毒。他們2018年獲醫院通知鄧翁可能感染梅毒，當時已覺得十分奇怪，理由是老翁一直住在醫院，實在不明白為何中招。

直至本年3月31日，家屬接獲醫院通知，由於老翁精神病情穩定，翌日需辦理出院手續。他們當時正身處外地工作，於是聯繫多間養老機構，如實告知老翁情況，對方一聽到得過梅毒均紛紛拒絕接收。經過兩周時間，他們得悉醫院擅自已替老翁辦理出院手續，並送至同一集團康養中心。

相隔不足一個月時間，老翁再被康養中心趕走，返回原先醫院。家屬不滿醫院擅自轉移老翁，一度報警求助。醫院劉姓院長重申，梅毒是老翁入院之前舊疾，如家屬堅持認為是在住院期間惹上，可接老翁回家申請做鑑定，如法院判定是院方責任，醫院自會承擔，希望家屬能盡快接人出院。

多名律師質疑，醫院擅自轉移患者違反法定流程，患者院外感染梅毒可能性較低，醫院或存在偽造病歷行為。另外，院方所說「舊疾」說法並不成立，衞健部門需徹查感染原因。"
bkn-20260614012538186-0614_00822_001,銅鑼灣兩私家車左搖右擺被截查　揭往睇世界盃司機涉酒駕被捕,2026-06-14 01:25,2026-06-14 03:53,https://hk.on.cc/cnt/news/20260614/bkn-20260614012538186-0614_00822_001.html,銅鑼灣兩私家車左搖右擺被截查　揭往睇世界盃司機涉酒駕被捕,香港,oncc,2026-06-14 04:00,"銅鑼灣發生兩宗酒駕事件。今日(14日)凌晨接近1時，一名姓盧(39歲)男子與一名男友人在區內消遣後離開，隨後盧男駕駛自訂車牌的私家車，載同該名友人同往尖沙咀觀看世界盃球賽，當駛至勿地臣街近耀華街時，由於私家車行駛期間左搖右擺，被警員發現截停調查，盧男「吹波波」超標，涉嫌「酒後駕駛」被捕，其男友人在場助查後獲放行。涉案私家車其後由拖車拖走扣驗。

另外，今晨3時許，一名姓蔡男子亦與一名男友人在附近夜店消遣後離開，其後駕車載同友人同往灣仔區觀看世界盃賽事，同樣駛至勿地臣街近耀華街時，被警員發現私家車行車不穩遭截查，蔡男酒精呼氣測試超標，涉嫌「酒後駕駛」被捕。"
bkn-20260614011924799-0614_00822_001,中國人民保險集團前副總裁　涉嚴重違紀違法受查,2026-06-14 01:19,2026-06-14 01:19,https://hk.on.cc/cnt/news/20260614/bkn-20260614011924799-0614_00822_001.html,中國人民保險集團前副總裁　涉嚴重違紀違法受查,中國,oncc,2026-06-14 01:45,"中國人民保險集團股份有限公司前黨委委員、副總裁俞小平涉嫌嚴重違紀違法，正接受中央紀委國家監委紀律審查及監察調查。2017年8月，她因退休而不再擔任中國人民保險集團副總裁。

資料顯示，俞小平1982年1月畢業於同濟大學，獲工學學士學位，1988年7月畢業於中國人民大學，獲經濟學學士學位。她1982年1月至1994年3月任職於中國人民建設銀行，曾任房地產信貸部副主任，並於1994年3月至2010年1月任職於國家開發銀行，歷任國際金融局負責人、副局長、武漢分行行長、深圳市分行行長。

2010年1月至2014年1月，她任中國人民保險集團首席投資執行官，2013年10月任中國人民保險集團副總裁。"
bkn-20260614010743110-0614_00822_001,油麻地酒店房間檢「偉哥」依托咪酯煙彈　男住客涉3罪被捕,2026-06-14 01:07,2026-06-14 01:46,https://hk.on.cc/cnt/news/20260614/bkn-20260614010743110-0614_00822_001.html,油麻地酒店房間檢「偉哥」依托咪酯煙彈　男住客涉3罪被捕,香港,oncc,2026-06-14 02:00,"昨日(13日)下午5時許，油麻地彌敦道380號一酒店職員報案，指在上址一房間發現懷疑毒品。

警員接報到場，檢獲47懷疑粒俗稱「偉哥」的需處方壯陽藥物，亦即第一部毒藥昔多芬、2粒懷疑依托咪酯煙彈及一個懷疑「冰」壺。經初步調查，姓莫(39歲)男住客涉嫌「管有危險藥物」、「管有第一部毒藥」及「管有工具可用作吸食毒品用途」被捕，現正被扣留調查。"
bkn-20260614003601096-0614_00822_001,東涌男子跳橋輕生　送院救治,2026-06-14 00:36,2026-06-14 00:36,https://hk.on.cc/cnt/news/20260614/bkn-20260614003601096-0614_00822_001.html,東涌男子跳橋輕生　送院救治,香港,oncc,2026-06-14 03:15,"東涌有人跳橋自殺。今日(14日)凌晨零時許，一名20餘歲男子被發現從東涌海濱路一行人天橋墮下。救護員到場把仍清醒的事主送往瑪嘉烈醫院救治。警員正調查其輕生原因。

防止自殺求助熱線：

香港撒瑪利亞防止自殺會： 2389 2222

生命熱線： 2382 0000

社會福利署： 2343 2255

撒瑪利亞會熱線(多種語言)： 2896 0000

醫管局精神健康專線： 2466 7350

明愛向晴軒： 18288

東華三院芷若園： 18281

「情緒通」熱線： 18111

賽馬會青少年情緒健康網上支援平台「Open噏」： http://www.openup.hk"
bkn-20260614000323399-0614_00822_001,幼兒園男教師失聯證溺斃警排除他殺,2026-06-14 00:03,2026-06-14 06:19,https://hk.on.cc/cnt/news/20260614/bkn-20260614000323399-0614_00822_001.html,"幼兒園男教師失聯證溺斃　警排除他殺


上海市徐匯區教育局上周六（13日）通報，區內某幼兒園一名在職男教師近日被發現在住所附近水域身亡，經公安機關確認死因為「生前溺水死亡」，排除他殺，校方正依法依規處理善後事宜。<br/><br/>該名男教師上月30日凌晨離家後失聯，幼兒園獲悉後協助搜尋，翌日尋獲",上海,oncc,2026-06-14 10:30,"上海市徐匯區教育局上周六（13日）通報，區內某幼兒園一名在職男教師近日被發現在住所附近水域身亡，經公安機關確認死因為「生前溺水死亡」，排除他殺，校方正依法依規處理善後事宜。

該名男教師上月30日凌晨離家後失聯，幼兒園獲悉後協助搜尋，翌日尋獲遺體。針對網傳「特殊兒童保育員退休，學校不補人，他（死者）一個人扛」等說法，通報指校方已按編制配備特教教師。至於副校長拒絕與家長溝通傳聞，經查為雙方時間存在衝突，於是兩度調整面談時間，彼此已有效溝通。

男教師家屬表示，死者性格樂觀開朗，生前熱愛生活，已計劃前往海南旅行。對於溺亡一事，他們稱死者怕水，對於案情存有疑慮。"
bkn-20260613230017996-0613_00822_001,兩主播網上互相辱罵誹謗遭行拘　短片帳號關停,2026-06-13 23:00,2026-06-13 23:00,https://hk.on.cc/cnt/news/20260613/bkn-20260613230017996-0613_00822_001.html,兩主播網上互相辱罵誹謗遭行拘　短片帳號關停,浙江,oncc,2026-06-13 23:15,"浙江湖州網警近日偵辦一宗兩名網絡主播在短片平台相互辱罵誹謗的案件，他們被警方行政拘留，其短片平台帳號亦被依法關停。

警方調查發現，44歲男網民陸某某和57歲女子陳某因私人矛盾，在短片平台以發布影片和直播等方式，發布大量帶有侮辱性、攻擊性言論，公然相互詆毀、辱罵、誹謗以洩憤。

相關影片和言論在網絡平台傳播，轉發量過萬，引起大量網民關注，嚴重擾亂網絡公共秩序，造成不良社會影響。網警提醒，網民進行網絡直播或發布相關訊息時，應自覺遵守法規，承擔起營造文明、健康和清朗網絡空間的社會責任。"
bkn-20260613220502847-0613_00822_001,台陸軍官疑自殺　東引指揮部聯繫家屬,2026-06-13 22:05,2026-06-13 22:05,https://hk.on.cc/cnt/news/20260613/bkn-20260613220502847-0613_00822_001.html,台陸軍官疑自殺　東引指揮部聯繫家屬,台灣,oncc,2026-06-13 22:30,"台灣陸軍東引地區指揮部周六（13日）公布，黃姓軍官凌晨在營內疑似自我傷害，經同袍發現後獲送院搶救，目前生命徵象穩定。

事發後，黃姓軍官由營區內救護人員施以心肺復甦法（CPR）並送院搶救，已恢復呼吸、心跳，清晨由醫療專機後送至台北內湖三軍總醫院接受治療。

東引指揮部已聯繫黃姓軍官家屬說明狀況，同時責派幹部前往醫院協處。肇事原因目前正由指揮部實施釐清，現階段以協助傷者治療為首要，另由專責幹部掌握並強化單位官兵心緒與心理韌性，建立正確生命認知。"
bkn-20260613220014438-0613_00822_001,設計師媽媽為女製公主裙　首件用孕婦裝改造,2026-06-13 22:00,2026-06-13 22:00,https://hk.on.cc/cnt/news/20260613/bkn-20260613220014438-0613_00822_001.html,設計師媽媽為女製公主裙　首件用孕婦裝改造,廣東,oncc,2026-06-13 22:30,"內媒周五（12日）報道，廣東深圳一名90後服裝設計師為人母後，受復古雜誌啟發，近2年來，挑戰親手為年幼女兒製作100件精美公主裙，目前已有20多套。

溫女士表示，為女兒製作的第一件衣服是用自己30歲生日的裙子改造，其後再陸續做出田園法式風、復古宮廷風等公主裙，還有新年、生日等具節日氛圍的服飾，每件都用心搭配頭飾或帽子，可愛又夢幻。

溫女士稱，簡單款式可在一周內完成，複雜的就需用最少一個月。公主裙製成令她很有成就感，而女兒雖然現時未學懂說話，但由其興奮表現，能看出很喜歡這些公主裙。"
bkn-20260613211225250-0613_00822_001,西區八旬翁墮樓　證實當場不治,2026-06-13 21:12,2026-06-13 21:12,https://hk.on.cc/cnt/news/20260613/bkn-20260613211225250-0613_00822_001.html,西區八旬翁墮樓　證實當場不治,香港,oncc,2026-06-13 21:45,"今晚(13日)6時45分，西區卑路乍街18號一名姓張(80歲)老翁，被住戶發現倒臥平台昏迷，懷疑他從高處墮下。救援人員到場經檢查，證實張翁已經死亡，毋須送院。警員在現場沒有檢獲遺書，經初步調查，相信張翁從一單位墮下，死因有待驗屍後確定。

防止自殺求助熱線：

香港撒瑪利亞防止自殺會： 2389 2222

生命熱線： 2382 0000

社會福利署： 2343 2255

撒瑪利亞會熱線(多種語言)： 2896 0000

醫管局精神健康專線： 2466 7350

明愛向晴軒： 18288

東華三院芷若園： 18281

「情緒通」熱線： 18111

賽馬會青少年情緒健康網上支援平台「Open噏」： http://www.openup.hk

賽馬會「家長聊闊空間」：www.jcparentchat.hk 或 WhatsApp 6800 5086"
bkn-20260613210444522-0613_00822_001,中國奇幻浪漫小說　圈粉歐洲年輕人,2026-06-13 21:04,2026-06-13 21:04,https://hk.on.cc/cnt/news/20260613/bkn-20260613210444522-0613_00822_001.html,中國奇幻浪漫小說　圈粉歐洲年輕人,中國,oncc,2026-06-13 21:45,"內媒日前報道，中國奇幻浪漫小說近年在歐洲熱賣，在德國、法國、西班牙多地書店、電商平台銷量及評分都很高，成為新文學現象。許多書迷更在社交媒體分享喜歡的相關小說，甚至扮裝成小說角色，參加各類書展、動漫展、音樂節等活動。

有德國柏林中國文學學者表示，相關作品多以仙俠與輪回愛情為核心，被歐洲觀眾視為具東方色彩的浪漫敍事模式，通過神奇力量、愛情、高顏值等，囊括了大多數歐洲年輕人夢寐以求的一切。其傳播路徑高度依賴中國影視改編，透過主流媒體平台在歐洲國家獲得認知度，例如《三生三世十里桃花》、《花千骨》等。

分析指，中國浪漫小說圈粉歐洲推高了中國主流浪漫文學在歐洲的熱度，背後是中國網絡文學全球化熱潮，也是中國社會變遷的鏡子及中國軟實力的一部分。不少歐洲出版商認為中國出版社應借助這股熱潮加大與歐洲同行合作，大力開發特色周邊產品、文學旅遊等。"
bkn-20260613200324189-0613_00822_001,內地破大型假冒偽劣特供酒案拘40人　7電商將受罰,2026-06-13 20:03,2026-06-13 20:03,https://hk.on.cc/cnt/news/20260613/bkn-20260613200324189-0613_00822_001.html,內地破大型假冒偽劣特供酒案拘40人　7電商將受罰,中國,oncc,2026-06-13 20:30,"國務院食品安全委員會辦公室周五（12日）通報，內地破獲一宗大型假冒偽劣「特供酒」案，共查實7.52萬箱涉案特供酒，抓獲40名疑犯。因對平台內銷售所謂特供酒管控不力，7家電商平台將被處罰。

國務院食安辦根據網絡監測、媒體舉報線索，會同市場監管總局、公安部，集中查處了一批「特供酒」典型案件。這次查處成果主要有四方面，當中包括涉案「特供酒」違法事實逐一查清，大多是使用食用酒精加香精勾兌冒充的醬香型白酒；涉嫌虛假廣告罪、生產銷售偽劣產品罪的疑犯已抓捕到案，成功打掉涉案犯罪團夥。

成果還包括立案查處52宗違法製售「特供酒」案件，關停5家涉案獲證白酒生產企業、36家銷售主體，搗毀3個無證生產窩點，查處1家香精生產企業、7家包材印製企業；並查處7家存在違法行為的平台企業、61家涉嫌銷售「特供酒」的網店、78個涉嫌以營銷話術誘騙消費者的直播間，同時督促相關平台企業下架全部涉案酒品、刪除虛假營銷訊息。"
bkn-20260613190555878-0613_00822_001,垂釣餌料添加精神藥物　官方查封場所,2026-06-13 19:05,2026-06-13 19:05,https://hk.on.cc/cnt/news/20260613/bkn-20260613190555878-0613_00822_001.html,垂釣餌料添加精神藥物　官方查封場所,四川,oncc,2026-06-13 19:45,"內媒近日揭露一條使用非法添加精神藥物「地西泮」釣魚窩料產銷鏈，多間電商平台事後迅速下架相關商品，多個部門介入調查。四川成都簡陽市場監管局周六（12日）通報，聯合調查組目前已查封涉事場所，針對實控人秦某某採取刑事強制措施。

「多間電商平台銷售違法添加『地西泮』的垂釣餌料」報道曝光，涉及簡陽市新市街道一個加工場所。當地市政府、市場監管局、公安局、農業農村局等部門組成聯合調查組調查，追查違法藥品來源等相關情況，將根據調查結果依法依規嚴肅處理。

「地西泮」屬於第二類精神藥品，農業農村部明令水產養殖全流程禁用。根據研究指出，「地西泮」在魚體內殘留具有永久性，可經食物鏈危害人體健康，如孕婦長期攝入可能造成胎兒神經畸形。"
bkn-20260613190028637-0613_00822_001,阿蘇火山直升機墜毀2台客亡　警將啟動遺骸回收作業,2026-06-13 19:00,2026-06-13 19:00,https://hk.on.cc/cnt/news/20260613/bkn-20260613190028637-0613_00822_001.html,阿蘇火山直升機墜毀2台客亡　警將啟動遺骸回收作業,台灣,oncc,2026-06-13 19:45,"日本熊本縣阿蘇火山今年1月20日發生觀光直升機墜毀事故，機上2名台灣旅客與1名日籍機師全部遇難身亡。墜機地點位於火山口內部，環境極度危險，一直無法進行遺體與機體殘骸回收作業。阿蘇火山防災會議協議會周五（12日）指，熊本縣警方將於下周一（15日）起利用無人重型設備展開回收作業，費用由日本政府支付。

墜機地點是持續噴出有毒氣體的火山口內部，救援人員無法靠近，阿蘇山公園道路在事後全面封閉，導致無法回收死者遺體與直升機殘骸。另外，墜機地點屬於「國家公園特別保護地區」，環境省今年4月要求營運涉事直升機的公司盡快移除殘骸，惟公司無法負擔相關費用，也令回收工作受阻。

近日，警方決定把回收作業列為刑事搜查一部分，將外判給擁有在高海拔、陡坡施工經驗的廠商，所有機器會由遠距操控，不會有人員進入火山口，費用約4.4億日圓（約港元）回收費用，由日本政府支付。阿蘇火山防災會議協議會表示，作業人員可於下周一至7月底進出阿蘇山公園道路，希望在8月底前完成回收作業。"
bkn-20260613184009314-0613_00822_001,富昌邨單位闢毒品倉　檢340萬元K仔拘兩兄弟,2026-06-13 18:40,2026-06-13 18:40,https://hk.on.cc/cnt/news/20260613/bkn-20260613184009314-0613_00822_001.html,富昌邨單位闢毒品倉　檢340萬元K仔拘兩兄弟,香港,oncc,2026-06-13 19:00,"執法部門根據線報，昨日(12日)在深水埗區内展開反毒品行動。警員在富昌邨截查一名本地男子，其後搜查該名男子於富旺樓租用的一個單位，單位內發現另外一名本地男子，並在單位內檢獲約8.7公斤氯胺酮(俗稱K仔)，市值約340萬元。警員以涉嫌「販運危險藥物」拘捕該兩名均姓陳(28及30歲)的本地男子。據悉，他們是兄弟關係。

調查顯示，販毒集團利用公屋單位儲藏毒品並分銷到西九龍區。執法部門相信行動已瓦解一個販毒集團的毒品儲存倉，並成功堵截毒品流入市面。

執法部門重申，販運危險藥物屬嚴重罪行，根據香港法例第134章《危險藥物條例》，任何人販運危險藥物，一經定罪，最高可被判處罰款500萬港元及終身監禁，市民切勿以身試法。"
bkn-20260613183655930-0613_00822_001,粉嶺吸塵機電池短路爆炸　外傭眼部被碎片濺傷送院,2026-06-13 18:36,2026-06-13 19:26,https://hk.on.cc/cnt/news/20260613/bkn-20260613183655930-0613_00822_001.html,粉嶺吸塵機電池短路爆炸　外傭眼部被碎片濺傷送院,香港,oncc,2026-06-13 19:45,"粉嶺發生家居事故。今日(13日)傍晚6時11分，聯捷街1號榮福中心5座一單位，一部吸塵機充電期間冒煙，51歲外傭見狀停止充電，並開動吸塵機進行打掃。豈料，該吸塵機突然發生爆炸，電池碎片向四周飛濺，外傭閃避不及眼部被碎片濺傷，女戶主見狀報案。

救護員趕至現場，替受傷外傭包紮後，再把她送往北區醫院救治。經初步調查後，相信吸塵機電池短路釀成事故。案件列作「有人意外受傷」處理。"
bkn-20260613180922526-0613_00822_001,深圳6大口岸全面禁煙　違者罰款最高500元人民幣,2026-06-13 18:09,2026-06-13 18:09,https://hk.on.cc/cnt/news/20260613/bkn-20260613180922526-0613_00822_001.html,深圳6大口岸全面禁煙　違者罰款最高500元人民幣,廣東,oncc,2026-06-13 21:00,"廣東深圳市控煙辦上周六（13日）在福田口岸舉行「無煙口岸」建設啟動儀式，在全市口岸嚴控吸煙行為，並在深圳過關人數最多6大陸路口岸（羅湖口岸、文錦渡口岸、蓮塘口岸、皇崗口岸、福田口岸、深圳灣口岸）展開控煙執法「車輪戰」，違者將被罰款50元至500元人民幣（約58港元至580港元）。

在啟動儀式上，來自6大陸路口岸代表、志願者代表、商家代表、控煙執法單位、福田街道辦代表共同宣讀《「無煙口岸」行動倡議書》，明確各自責任與義務。根據行動計劃，深圳市口岸辦將在全市口岸區域全面建設無煙環境。

深圳市控煙辦相關負責人表示，口岸旅檢大廳、商店、餐廳等室內區域一般很少人吸煙，不過口岸公共廁所、架空層、風雨連廊、地鐵出入口、巴士站台往往是違法吸煙重災區，將是執法人員重點出擊區域。根據《深圳經濟特區控煙條例》，所有室內公共場所全面禁煙，而「頂部遮蔽且四周封閉總面積達百分之五十以上建築物、構築物內所有空間」也屬於室內空間。

在深圳灣口岸，當地已組建5人專職控煙小隊，日均成功勸導約550人。皇崗口岸控煙督導員則在巡查過程中全程佩戴執法紀錄儀，規範勸導流程。文錦渡口岸實行「早7時至晚10時」全時段值守、每小時巡查，針對吸煙者「先提醒、後勸阻、再引導」。"
bkn-20260613180254358-0613_00822_001,兩歲童染H9禽流感　衞生署稱未現人傳人個案　暫毋須撲殺家禽,2026-06-13 18:02,2026-06-13 18:02,https://hk.on.cc/cnt/news/20260613/bkn-20260613180254358-0613_00822_001.html,兩歲童染H9禽流感　衞生署稱未現人傳人個案　暫毋須撲殺家禽,香港,oncc,2026-06-13 19:45,"本港一名兩歲男童日前證實感染甲型流感(H9)，患者曾與家人前往禾輋街市，期間在活雞店舖逗留觀看家禽並觸摸周圍環境。就外界擔心疫情會否擴散，衞生署今日(13日)表示，不排除男童是在街市間接接觸受家禽污染的環境而感染，加上現時亦沒有出現人傳人的情況，故此認為毋須撲殺家禽。

衞生署回覆傳媒查詢時表示，今次個案所涉及的病毒株，為低致病性的甲型禽流感H9病毒，綜合目前流行病學及病毒學證據，並未具備在人類之間作持續傳播的能力。因此，衞生防護中心評估本地禽流感出現大流行的風險仍維持在低水平，而政府「流感大流行應變計劃」的應變級別繼續維持在「戒備」級別。

發言人續指，中心目前已聯同食環署及漁護署採取相應的防控措施，包括對與患者有密切接觸等人士進行醫學監測、流行病學調查和對相關環境進行消毒；另正為病人的病毒進行全基因排序及分析，以了解該病毒有否出現特殊的基因變異。中心並已發信通知全港醫生提高警覺，若發現病人出現流感樣病徵並曾有家禽接觸史，應即時安排流感檢測。"
bkn-20260613180040446-0613_00822_001,員工用嘴向水果噴水　店舖已關門受查,2026-06-13 18:00,2026-06-13 18:00,https://hk.on.cc/cnt/news/20260613/bkn-20260613180040446-0613_00822_001.html,員工用嘴向水果噴水　店舖已關門受查,湖南,oncc,2026-06-13 18:30,"湖南邵陽學院學生日前發現，校內水果店員工用嘴向水果噴水。校方周五（12日）公布，當地市場監督管理局已抽樣檢測水果店全部水果並下架封存，同時採取關停措施，暫停一切經營活動。

邵陽學院基建與後勤服務中心周五接到學生投訴，校內一間水果店存在不規範經營行為，中心已安排工作人員趕赴現場核查，並報告市場監督管理局等部門請求介入調查處置。經現場初步核查，該水果店確實存在違規經營問題。

各部門正聯合展開調查工作，後續將結合調查事實、相關法律法規，處罰水果店經營者違法違規行為。中心將在市監等部門指導下加強日常巡查校內商舖、餐飲及食品類經營點位，以及衞生抽檢與監管力度，督促所有入駐商戶嚴格遵守食品安全等法律法規，切實維護師生合法權益。"
bkn-20260613175905704-0613_00822_001,九巴與HKDI再辦設計比賽　賦退役巴士零件新生命,2026-06-13 17:59,2026-06-13 17:59,https://hk.on.cc/cnt/news/20260613/bkn-20260613175905704-0613_00822_001.html,九巴與HKDI再辦設計比賽　賦退役巴士零件新生命,香港,oncc,2026-06-13 18:30,"九巴與香港知專設計學院(HKDI)再度合辦「Next Stop: Better Living」退役巴士零件產品設計比賽，吸引逾20名來自HKDI建築、室內及產品設計學系的學生參與。參加者透過座椅皮革、扶手及落車鐘等各類退役巴士零件作為設計素材，創作出一系列時尚家品、家具及紀念品。比賽今日(13日)舉辦頒獎禮，獲獎作品設展於雙層巴士，後者於今午2時半至4時半於大埔中心巴士總站快閃展覽。主辦單位期望，是次跨界別合作可推動社會環保及可持續發展。

在得獎作品方面，榮獲金獎的「KMB Table Lamp」結合巴士扶手，暖風摩打的扇葉和落車鐘，重組為枱燈，而落車鐘更搖身一變成為燈掣，延續一按就亮燈的蹺妙。同時，扶手除了能夠變成枱燈，更可成櫈腳，同獲金獎的「KMB Stool」設計者將巴士座椅皮革重新設計為椅櫈，配上巴士扶手作為櫈腳，令用戶不在巴士上，也坐到巴士櫈。設計團隊成員黃愷琳表示，這次是團隊首次嘗試升級再造，收到的退役巴士零件種類多且未經整理，要將它們配搭再轉化為實用性產品，挑戰甚大。

至於奪得銀獎的「KMB Upcycled Umbrellas」，透過將巴士黃色吊環扶手改造為雨傘手柄，獲九巴青睞，並委託基督教家庭服務中心翠林工場將雨傘進行量產，供九巴前線同事在執勤時使用，令設計由概念走向實際應用。設計團隊成員葉浚熙對設計獲選投入生產感到興奮，他指，由最初的概念變成實物，有許多實際需要要考慮，看到作品可以保留九巴零件特色，同時又實用，具成就感。

主辦單位期望，比賽能透過交通界、教育界與社福界三方合作，令退役巴士零件可以繼續在社區發揮用途，並讓學生發揮設計知識和專業技能，庇護工場學員有機會施展匠心手藝，實現「三贏」。九巴顧客體驗部主管吳家敏形容，是次比賽讓社會見證結合環保、創意及社區關愛的成果，共同推動可持續發展。"
bkn-20260613174836993-0613_00822_001,商場直播世盃氣氛熱烈　一家大細坐草坪觀賽　市集商戶吸人流,2026-06-13 17:48,2026-06-13 17:48,https://hk.on.cc/cnt/news/20260613/bkn-20260613174836993-0613_00822_001.html,商場直播世盃氣氛熱烈　一家大細坐草坪觀賽　市集商戶吸人流,香港,oncc,2026-06-13 18:30,"世界盃賽事如火如荼，本港多個商場直播賽事，吸引大批球迷觀戰。在今早(13日)美國對巴拉圭的分組賽中，奧海城就提供家庭座位及打氣物品，吸引現場不少「一家大細」齊齊坐在商場的草坪觀賽。另外，場內亦設有巨型經典「西瓜波」打卡位、波波池，並引入懷舊桌上足球機和新興桌下足球。

另一邊廂，將軍澳一個商場的觀賽區擺放足球造型豆袋梳化，雖然賽事在早上9時舉行，但仍座無虛席。有家長趁子女考完試，帶同兒子到場放鬆。盧小姐接受傳媒訪問時表示表示，兒子喜歡看球賽兼有踢波，來觀賽應該很開心，打算買杯飲品、零食邊吃邊看。

球迷伍先生接受傳媒訪問時亦孩指，在商場看球賽比家中更刺激，「可能有些步進攻、入球，大家一起叫，氣氛會令人開心點」。商場同時設有小市集，售賣零食、飲品等。攤檔負責人甘小姐接受傳媒訪問時表示，凌晨時段整個商場只有其攤位營業，希望為球迷提供方便，讓大家有飲品、薯片助興。她坦言目前人流未如預期，希望商場加強宣傳，吸引更多人到場觀賽。"
bkn-20260613173536406-0613_00822_001,少女高考失利被送入教育基地　男友揭教官體罰,2026-06-13 17:35,2026-06-13 17:35,https://hk.on.cc/cnt/news/20260613/bkn-20260613173536406-0613_00822_001.html,少女高考失利被送入教育基地　男友揭教官體罰,重慶,oncc,2026-06-13 18:00,"重慶市南川區一名18歲少女去年高考失利，今年4月被母親強行送入偏遠的「素質教育基地」後突然失聯。少女男友尋找時意外拍下教官毆打學員的畫面，揭發該機構涉嫌體罰及虐待。南川區聯合調查組周六（13日）通報，南川區公安局已行政處罰涉事教官田某。

「女友失聯最終發現被送素質教育基地」近來登上網絡熱搜話題，南川區已成立由教育、市場監管、文旅、公安、民政、衞健、婦聯等部門組成的聯合調查組，對該機構開展全面調查工作。當地警方上周二（2日）已立案調查，惟涉事基地辯稱：「不嚴格管不好孩子。」警方周四（11日）表示，教官輕微毆打學員的行為經過家長同意，已對基地作出相應處罰，被打學員和家長均表示不追究。

而少女的母親則稱，女兒有心結需解開，以後才能正常學習生活，但年紀太小沒自我疏導能力，需專業老師幫助，原計劃在此待一年至一年半。惟少女男友質疑，女友高中畢業沒考上想去的學校狀態不太好，卻被關在用鐵絲網封閉窗戶的基地內，怎可能解開心結。"
bkn-20260613170554642-0613_00822_001,康慶祥接任評審局總幹事　下周一履新,2026-06-13 17:05,2026-06-13 17:05,https://hk.on.cc/cnt/news/20260613/bkn-20260613170554642-0613_00822_001.html,康慶祥接任評審局總幹事　下周一履新,香港,oncc,2026-06-13 17:15,"為香港高等教育機構學位課程及職業專才教育課程進行評審的香港學術及職業資歷評審局昨日(12日)宣布，即將出任香港中文大學副校長(行政)的周慶邦，會於明日(14日)起離任總幹事職位，而現任評審局副總幹事(學術)康慶祥則會於下周一(15日)接任為總幹事。評審局指康具有多年高等教育經驗，成功領導局方施政，鞏固公眾對資歷體系的信心，故在全球招聘下，遴選委員會成員一致認為康為最適合出任總幹事的人選。

評審局簡介，持有香港大學教育心理學博士學位的康慶祥，早於90年代初期，在香港多間大學任職及開展其高等教育事業。直至2009年，康加入局方，出任評審主任，隨後晉升至高級管理層職位，至今已出任高級管理人員逾十年。局方指，康在任期間，在評審局評核、規管監察及機構績效等核心法定職能上發揮策略性領導作用，並與現任總幹事及評審局大會緊密合作，提升局方的運作模式及完善規管監察框架，鞏固局方在質素保證方面的角色和公眾對香港資歷體系的信心。

局方表示，早前接納周慶邦請辭後，已隨即開展全球招聘工作，物色繼任人選。評審局大會主席陳仲尼指，康多年來於評審局工作表現卓越，於高等教育界貢獻良多。他在全球招聘當中脫穎而出，遴選委員會成員認為其專業知識及評審經驗極為豐富，總體表現為眾多候選人之中最佳，故最為符合繼任人選的要求。大會相信，在康領導下，評審局將能夠把握新機遇，推動持續發展。"
bkn-20260613170325073-0613_00822_001,斷交後仍欠逾133億新台幣　台追討洪都拉斯債務,2026-06-13 17:03,2026-06-13 17:03,https://hk.on.cc/cnt/news/20260613/bkn-20260613170325073-0613_00822_001.html,斷交後仍欠逾133億新台幣　台追討洪都拉斯債務,台灣,oncc,2026-06-13 17:15,"洪都拉斯2023年與台灣斷交，但據報親台新政府上場後希望復交，但仍欠台灣133.4億新台幣（約33億港元）。台外事部門政務次長吳志中周五（12日）證實，正在追討這筆欠債，但台方努力拓展各項邦交也是事實。

索馬利蘭新駐台代表處當日舉行開幕儀式，正式從內湖舊址遷入天母地區，駐台代表拉加爾表示，新址鄰近其他使團，與其他台灣邦交國相近，非常適合外交使團的交流和合作，盼再深化共享價值及實務。吳志中出席儀式稱，兩地合作體現了共同價值如何轉化為有意義的實質成果，並有助推動台非創新互動。被問及台灣地區領導人賴清德有沒有規劃訪問索馬利蘭時，他指目前未有，也無相關討論。

另被問到洪都拉斯是否想與台灣復交，吳志中直言這要問該國，「我不是洪都拉斯」。至於會否向洪都拉斯追討巨額欠債，他稱有關經濟貿易商業方面，基於國際法或商業規範，「該歸還的都要歸還」。"
bkn-20260613170004138-0613_00822_001,空運逾52萬元私煙抵港斷正　兩男各判囚28周及31周,2026-06-13 17:00,2026-06-13 17:00,https://hk.on.cc/cnt/news/20260613/bkn-20260613170004138-0613_00822_001.html,空運逾52萬元私煙抵港斷正　兩男各判囚28周及31周,香港,oncc,2026-06-13 17:30,"兩名中國籍男子涉嫌進口未完稅香煙及未有向海關人員作出申報，先後在香港國際機場被在場海關人員截查，合共檢獲逾10.4萬支私煙，估計總市值約52.3萬港元。二人今日(13日)在西九龍裁判法院分別被判處監禁28周及31周，另各罰款2,000港元。

案情指，海關人員於本周四(11日)在香港國際機場截查一名49歲中國籍抵港男旅客，並在他攜帶的個人行李內檢獲約46,600支未完稅香煙，估計市值約23.3萬港元，應課稅值約15.4萬港元。該名旅客隨即被捕。他今日被判處監禁28周及罰款2,000港元。

此外，海關人員於同日在機場截查一名44歲中國籍抵港男旅客，並在他攜帶的個人行李內檢獲約57,600支未完稅香煙，估計市值約29萬港元，應課稅值約19萬港元。該名旅客隨即被捕。他今日被判處監禁31周及罰款2,000港元。"
bkn-20260613170040486-0613_00822_001,天眼直擊：西貢的士遭越線私家車迎頭撞　共6人受傷,2026-06-13 17:00,2026-06-13 17:51,https://hk.on.cc/cnt/news/20260613/bkn-20260613170040486-0613_00822_001.html,天眼直擊：西貢的士遭越線私家車迎頭撞　共6人受傷,香港,oncc,2026-06-13 18:00,"西貢發生車禍。今午(13日)3時21分，一輛的士沿西貢公路往西貢市中心方向、駛至近菠蘿輋路時，與一輛私家車迎頭相撞。私家車女司機、以及的哥和車上2女子和1男1女小童受傷，當中私家車女司機和的哥首先送院治療。意外導致西貢公路大塞車，來回方向車龍大排長龍。

有「天眼」拍下意外一刻，顯示的士駛至一汽車美容公司對開時，私家車失控越過對面行車線，繼而與的士迎頭猛烈碰撞，並發出巨響。的士被撞至擺尾剷上行人路，私家車亦掉頭橫亘路中央。

從網上圖片可見，兩車右車頭俱嚴重損毀，其中私家車泵把及零件脫落，右前轆亦甩脫散落在路中。由於有車輛漏油，路面需要鋪上木糠以便進行清理。"
bkn-20260613162003974-0613_00822_001,台通過修法　允被判緩刑或易服社會勞動者參選公職,2026-06-13 16:20,2026-06-13 16:20,https://hk.on.cc/cnt/news/20260613/bkn-20260613162003974-0613_00822_001.html,台通過修法　允被判緩刑或易服社會勞動者參選公職,台灣,oncc,2026-06-13 16:30,"台灣立法院會周五（12日）三讀通過修正公職人員選舉罷免法第26條，排除「宣告緩刑或得易服社會勞動之自由刑者」的候選人消極資格限制；另增訂曾觸犯「詐欺犯罪危害防制條例」，經有罪判決確定，不得登記為候選人。

經全案表決，其中57票贊成、48票反對，通過藍白共提修正動議。通過條文明定，犯內亂、外患罪、貪污罪、安全法、組織犯罪條例、毒品防制條例、洗錢防制法以外的罪名，判處有期徒刑以上刑期確定，尚未執行、執行未畢或行刑權因罹於時效消滅，不得登記為候選人，但宣告緩刑或得易服社會勞動的自由刑者不在此限。

新竹市長高虹安涉詐領助理費案，二審改依偽造文書罪判囚6個月，最多只能聲請改服社會勞動代替入獄。此次修法被綠營視為幫忙解套的「高虹安條款」，民進黨團書記長范雲在協商時指出，因高虹安可能易服社會勞動，政治上會認為這是為她度身打造的個案修法，無法接受。高虹安則稱，希望外界不要過度作政治解讀，也不要以選舉語言帶風向。"
bkn-20260613160241488-0613_00822_001,傳伊斯瓦蒂尼總理有意與大陸建交　林佳龍否認,2026-06-13 16:02,2026-06-13 16:02,https://hk.on.cc/cnt/news/20260613/bkn-20260613160241488-0613_00822_001.html,傳伊斯瓦蒂尼總理有意與大陸建交　林佳龍否認,台灣,oncc,2026-06-13 16:15,"與台有邦交的伊斯瓦蒂尼近日有媒體報道稱，該國總理戴羅素有意與大陸建交換取經濟利益。台外事部門首長林佳龍周五（12日）回應指，雙邊邦交穩固，交流密切，伊斯瓦蒂尼國王姆斯瓦蒂三世亦將親自訪台。

據報道，戴羅素日前邀請美國著名經濟學家兼伊斯瓦蒂尼經濟顧問薩克斯（Jeffrey Sachs），向該國內閣進行非正式報告，對方建議該國盡快與大陸建交，藉此獲得經濟上的利益。戴羅素因而有意改變外交政策，惟引發友台的國會議員反彈並提出強烈質詢，台駐當地代表梁洪昇也表達強烈反對，戴羅素料於未來數天回應。

林佳龍周五接受媒體聯訪時指出，姆斯瓦蒂三世今年底將親訪台灣，自己也在一年內造訪伊斯瓦蒂尼三次，而且榮邦計劃在伊斯瓦蒂尼推出時反應很好，謠言不攻自破。他又推薦民眾參與當地的文化慶典，如勇士節等。"
bkn-20260613154836680-0613_00822_001,海峽論壇廈門舉行　王滬寧籲反對台獨分裂和外來干涉,2026-06-13 15:48,2026-06-13 15:48,https://hk.on.cc/cnt/news/20260613/bkn-20260613154836680-0613_00822_001.html,海峽論壇廈門舉行　王滬寧籲反對台獨分裂和外來干涉,福建,oncc,2026-06-13 16:00,"第十八屆海峽論壇大會周六（13日）在福建廈門舉行，中共中央政治局常委、全國政協主席王滬寧出席並致詞，呼籲兩岸同胞站在歷史正確的一邊、民族正義的一邊，堅定鑄牢中華民族共同體意識，堅決反對「台獨」分裂和外來干涉，守護好、建設好、發展好中華民族共同家園。

王滬寧表示，始終堅守國土不可分、國家不可亂、民族不可散、文明不可斷的共同信念，從中華民族整體利益和長遠發展把握兩岸關係大局，順應兩岸同胞要和平、要發展、要交流、要合作的共同心聲，堅持一個中國原則和「九二共識」，堅定走好兩岸關係和平發展道路，堅定推進祖國統一大業。他指出，大陸和台灣同屬一個中國，是休戚與共的命運共同體。陸方秉持「兩岸一家親」理念，落實台胞享受同等待遇政策，願與廣大台胞共享發展機遇和成果，歡迎台胞台企投身兩岸交流合作、融合發展大潮，投身大陸高質量發展和現代化建設。

中國國民黨副主席張榮恭致詞亦稱，兩岸同胞同屬中華民族，是同根同源、血脈相連的一家人，道道地地的台灣人，也是堂堂正正的中國人。他期待進一步深化兩岸交流合作，增進兩岸人民福祉，共同維護台海和平，共謀中華民族偉大復興。"
bkn-20260613152424460-0613_00822_001,揸胸強吻懷孕女店長　高級督察申終極上訴許可被拒,2026-06-13 15:24,2026-06-13 15:24,https://hk.on.cc/cnt/news/20260613/bkn-20260613152424460-0613_00822_001.html,揸胸強吻懷孕女店長　高級督察申終極上訴許可被拒,香港,oncc,2026-06-13 15:30,"已婚警隊高級督察李卓賢涉嫌強吻懷孕3個月的女店長再「揸」其胸，之後下跪求饒，揚言「一球唔夠畀夠兩球你呀」。李經審訊後被裁定非禮及意圖妨礙司法公正兩罪罪成，被判處入獄6個月兩周，並於去年年中被高院駁回，須即時服刑。李不服裁決，於早前直接向終院提出終極上訴許可申請。終院上訴委員會3名法官於昨日(12日)在司法機構網站頒布最新命令拒批上訴許可，並指李的申請沒有披露合理的上訴許可理由。

涉案35歲申請人李卓賢，案發時任職警隊防止罪案科高級督察。他被控於2021年11月23日，在美麗華廣場一期某店內非禮女事主Ｘ；並向Ｘ及其丈夫Ｙ提議，給予他們一筆金錢以換取Ｘ不追究針對他的非禮案件。終院上訴委員會常任法官霍兆剛、常任法官林文瀚及非常任法官包致金，根據《香港終審法院規則》第7條，昨在司法機構網站頒布最新命令，指經考慮申請人的書面陳詞後，駁回其上訴許可申請，理由是該上訴許可申請沒有披露合理的上訴許可理由。

李於早前曾向高院提出定罪上訴但被駁回，高院法官當時在判詞指，李的說法，簡單來說，就是指稱X因希望從李得到金錢利益而誣告上訴人作出強吻及摸胸的非禮行為，甚至召來丈夫Y合謀來到店舖阻止他離開並報案相迫。

高院法官認為，李作為一名高級警務人員，如果如他所言是對方設局勒索，他不可能如在閉路電視片段中，超過15分鐘不停道歉求對方原諒，甚至下跪。而李並無任何值得驚慌、緊張或顧慮的地方。法官形容，李的案情不合情理，甚至幾近荒謬，無疑是自欺欺人。法官認為上訴方對裁判官的各種批評有欠公允，亦不合理。另外，李本身是警務人員，當時明知Y已報警而警方正在途中，X和Y即將會對他作出猥褻侵犯的指控，他必然知道他向X和Y提議付出金錢，以換取不被追究的行為明顯有妨礙司法公正的傾向。綜合上述，法庭駁回上訴，維持原判。

案件編號：FAMC 47/2025"
bkn-20260613152105962-0613_00822_001,調查揭逾80%留港長者年屆七旬　過半無子女陪伴,2026-06-13 15:21,2026-06-13 15:39,https://hk.on.cc/cnt/news/20260613/bkn-20260613152105962-0613_00822_001.html,調查揭逾80%留港長者年屆七旬　過半無子女陪伴,香港,oncc,2026-06-13 15:45,"近年本港爆發移民潮，不少長者未有跟隨子女離港，或面臨孤立無援的風險。有調查發現，有80%留港長者年屆70歲或以上，逾50%更處於「零留港子女」狀態，較3年前的同類調查急升逾20個百分點，反映留港長者正呈現「高齡化」和「少子化」趨勢。調查機構建議，移民子女及親友應善用科技加強與長者的聯絡，長者服務單位亦應加強識別高危風險長者。

香港基督教服務處去年7月至今年6月期間，透過面談訪問110名55歲或以上的留港長者，在綜合2023及2024年的同類調查數據後，發現受訪留港長者呈「高齡化」趨勢，年齡由2023年以60至69歲為主(46.6%)，至2026年70歲或以上佔比達80%。同時，長者家庭結構亦出現「少子化」現象，獨生子女比例較2024年上升14.7%，而處於「零留港子女」 狀態的長者，亦由2023年26.7%升至2026年的51.4%，急升逾20個百分點。

調查又指，隨着子女離港，留港長者的生活重心顯著轉變，當中涉及情感需要、生活模式及角色身份的適應。有長者表示「掛念及擔心子女」、「不習慣突然獨居」，亦有人因失去照顧孫兒角色而感到失落。調查又指，子女數目、在港子女人數及生活重心轉變，均與長者的孤獨感、幸福感、抑鬱情況，以及對社區資源的掌握程度密切相關，反映在高齡化與少子化交織下，留港長者的精神健康及社會支援需要值得持續關注。

此外，機構去年推出「社區好幫手3.0」計劃，調查發現，留港長者在參與計劃後，其幸福感由60.3%升至76.4%，有抑鬱傾向比例由24.9%降至20.3%，情緒行為屬「正常」的比例由28.3%升至66.2%，在失眠、哭泣及減少社交等負面表現均有改善。同時，長者的支援來源變得更為多元，來自朋友及鄰里的支援分別由20.7%升至35%及7.6%升至11.4%。長者接觸正規「長者支援服務」的比例，亦由的3.8%升至11%，反映計劃有助長者尋找適切的支援服務。

調查機構指出，雖然留港長者的精神健康有所改善，但社會支援網絡仍相對薄弱，一旦遇上突發危機，例如自身或家人患病，情緒可迅速惡化。機構建議，移民子女及親友應善用科技加強與長者聯絡，又鼓勵長者主動參與持續性的社區計劃，建立多元化的朋友及鄰里支援網絡。同時，長者服務單位亦應加強識別高危風險留港長者，促進跨界協作，提供適時危機介入與晚年規劃服務。"
bkn-20260613151026216-0613_00822_001,陳競任長沙市委書記　才讓太履新西藏統戰部部長,2026-06-13 15:10,2026-06-13 15:10,https://hk.on.cc/cnt/news/20260613/bkn-20260613151026216-0613_00822_001.html,陳競任長沙市委書記　才讓太履新西藏統戰部部長,中國,oncc,2026-06-13 15:15,"湖南省長沙市周五（12日）舉行領導幹部會議，宣布有關人事安排決定，湖南省副省長陳競獲任中共長沙市委委員、常委、書記。

會議宣布，經省委研究決定，陳競獲任上述職務，吳桂英不再擔任長沙市委書記、常委、委員。公開資料顯示，55歲的陳競是長沙本地人，成為內地少數在籍貫地所在城市任職的市委書記。他曾任湖南省委組織部副部長、省公務員局局長，益陽市市長、市委書記等職，去年7月任湖南省副省長，直至今次履新。

另外，西藏自治區黨委書記王君正周五前往自治區黨委統戰部調研，才讓太以自治區黨委常委、統戰部部長身份參加，顯示他履新上述職務。他於1968年8月出生，是藏族人，曾任玉樹州委副書記、州長，青海省副省長等職務，2022年5月當選青海省委常委。此前擔任西藏自治區黨委常委、統戰部部長的是斯朗尼瑪，現任西藏自治區政協黨組副書記、副主席。"
bkn-20260613150956407-0613_00822_001,屢違食物業規例　粉嶺一食肆被釘牌,2026-06-13 15:09,2026-06-13 15:09,https://hk.on.cc/cnt/news/20260613/bkn-20260613150956407-0613_00822_001.html,屢違食物業規例　粉嶺一食肆被釘牌,香港,oncc,2026-06-13 15:30,"粉嶺潮州王牛什粉面持牌人因非法擴展營業範圍，屢次違反《食物業規例》，今日(13日)被食物環境衞生署署長取消牌照，須即時停業。該食肆位於粉嶺聯和墟聯和道75號地下及鋪側露天座位。

署方指，有關食肆持牌人非法擴展營業範圍，去年10月和今年3月兩次被法庭定罪，共罰款7,300港元。署方亦根據違例記分制記下持牌人30分，食肆因此被取消牌照。

有關持牌人亦因相同違例事項，於2024年5月至去年9月期間4次被法庭定罪，共罰款1.7萬港元，因而被記下60分，並於去年3月和今年2月分別被暫時吊銷牌照7天和14天。"
bkn-20260613150554000-0613_00822_001,涉3宗不法匯兌案檢逾46萬現金及籌碼3換錢黨被捕,2026-06-13 15:05,2026-06-13 15:05,https://hk.on.cc/cnt/news/20260613/bkn-20260613150554000-0613_00822_001.html,"涉3宗不法匯兌案　檢逾46萬現金及籌碼　3換錢黨被捕


澳門執法部門表示，近日巡查路氹及新口岸娛樂場期間，揭發3宗不法匯兌案件，分別拘捕3名涉案內地男子，共檢獲逾46萬港元現金及籌碼。<br/><br/>人員表示，其中發現49歲嫌疑男子與賭客，涉嫌用8,840元人民幣兌換1萬港元，他供稱本月起開始做換錢黨，至今未",澳門,oncc,2026-06-13 17:00,"澳門執法部門表示，近日巡查路氹及新口岸娛樂場期間，揭發3宗不法匯兌案件，分別拘捕3名涉案內地男子，共檢獲逾46萬港元現金及籌碼。

人員表示，其中發現49歲嫌疑男子與賭客，涉嫌用8,840元人民幣兌換1萬港元，他供稱本月起開始做換錢黨，至今未有獲利；另一名23歲嫌疑男子則供稱於今年起開始犯案，至今不法獲利約3.6萬港元。

另在巡查新口岸區娛樂場時，並發現1名39歲內地男子涉嫌先後與2名賭客不法匯兌，首筆交易用4,500元人民幣兌換5,000港元現金，另一筆交易則以950元人民幣兌換1,000港元現金，他自3月起不法匯兌，至今合共不法獲利1萬港元。"
bkn-20260613150428644-0613_00822_001,疑墮公檢法騙局兩澳門女失6.2萬元,2026-06-13 15:04,2026-06-13 15:04,https://hk.on.cc/cnt/news/20260613/bkn-20260613150428644-0613_00822_001.html,"疑墮公檢法騙局　兩澳門女失6.2萬元


澳門有市民日前分別墮入公檢法騙局，配合騙徒「視像調查」、開啟手機同屏、提供完整銀行賬戶資料及密碼，讓騙徒遠端操控個人手機及金融資訊，共損失折合逾6.2萬澳門元。<br/><br/>執法部門指，近日先後處理兩宗同類型冒充公檢法詐騙個案。其中一名當地的年輕女事主",香港,oncc,2026-06-13 16:45,"澳門有市民日前分別墮入公檢法騙局，配合騙徒「視像調查」、開啟手機同屏、提供完整銀行賬戶資料及密碼，讓騙徒遠端操控個人手機及金融資訊，共損失折合逾6.2萬澳門元。

執法部門指，近日先後處理兩宗同類型冒充公檢法詐騙個案。其中一名當地的年輕女事主昨日(12日)報案，表示於周二(9日)下午接獲陌生來電，對方自稱公安人員，指控事主手機號碼涉嫌發放大量詐騙短訊，要求事主配合調查。事主不虞有詐，按照對方指示開啟手機畫面共享及點擊可疑鏈接，隨後輸入本人手機號碼、銀行賬戶、登入密碼及交易密碼，任由騙徒獲取個人金融資料。直至周三(10日)上午，事主查核銀行賬戶，發現賬戶內合共32,056澳門元遭騙徒轉走，懷疑受騙，於是報案求助。

另一案案情顯示，人員接獲詐騙預警情報，發現身處上海的澳門中年女事主正身陷公檢法詐騙陷阱，惟當局多次致電及發送短訊均未獲回覆，隨即透過事主家屬及上海公安協助介入聯絡，成功接觸女事主。經了解，事主同樣接獲假冒執法人員來電，被指控涉發放詐騙短訊，並被要求配合「視像調查」。事主依照騙徒指示開啟同屏功能、提交銀行賬戶及密碼資料，讓騙徒掌握賬戶操控權。

經查證，事主一賬戶內已有29,850港元遭騙徒轉走，另一銀行賬戶內的50萬港元存款，因人員及時介入、緊急止付阻截，最終成功保住，避免嚴重經濟損失。目前兩案有待深入調查，暫無人被捕。"
bkn-20260613150100279-0613_00822_001,跨境遊戲招攬內地人管理毒品工場　拘4男檢可卡因K仔等720萬元貨,2026-06-13 15:01,2026-06-13 16:03,https://hk.on.cc/cnt/news/20260613/bkn-20260613150100279-0613_00822_001.html,跨境遊戲招攬內地人管理毒品工場　拘4男檢可卡因K仔等720萬元貨,香港,oncc,2026-06-13 16:15,"執法部門前日(11日)於油尖、荃灣及大埔區進行反毒品行動，成功瓦解一個活躍於本地的販毒集團，拘捕4名男子(18至27歲)，檢獲約9.5公斤的懷疑毒品，總市值約720萬港元。

調查人員表示，尖沙咀區警員於當日凌晨巡邏期間，發現一名21歲內地男子形迹可疑，並且企圖逃跑，立即上前制服他，並將他押返其單位搜查，結果在屋內檢獲約399克懷疑氯胺酮(俗稱K仔)、約193克懷疑霹靂可卡因及大量懷疑毒品包裝工具，遂以涉嫌「販運危險藥物」拘捕該名男子。

警員經深入調查及分析大量閉路電視影片後，發現販毒集團除了在尖沙咀區外，亦於荃灣區租用一個私人住宅單位作毒品包裝工場及分銷中心。同日，警員於目標單位外埋伏，用同樣罪名拘捕一名19歲內地男子，亦在單位內搜出超過2.1公升懷疑依托咪酯，以及超過780克懷疑K仔、冰毒和可卡因。

調查顯示，上述兩個單位都是受販毒集團操控，集團是透過內地的遊戲網絡和社交平台，引誘該兩名內地男子前往香港，管理相關毒品工場。警員掌握負責招攬和租用該兩個單位的成員身份，同日再於深水埗和上水區拘捕兩名本地男子，涉嫌「串謀販運危險藥物」。其後，警員將其中一名男子押返他在上水租用的私人單位，在屋內檢獲超過6.1公斤的懷疑可卡因。

被捕人士均報稱無業，現正被扣留調查，稍後將會被落案起訴上述罪名，案件今日會在九龍城裁判法院提堂。 

調查顯示，販毒集團運作約一個月，集團利用跨境網絡遊戲及社交平台，以「搵快錢」利誘內地年輕人來港管理毒品分銷中心。執法部門提醒青少年，切勿因貪圖不法分子的所謂「高薪酬」而受人利用參與販毒，以免斷送前途。同時，該部門呼籲業主多加留意租客背景及單位用途，若發現單位經常有可疑陌生人出入，應立即作出舉報，避免物業被用作違法用途。

執法部門重申，「販運危險藥物」屬極其嚴重的罪行。根據香港法例第134章《危險藥物條例》，一經定罪，最高可被判處罰款500萬港元及終身監禁。"
bkn-20260613150117344-0613_00822_001,急性腸胃炎入院6小時後亡　醫療認錯擔半責,2026-06-13 15:01,2026-06-13 15:01,https://hk.on.cc/cnt/news/20260613/bkn-20260613150117344-0613_00822_001.html,急性腸胃炎入院6小時後亡　醫療認錯擔半責,貴州,oncc,2026-06-13 15:15,"貴州錦屏縣19歲女大學生敏敏（化名）1月因腹瀉、嘔吐等不適症狀而到錦屏縣人民醫院治療，約6小時後離世。錦屏縣衞生健康局周五（12日）通報，屍檢報告證實死因符合病毒性心肌炎導致死亡，醫院醫療行為存在醫療過錯，兩者存在一定因果關係，需共同承擔一半責任，已啟動行政調解，推動相關工作。

通報顯示，當局事發後組織醫患雙方共同委託司法鑑定機構驗屍及鑑定醫療損害，結果顯示院方針對女生敏敏醫療行為存在醫療過錯，雙方屬同等原因。接到鑑定結果後，當局及時督促指導組織醫患雙方協商，彼此對於過錯參與程度及具體賠償比例存在分歧，經多次溝通均未達成一致意見。

錦屏縣人民醫院黨委書記龍道勇周五回應，醫院願意承擔事故50%過錯，事件目前由政府行政部門主導協調，計劃下周二（16日）與死者母親龍女士代理律師面談。龍女士提供病歷顯示，女兒到醫院急診室求醫，獲診斷為急性胃腸炎、痛經，需服藥及接受靜脈注射治療。惟院方未嚴格把握靜脈注射及相關用藥指標，一定程度上增加患者心臟負荷，促進病情進展。"
bkn-20260613145843517-0613_00822_001,住宅單位改裝非法旅館3內地男「租客」被捕,2026-06-13 14:58,2026-06-13 14:58,https://hk.on.cc/cnt/news/20260613/bkn-20260613145843517-0613_00822_001.html,"住宅單位改裝非法旅館　3內地男「租客」被捕


澳門執法部門表示，本周在黑沙環、台山查獲兩個非法旅館，截獲3名內地男子。<br/><br/>部門指早前接獲舉報，稱分別在黑沙環及台山區有兩個住宅單位疑為「非法旅館」。遂於周二及三(9及10日)派員前往調查，兩單位內合共發現3名內地男子。經查問，其中兩人稱分別",澳門,oncc,2026-06-13 16:45,"澳門執法部門表示，本周在黑沙環、台山查獲兩個非法旅館，截獲3名內地男子。

部門指早前接獲舉報，稱分別在黑沙環及台山區有兩個住宅單位疑為「非法旅館」。遂於周二及三(9及10日)派員前往調查，兩單位內合共發現3名內地男子。經查問，其中兩人稱分別以1萬港元及3,400澳門元按月租方式租住房間，另一人則以2,000港元按月租方式租住床位。

基於上述兩個單位懷疑涉及非法提供住宿，人員隨即向旅遊局通報；經旅遊局人員調查後證實為非法提供住宿的單位，並已即時查封。"
bkn-20260613142440656-0613_00822_001,油麻地垃圾屋電線短路失火　6旬男戶主留醫9日不治,2026-06-13 14:24,2026-06-13 14:24,https://hk.on.cc/cnt/news/20260613/bkn-20260613142440656-0613_00822_001.html,油麻地垃圾屋電線短路失火　6旬男戶主留醫9日不治,香港,oncc,2026-06-13 14:45,油麻地佐敦道12號一幢大廈，一個塞爆垃圾雜物的住宅單位（俗稱「垃圾屋」），於上周四(4日)凌晨突然失火，消防到場架起雲梯撲救，並且協助居民疏散，期間在梯間救出涉事單位姓葉(68歲)男戶主，他懷疑吸入濃煙，昏迷送院，至昨日(12日)下午3時25分不治。初步調查相信，是電線短路惹來祝融之災，事件無可疑。
bkn-20260613141220583-0613_00822_001,武漢通報村民集體患癌　與企業違規排污無關,2026-06-13 14:12,2026-06-13 14:12,https://hk.on.cc/cnt/news/20260613/bkn-20260613141220583-0613_00822_001.html,武漢通報村民集體患癌　與企業違規排污無關,湖北,oncc,2026-06-13 14:15,"湖北武漢市新洲區一個戶籍人口585人的自然村，多達62人先後罹患血癌等癌症，村民懷疑是化工廠污染引起。武漢市聯合調查組周五（12日）發布調查通報，涉事企業存在多項違法違規行為，已被責令徹底關停，相關責任人員和單位被依規追責，但廠區周邊整體環境基本達標，村民癌症發病與企業排污無因果關係。

針對新洲區昌盛泡花鹼廠被指污染環境、致周邊村民患癌等問題，武漢上月19日組建聯合調查組，湖北省相關部門派員現場指導調查與問責。調查確認，該廠1986年投產後在未取得排污許可證下逾期未整改，被責令停產後仍偷偷開展稀釋、分裝等生產活動；2014年至2015年在未辦理建設審批手續下違法搭建約800平方米廠棚；2019年至2023年還存在非法傾倒、填埋工業固體廢物等行為，此前也曾因固廢違法處置被罰款20萬元人民幣（約23萬港元）。調查組另查出市、區生態環境、自然資源、屬地街道等多個部門存在監管履職漏洞，多名失職公職人員被問責，武漢市生態環境局與新洲區委、區政府被責令作出書面檢查。全市將開展生態環境問題排查整治，壓實監管責任，及時回應群眾訴求。

不過環境監測結果顯示，廠區周邊地下水、土壤指標均符合國家標準，僅廠區南側雨水溝水體鹼性超標、鄰近水塘化學需氧量超標，所有農用地土壤指標全部達標。針對網傳廠區物料含放射性物質、誘發白血病的說法，檢測證實相關物質放射性為當地天然本底水平，未發現人工放射性核素。經統計測算，當地癌症年均發病率低於武漢全市及全國平均水平，不屬於癌症高發區域，村民患癌與企業排污無關。當地同步落實民生保障，為患病村民優化診療方案，組織義診和健康體檢，依託醫保、民政政策幫扶困難群眾。"
bkn-20260613140309192-0613_00822_001,標華企名巨型鐵管漂上岸　日本石川縣下周着手撤除,2026-06-13 14:03,2026-06-13 14:03,https://hk.on.cc/cnt/news/20260613/bkn-20260613140309192-0613_00822_001.html,標華企名巨型鐵管漂上岸　日本石川縣下周着手撤除,中國,oncc,2026-06-13 14:15,"共同社周五（12日）報道，標有中國企業名稱的巨型鐵管早前漂到日本石川縣志賀町的海岸上，縣政府下周一（15日）起將開展撤除作業。

縣政府透露，志賀町去年12月17日通報發現上述物體漂到岸上，暫未有造成人命傷亡的報告。該鐵管的估算重量約300噸，長約150米，最大直徑約2米，似乎用於疏浚作業。鐵管上標有華企名稱，但所有者等資訊不明。

縣政府預計，撤除鐵管要花費約5,000萬日圓（約244萬港元），計算中央政府對處理漂抵垃圾發放補貼等，縣政府實際負擔料約200萬日圓（約9.8萬港元），爭取到今年秋季完成撤除。"
bkn-20260613135657271-0613_00822_001,空運貨物藏8活龜疑受管制瀕危物種,2026-06-13 13:56,2026-06-13 13:56,https://hk.on.cc/cnt/news/20260613/bkn-20260613135657271-0613_00822_001.html,"空運貨物藏8活龜　疑受管制瀕危物種


香港海關昨日(12日)在香港國際機場檢獲8隻懷疑受管制屬瀕危物種的活龜，估計市值約1.6萬港元。人員昨日檢查一批由美國進口至香港，報稱載有衣服、鞋、電腦設備、保健食品及手袋的空運貨物。經檢查後，人員在此批貨物的紙箱内發現該批以襪子收藏的懷疑受管制屬瀕危物種活龜。案件已轉交漁農自然護",香港,oncc,2026-06-13 15:30,"香港海關昨日(12日)在香港國際機場檢獲8隻懷疑受管制屬瀕危物種的活龜，估計市值約1.6萬港元。人員昨日檢查一批由美國進口至香港，報稱載有衣服、鞋、電腦設備、保健食品及手袋的空運貨物。經檢查後，人員在此批貨物的紙箱内發現該批以襪子收藏的懷疑受管制屬瀕危物種活龜。案件已轉交漁農自然護理署跟進。

根據《保護瀕危動植物物種條例》(第586章)，任何人如非按照《條例》規定進出口或管有瀕危物種均屬違法。一經定罪，最高可被判罰款1千萬港元及監禁10年，有關物品亦會被充公。"
bkn-20260613133900316-0613_00822_001,配碼賭博盜客3.5萬元　3內地男被捕1在逃,2026-06-13 13:39,2026-06-13 14:39,https://hk.on.cc/cnt/news/20260613/bkn-20260613133900316-0613_00822_001.html,配碼賭博盜客3.5萬元　3內地男被捕1在逃,澳門,oncc,2026-06-13 14:45,"4名內地男子涉嫌游說賭客高息配碼借貸賭博，期間暗中盜走該賭客3.5萬港元籌碼。澳門執法部門接報到場拘捕3名涉案男子，正追查至少1名在逃男子。

3名被捕男子均為內地居民，報稱無業。分別姓朱，31歲；姓黃，38歲；姓譚，45歲。案情指，本月9日晚上，案中女賭客在路氹某娛樂場內被案中在逃人士搭訕，游說借款賭博，條件是女賭客出資20萬港元，在逃人士出資20萬港元，合共40萬港元籌碼賭博；限定玩百家樂，且每局獲勝後，需抽取投注額的2成作為利息。

女賭客同意借貸條款後，該名在逃人士帶領上述3名涉案男子「陪同」賭博。但在賭博期間，女賭客發現有人趁機盜取籌碼，隨即向場內安保人員舉報。當地執法部門接報後介入調查，經查悉，3名涉案男子分工明確，由黃某提供借貸資金，譚某負責協商借貸協議，朱某負責收取利息。女賭客在事件中合共被收取14萬港元的利息，共被盜取約3.5萬港元籌碼。

執法人員在3名涉案男子身上查獲多部手機、現金、籌碼及紅色墨水印台等證物，並依法予以扣押。朱某、黃某及譚某3人涉嫌觸犯不法借貸及加重盜竊罪，案件移送檢察院偵辦。而負責搭訕、行竊的涉案人士則仍在逃。"
bkn-20260613130923675-0613_00822_001,宏福苑法定開會死線今屆滿合安稱面對三大困難,2026-06-13 13:09,2026-06-13 17:27,https://hk.on.cc/cnt/news/20260613/bkn-20260613130923675-0613_00822_001.html,"宏福苑法定開會死線今屆滿　合安稱面對三大困難


大埔宏福苑火災後，業主立案法團管理人「合安管理有限公司」須於今日(13日)或之前召開業主大會，合安今日發出通告，交代籌備工作正面對三大主要困難，包括核實聯署業主身份、聯絡逾350個暫未能聯絡的單位，以及物色可容納至少1,000人的合適場地。合安指，土地審裁處作出的判詞中提及，召開會",香港,oncc,2026-06-13 20:30,"大埔宏福苑火災後，業主立案法團管理人「合安管理有限公司」須於今日(13日)或之前召開業主大會，合安今日發出通告，交代籌備工作正面對三大主要困難，包括核實聯署業主身份、聯絡逾350個暫未能聯絡的單位，以及物色可容納至少1,000人的合適場地。合安指，土地審裁處作出的判詞中提及，召開會議及舉行會議存在實際困難，正就判詞中的相關法律觀點進行研究。

合安在通告中表示，已從土地註冊處取得不少於5%聯署業主的資料，並已向相關業主發出通知，促請他們提交身份證明文件副本及簽名樣本，以便核實身份及簽署有效性。同時，合安正向「一戶一社工」尋求協助，跟進超過350個暫未能聯絡的單位，完善業主通訊資料，並了解火災中離世人士的遺產承辦進度。此外，合安表示會繼續按聯署業主的具體要求，物色能容納至少1,000人、可於周末持續開會6小時的合適場地。

合安指出，土地審裁處於6月2日作出的判詞中提及，召開會議及舉行會議存在實際困難。合安的法律團隊正就判詞中的相關法律觀點進行研究，以確保後續工作依法合規推進。合安強調，明白業主期望盡快召開大會，並始終以保障全體業主權益為依歸。

另外，合安表示，會繼續履行管理人工作，包括落實退款安排。截至6月12日，已有超過7成半合資格領取退款的單位業主完成登記預約。合安又指，會積極籌備召開宏福苑業主大會，並同時集中資源履行及推進各項相關事務，務求能促成業主大會盡快舉行，並將繼續適時向各業主通報最新進展，呼籲業主留意管理人網站消息。

有關東網昨日(12日)向合安跟進召開業主大會的查詢，合安今日僅回覆：「有關宏福苑業主大會請見網站最新通告」。"
bkn-20260613130720625-0613_00822_001,黃雨警告取消　天文台：仍須警覺河道氾濫,2026-06-13 13:07,2026-06-13 15:45,https://hk.on.cc/cnt/news/20260613/bkn-20260613130720625-0613_00822_001.html,黃雨警告取消　天文台：仍須警覺河道氾濫,香港,oncc,2026-06-13 16:00,天文台在今午(13日)12時45分表示，位於珠江口一帶的雷雨區正逐漸靠近，並可能在未來一兩小時影響本港。天文台在下午1時30分預料高達每小時70公里或以上的強陣風吹襲香港，並發出雷暴警告。下午1時35分，天文台指短期內香港廣泛地區可能受大雨影響。天文台在下午2時15分發出黃色暴雨警告信號。為今日第二度發出暴雨警告信號；黃雨至下午3時40分取消，不過天文台提醒，雖然暴雨警告已經取消，但市民仍須警覺有關河道氾濫可能帶來的危險。
bkn-20260613130429523-0613_00822_001,中方反對美將多間華企列軍企清單　促撤銷措施,2026-06-13 13:04,2026-06-13 13:04,https://hk.on.cc/cnt/news/20260613/bkn-20260613130429523-0613_00822_001.html,中方反對美將多間華企列軍企清單　促撤銷措施,中國,oncc,2026-06-13 13:15,"美國國防部周一（8日）公布美方認定協助中國軍方的華企新增名單，包括電商阿里巴巴、科企百度、車廠比亞迪等。中國商務部發言人周六（13日）回應指，注意到相關情況，中方對此強烈不滿、堅決反對。

對於美國國防部將多間華企列入中國軍事企業清單，發言人批評美方罔顧中美元首北京會晤共識，無視中美經貿關係大局，不斷泛化國家安全概念，濫用國家力量，無理打壓華企，美方做法嚴重破壞國際經貿秩序，嚴重危害全球產供鏈穩定，嚴重損害華企正當合法權益。

中方敦促美方立即停止錯誤做法，立即撤銷有關措施，回到構建中美建設性戰略穩定關係的正確軌道上來，為華企提供公平、公正、非歧視待遇。否則，中方必將堅決有力反制，美方要完全承擔由此產生的後果和責任。"
bkn-20260613130025120-0613_00822_001,廈門灣泳灘紅旗已除下,2026-06-13 13:00,2026-06-13 13:00,https://hk.on.cc/cnt/news/20260613/bkn-20260613130025120-0613_00822_001.html,"廈門灣泳灘　紅旗已除下


廈門灣泳灘較早前因天氣惡劣關係而懸掛紅旗。康樂及文化事務署今日(13日)宣布，該泳灘懸掛的紅旗已經除下。",香港,oncc,2026-06-13 16:30,廈門灣泳灘較早前因天氣惡劣關係而懸掛紅旗。康樂及文化事務署今日(13日)宣布，該泳灘懸掛的紅旗已經除下。
bkn-20260613130048271-0613_00822_001,內地居民攜合條件貓狗赴澳門　免隔離檢疫,2026-06-13 13:00,2026-06-13 13:00,https://hk.on.cc/cnt/news/20260613/bkn-20260613130048271-0613_00822_001.html,內地居民攜合條件貓狗赴澳門　免隔離檢疫,中國,oncc,2026-06-13 13:15,"海關總署微信公眾號周五（12日）發布消息，當日起內地居民攜帶符合條件的貓狗進入澳門，免除30天隔離檢疫要求，攜帶寵物赴澳旅行更便利。

海關總署持續深化內地與澳門寵物檢疫監管合作，就內地攜帶寵物犬貓赴澳門檢疫要求與澳方達成一致。符合條件犬貓抵達澳門後，經澳門市政署獸醫現場檢疫合格，毋須30天隔離檢疫。而前置檢疫加現場查驗模式，替代集中隔離，令通關流程更高效。

據報道，目前內地寵物赴澳門免隔離檢疫的基本條件包括：僅限犬、貓，寵物身體健康，無疫病臨床症狀；植入符合ISO11784/11785標準的電子晶片；赴澳門前不少於30天及不多於1年內接種瘋狗病疫苗，持有有效免疫證明；隨附內地海關簽發的有效動物衞生證書。"
bkn-20260613125918935-0613_00822_001,明愛醫院KOL女實習醫生被捕　下午押返醫院助查後獲准保釋,2026-06-13 12:59,2026-06-13 16:43,https://hk.on.cc/cnt/news/20260613/bkn-20260613125918935-0613_00822_001.html,明愛醫院KOL女實習醫生被捕　下午押返醫院助查後獲准保釋,香港,oncc,2026-06-13 16:45,"明愛醫院一名24歲KOL女實習醫生，被揭發多次行為不當，包括違規用X光機為自己照膝頭，擅用他人帳號登入臨床醫療系統瀏覽屯門醫院的病人紀錄等。醫院管理局昨日(12日)表示，調查委員會完成調查，確定該名女實習醫生涉及一連串不當行為，已經解僱該名女實習醫生。其後，執法部門以涉嫌「有犯罪或不誠實意圖而取用電腦」罪名拘捕她。

今午(13日)12時許，被捕的女實習醫生遭押返明愛醫院，協助警員進一步調查。期間，兩名男女隨行，相信為事主的代表律師。其後，女實習醫生再被押返長沙灣執法部門繼續扣查。至下午約4時，該名被捕的女實習醫生獲准保釋，她離開執法部門時不發一言，坐上私家車絕塵去。"
bkn-20260613123956746-0613_00822_001,沙田源禾路泳池遭雷擊　石屎跳台被劈爛,2026-06-13 12:39,2026-06-13 12:39,https://hk.on.cc/cnt/news/20260613/bkn-20260613123956746-0613_00822_001.html,沙田源禾路泳池遭雷擊　石屎跳台被劈爛,香港,oncc,2026-06-13 14:00,"今日(13日)早上約6時40分，沙田源禾路沙田賽馬會游泳池一跳台疑被雷電擊中，膠蓋飛起石屎崩爛。香港政府拯溺員總工會指，泳池今晨6時30分開放，不少泳客陸續進場，更有少量泳客已落水，一雷電突然劈下，嚇得在場泳客紛紛閃避。

事發時雷暴警告生效，沙田所在的新界東在今日早上6時至7時前，共錄得30次雲對地閃電。"
bkn-20260613123709451-0613_00822_001,新蒲崗商廈電掣房起火冒煙　人員撲熄原因待查,2026-06-13 12:37,2026-06-13 12:37,https://hk.on.cc/cnt/news/20260613/bkn-20260613123709451-0613_00822_001.html,新蒲崗商廈電掣房起火冒煙　人員撲熄原因待查,香港,oncc,2026-06-13 13:15,新蒲崗發生火警。今晨(13日)12時18分，大有街29號宏基中心地下電掣房，起火冒煙。驚動多人報案。消防員接報到場，派出一隊煙帽隊開喉灌救。火勢迅速被救熄，事件中無人受傷及毋須疏散，肇事原因有待了解。
bkn-20260613121646054-0613_00822_001,收集公眾建議　尖鼻咀、流浮山及白泥擬為海岸保護公園,2026-06-13 12:16,2026-06-13 12:16,https://hk.on.cc/cnt/news/20260613/bkn-20260613121646054-0613_00822_001.html,收集公眾建議　尖鼻咀、流浮山及白泥擬為海岸保護公園,香港,oncc,2026-06-13 12:45,"政府昨(12日)起就尖鼻咀、流浮山及白泥擬為海岸保護公園的可行性研究公眾參與活動推出專屬網站，公眾可於7月31日前透過相關網頁參閱有關研究的初步建議，並透過電郵向政府提交意見。期間，有關部門亦會與持份者進行簡介會及會議，以收集公眾和社會各界對計劃的意見。漁農自然護理署表示，是次計劃主要目的在於保育相關地段的生態環境和生物多樣性，同時為市民提供戶外生態康樂空間及支持漁護業發展，目前署方已委託顧問進行可行性研究，預計本年年底向政府提交最終建議。

香港自1996年起設立首批海岸公園及海岸保護區，旨在維持本港水域的海洋生物多樣性，目前全港共有8個海岸公園及1個海岸保護區，總面積達8,517公頃。署方指，是次計劃將尖鼻咀、流浮山及白泥擬為海岸保護公園的主要功能是保育有關地段的天然海岸線及近岸的紅樹林和泥灘生境，以保護重要的海岸生態系統和生物多樣性，為水鳥及其他濕地生物提供覓食、棲息和繁殖場所，同時有助保護后海灣沿岸地帶的自然景觀，並提供戶外生態康樂空間，以及支持現有塘魚養殖及養蠔業發展。

就推進計劃，署方早於2024年12月起委託顧問就擬議海岸保護公園開展包括建議公園邊界、基線檢討、建議用途、管理策略、概念計劃及相關技術可行性評估的研究，相關研究預計於本年年底完成，顧問會結合公眾參與活動期間所收集的意見，向政府提交計劃的最終建議。"
bkn-20260613121618232-0613_00822_001,南京破最大黃金盜竊案拘11人　案值逾2700萬人民幣,2026-06-13 12:16,2026-06-13 12:16,https://hk.on.cc/cnt/news/20260613/bkn-20260613121618232-0613_00822_001.html,南京破最大黃金盜竊案拘11人　案值逾2700萬人民幣,江蘇,oncc,2026-06-13 12:45,"江蘇南京一家商店上月有27公斤黃金被盜，經過當地警方連續追擊、持續作戰，案件日前成功告破，涉案價值2,700萬餘元（人民幣，下同，約3,124萬港元）的黃金悉數追回，是國內迄今偵破的案值最大黃金盜竊案，11名疑犯全被抓獲歸案。

南京市公安局周五（12日）舉行偵破江寧「5·16」特大盜竊案專場新聞發布會，通報特大黃金盜竊案偵辦情況，並發還涉案財物。南京市公安局江寧分局上月16日上午11時許接到報警，東山街道某商店失竊，店內37件黃金製品一夜之間消失。該局刑警大隊民警趕赴現場偵查，先鎖定某高校研究生畢業的37歲可疑男子童某某，案發當日曾乘網約車輾轉赴廣西南寧，更掰了半塊金條沖抵7,000餘元（約8,100港元）車費。他與另一涉案司機曹某在距離中越邊境僅100多米的地方被抓獲，但當時身上只繳獲13塊重約8.75公斤的黃金。

專案組認定背後有勾結，研判一名在某高校研究生畢業、任職南京某大型軟件公司開發經理的31歲男子王某某涉案，他案發當日已乘飛機潛逃至泰國曼谷，上月23日被當地警方抓獲，同月29日通過瀾湄合作機制移送回南寧。辦案民警在其任職公司某處空管道內找到2.2公斤黃金，又在其家中及小區找到11公斤黃金。其他涉案人士亦分別落網，其中負責設計逃跑路線、安排接應車輛及事後換匯的張某某上月21日在溫州龍灣國際機場被抓獲，供認在案發當日獲分5公斤黃金，隨後逃往安徽合肥、宿州等地低價售出2公斤，藏匿在他處的剩下金磚及其他疑犯接收的涉案贓物亦被追回。"
