title,date,summary,scrape_time,section,source,url,news_content
伊美於簽署諒解備忘錄後首輪會談據報已結束,2026-06-21 23:35,,2026-06-21 23:45,cinternational,rthk,https://news.rthk.hk/rthk/ch/component/k2/1859368-20260621.htm,"路透社引述接近伊美談判團隊的消息人士報道，伊美於簽署諒解備忘錄後在瑞士舉行的首輪會談，已經結束。

伊朗塔斯尼姆通訊社就報道，美方與會議主辦方，原本計劃在會前安排伊美代表團握手合照，但伊朗一方拒絕，之後相關環節在沒有伊朗代表團出席的情況下進行，隨後伊方人員才進入會場。

美國副總統萬斯在談判開始時表示，過去幾日在確保於黎巴嫩停火方面，取得巨大進展，現在面對的問題是能否翻開新的一頁、永久改變中東的關係格局。萬斯又說，如果伊朗願意放棄尋求核武器，美國願意從根本上改變美伊雙邊關係。



編輯：盧曉珊"
機場700萬元金條劫案　警方再拘1男子累計9人被捕　,2026-06-21 23:05,,2026-06-21 23:30,local,rthk,https://news.rthk.hk/rthk/ch/component/k2/1859367-20260621.htm,"機場停車場上星期四發生持刀行劫案，一名男子被搶去約值700萬元的6公斤金條。警方再拘捕一名涉案男子，累計有6男3女被捕，其中8人將於明日上午於沙田裁判法院提堂，一名19歲女子已獲准保釋候查，須於7月下旬向警方報到。

警方今日在將軍澳區拘捕一名涉嫌「串謀行劫」19歲男子。另外多名被捕人士分別涉嫌「串謀搶劫」、「串謀行劫」、「協助罪犯」、「行使虛假文書」、「偽造文件」、「無牌駕駛」等。



編輯：陳樂謙"
海關珠寶展檢21件冒牌首飾約值3萬元　4人被捕,2026-06-21 21:55,,2026-06-21 22:15,local,rthk,https://news.rthk.hk/rthk/ch/component/k2/1859365-20260621.htm,"海關在灣仔會展舉行的珠寶首飾展覽會，破獲兩宗懷疑冒牌及侵權首飾案件，檢獲21件冒牌首飾，包括耳環、手鏈及頸鏈等，市值約3萬元。

行動中海關拘捕一男三女，是涉案兩個展銷攤位的負責人和員工，他們涉嫌觸犯《商品說明條例》及《版權條例》。



編輯：陳樂謙"
美伊於瑞士談判　萬斯稱所面對問題是能否永久改變中東關係格局,2026-06-21 21:41,,2026-06-21 22:15,cinternational,rthk,https://news.rthk.hk/rthk/ch/component/k2/1859364-20260621.htm,"美國與伊朗代表團於當地星期日在瑞士比爾根山開始談判，是美伊簽署諒解備忘錄後的首輪會談。報道指伊朗代表團包括外長阿拉格齊等人。美國方面，副總統萬斯、總統特使威特科夫及美國總統特朗普的女婿庫什納參與談判。巴基斯坦及卡塔爾作為調解方與會。

萬斯在談判開始時說，過去幾日在確保於黎巴嫩停火方面，取得巨大進展，現在面對的問題是能否翻開新的一頁、能否永久改變中東的關係格局。

較早時，萬斯表示首輪談判旨在確立實際架構及談判機制。伊朗方面就要求美方履行承諾，又指若美方未能兌現承諾，整個伊美諒解備忘錄將面臨破裂風險。




編輯：羅宇光"
深圳灣公路大橋5車相撞　6人受傷,2026-06-21 20:51,,2026-06-21 21:15,local,rthk,https://news.rthk.hk/rthk/ch/component/k2/1859362-20260621.htm,"深圳灣公路大橋發生交通意外，涉及4輛的士及1輛私家車，6人受傷。

事發在下午兩時許，4輛的士在大橋懷疑因交通情況而停下，1輛私家車沿深圳灣公路大橋往內地方向行駛，期間懷疑失控撞向其中1輛的士，的士再撞向其他車輛，導致4輛的士連環相撞，私家車其後翻側。

其中兩名的士司機分別報稱頭、腰、腳痛等，3名私家車乘客報稱手痛或四肢受傷，他們均清醒被送往屯門醫院治理。而私家車司機報稱手痛，接受治理後拒絕送院。



編輯：陳樂謙"
工作暑熱警告取消,2026-06-21 19:57,,2026-06-21 20:15,local,rthk,https://news.rthk.hk/rthk/ch/component/k2/1859360-20260621.htm,"勞工處表示，工作暑熱警告於晚上7時50分取消。



編輯：羅宇光"
美伊代表今於瑞士會晤　將討論黎巴嫩停火及解凍伊朗資產等,2026-06-21 19:30,,2026-06-21 19:45,cinternational,rthk,https://news.rthk.hk/rthk/ch/component/k2/1859359-20260621.htm,"美國和伊朗代表今日在瑞士會面。伊朗代表團成員、外長阿拉格齊當地時間上午先與瑞士外長卡西斯會晤。伊朗、美國、卡塔爾和巴基斯坦代表下午會舉行四方會議，會議是美伊簽署諒解備忘錄的後續跟進，將談及豁免伊朗石油出售限制及解凍伊朗資產等。

美方代表包括美國副總統萬斯，美國總統特使威特科夫和總統特朗普的女婿庫什納。萬斯啟程前表示，會在瑞士逗留一至兩日，希望在核問題和黎巴嫩停火方面取得進展。

談判前夕，伊朗革命衛隊宣布再度封鎖霍爾木茲海峽，指以色列攻擊黎巴嫩違反停火承諾。美軍中央司令部則表示，霍爾木茲海峽周六保持暢通。



編輯：王濱南"
陳茂波：內地科企認可香港作為「中國科技創新與全球資本」連接點,2026-06-21 19:28,,2026-06-21 19:45,local,rthk,https://news.rthk.hk/rthk/ch/component/k2/1859353-20260621.htm,"財政司司長陳茂波說，不少內地科企，選擇以香港為他們國際化發展的策略適應地，是對香港國際投資者網絡及國際化平台的信任，也是對香港作為「中國科技創新與全球資本」連接點的認可。

陳茂波又說，當越來越多硬科技企業，選擇在香港首次公開招股或第二上市，國際投資者得以更直接地參與中國創科產業的快速成長，而企業亦能在香港的監管框架與市場紀律中，錘煉出更強的國際競爭力，這種互動正是香港作為「超級聯繫人」及「超級增值人」的作用。



編輯：王濱南"
孫玉菡：研擴大關愛隊探訪　應優先處理認知障礙全長者戶,2026-06-21 19:28,,2026-06-21 19:45,local,rthk,https://news.rthk.hk/rthk/ch/component/k2/1859358-20260621.htm,"勞工及福利局局長孫玉菡說，會檢視關愛隊探訪機制，擴展大數據篩查範圍，識別未滿80歲、但有照顧需要的全長者戶。當局會與醫管局研究，哪類長期病患需要照顧程度較高，他初步認為，應優先處理有認知障礙症個案的全長者戶。

孫玉菡又說，政府的策略是希望盡量把照顧網，和及早介入的網絡織得更密，協助更多有需要的人，當局會視乎情況調配資源。



編輯：王濱南"
【重溫】2026年6月21日新聞天地,2026-06-21 19:28,,2026-06-21 19:45,local,rthk,https://news.rthk.hk/rthk/ch/component/k2/1859354-20260621.htm,詳盡報道本地時事、大中華消息、國際局勢等新聞，緊貼最新熱話。
屯門三聖邨父子涉將告票擲向交通督導員被捕,2026-06-21 19:16,,2026-06-21 19:30,local,rthk,https://news.rthk.hk/rthk/ch/component/k2/1859357-20260621.htm,"屯門一對父子涉嫌襲擊兩名交通督導員被捕。

警方在中午約12時接報，兩名交通督導員在三聖邨巡邏時，發現一輛私家車懷疑違例泊車，上前發出告票，期間一名31歲男子及其61歲父親先後將告票擲向一男一女交通督導員。

兩名交通督導員沒有表面傷，清醒被送往屯門醫院檢查，案件由屯門警區刑事調查隊第三隊跟進。



編輯：陳樂謙"
李家超及陳國基祝願市民父親節快樂　不少市民外出慶祝,2026-06-21 18:54,,2026-06-21 19:30,local,rthk,https://news.rthk.hk/rthk/ch/component/k2/1859356-20260621.htm,"今日是父親節，行政長官李家超及政務司司長陳國基分別祝市民父親節快樂。不少市民外出慶祝，有兒子說正值世界盃，買了足球送給爸爸；亦有年輕一輩從外國回港與長輩飲茶慶祝。

今年父親節連著端午節，有酒樓負責人表示，部分市民外遊影響訂座情況，預計今日生意額會按年少兩成左右，已制定豐儉由人的菜單，讓食客選擇。



編輯：陳樂謙"
昂坪360完成維修保養工程　明早恢復纜車服務,2026-06-21 18:42,,2026-06-21 19:00,local,rthk,https://news.rthk.hk/rthk/ch/component/k2/1859355-20260621.htm,"昂坪360纜車服務將於明早上10時恢復。

昂坪360表示，本月2日至21日進行的維修保養工程，已於今天完成。



編輯：陳樂謙"
灣仔海濱舉行「面繪爸爸」主題藝術創作比賽　約200家庭參與,2026-06-21 17:44,,2026-06-21 18:00,local,rthk,https://news.rthk.hk/rthk/ch/component/k2/1859352-20260621.htm,"今日父親節，灣仔海濱舉行以「面繪爸爸」為主題的藝術創作比賽，子女親手為爸爸設計面部彩繪造型，吸引約200個家庭參與。

比賽設有兒童及青少年兩個組別。有參賽的爸爸表示，希望與五歲半的兒子留下難忘回憶。

主辦單位說，參加者可透過面部彩繪，將心目中爸爸的形象轉化為視覺創作，同時可拉近爸爸與子女的距離。

出席活動的灣仔區議員李碧儀認為，活動能為灣仔區注入活力，也讓子女有機會與父親盡情玩一日。



編輯：陳樂謙"
男子疑騎乘電動可移動工具時失控墮下平台不治,2026-06-21 17:41,,2026-06-21 18:00,local,rthk,https://news.rthk.hk/rthk/ch/component/k2/1859351-20260621.htm,"元朗發生致命交通意外，一名54歲男子懷疑騎乘電動可移動工具時失控墮下平台，當場不治。

警方早上9時許接報，指一名男子昏迷倒臥在元朗唐人新村路地上。救援人員到場發現事主頭及手部受傷，當場證實死亡。

警方經初步調查相信，死者今日凌晨約4時踩電動可移動工具沿唐人新村路東行，駛至一個約1.25米高的卸貨平台時，懷疑失控從平台墮下。

警方正調查意外原因，呼籲目擊者或有資料提供的人士，致電 3661 3800 與警方聯絡。



編輯：陳樂謙"
Man dies after electric mobility device loses control,2026-06-21 17:29,,2026-06-21 17:45,elocal,rthk,https://news.rthk.hk/rthk/en/component/k2/1859350-20260621.htm,"Police said a 54-year-old man was killed in Yuen Long on Sunday morning after his electric mobility device reportedly lost control and tumbled off a goods unloading platform.

The force said they received a report at 9.21am that the man had been found lying unconscious on Tong Yan San Tsuen Road. Officers who arrived at the scene said the man had severe head and hand injuries, and was pronounced dead at the scene.

Initial investigations revealed that the man had been riding the electric device eastbound along Tong Yan San Tsuen Road at around 4am. 

Police suspect the device had lost control as he approached a 1.25-metre-high loading bay, causing the man to topple off the platform and fall onto the ground.

The Special Investigation Team of Traffic, New Territories North is investigating the case.


Edited by Aaron Tam"
深圳灣公路大橋四車交通意外　至少四人受傷三人送院,2026-06-21 16:28,,2026-06-21 16:45,local,rthk,https://news.rthk.hk/rthk/ch/component/k2/1859348-20260621.htm,"深圳灣公路大橋發生交通意外。三輛的士與一輛私家車相撞，私家車翻側，至少四人受傷，其中三人送院。

警方表示，事發在下午大約兩時半，接近關口位置發生交通意外，懷疑涉及四車相撞，無人被困。多輛救護車到場支援。



編輯：陳樂謙"
蔡若蓮：教育局正全力驅動所有學校全面為學生推行人工智能教育,2026-06-21 16:24,,2026-06-21 16:45,local,rthk,https://news.rthk.hk/rthk/ch/component/k2/1859347-20260621.htm,"教育局局長蔡若蓮表示，早前公布的《中小學數字教育發展藍圖》，將從小學至中學階段推動人工智能教育引領方向，強調教育局正全力驅動所有學校全面為學生推行人工智能教育，以確保教育體系配合國家對香港的定位，為國際創新科技中心的建設做好人才支撐。

蔡若蓮出席一個有關人工智能在學與教應用的高峰會，她在開幕禮致辭時表示，活動標誌著數字教育周 2026正式揭開序幕，數字教育周能有效聯繫世界各地的專家學者及相關界別，交流成功經驗，以建立一個持續推展數字教育的國際平台，並展示本港學生的數字教育的學習成果。



編輯：汪溟曦"
運輸署：港珠澳大橋珠海口岸往香港方向車輛通關廣場非常繁忙,2026-06-21 16:22,,2026-06-21 16:45,local,rthk,https://news.rthk.hk/rthk/ch/component/k2/1859346-20260621.htm,"運輸署表示，港珠澳大橋珠海口岸往香港方向的車輛通關廣場現時非常繁忙，呼籲計劃駕駛私家車經大橋返港的市民妥善規劃行程，預留充裕交通時間，輪候時保持忍讓。

運輸署提醒，市民可透過「港珠澳大橋珠海口岸」或「珠海發布」微信公眾號內的「大橋口岸實時通關」服務，查詢大橋珠海口岸的車輛實時通關情況。

署方預計，今日下午至傍晚時段將是回港高峰，港珠澳大橋穿梭巴士及連接各陸路管制站的本地專營巴士「B」線，等候時間或會較長，呼籲乘客避免於繁忙時段出行，注意主要車站和口岸廣播的最新資訊，以及最新交通消息。



編輯：陳樂謙"
Restaurants brace for quieter Father's Day,2026-06-21 15:34,,2026-06-21 15:45,elocal,rthk,https://news.rthk.hk/rthk/en/component/k2/1859345-20260621.htm,"Restaurants on Sunday said they anticipate less business on Father's Day, due to there being fewer customers and rising costs.

Some residents celebrated the day at restaurants with their husbands or fathers.

One of them was Lo, who was eating out with his family. He said there were fewer customers compared to past years.

Lo said he expected to spend about HK$2,000 for the day, adding that he had prepared a football-related gift for his dad.

Meanwhile, a restaurant owner said sales were slower than last year because Father's Day came soon after Tuen Ng Festival.

""Because of the long holiday weekend, we are seeing less customers. Yesterday's business was down by nearly 30 percent compared to last year. Looking at today’s progress, it seems it will be about 20 percent lower than last year,"" he said.

""The overall sentiment is currently quite weak, with people travelling abroad, heading to the mainland, and dealing with a sluggish economy. This has made us much more cautious, so we are keeping our pricing relatively conservative.""

He noted that costs, especially for seafood, have risen significantly, and that spending per person has been similar to last year, which is around HK$100 to HK$110 for lunch and about HK$400 for dinner.

Earlier on Sunday, Chief Executive John Lee posted on social media a picture of a cake with the words ""Happy Father's Day"" written on it.

Lee also expressed gratitude for his family's love and support despite his demanding schedule.


Edited by Aaron Tam"
梁振英稱航空航天是未來產業　香港可發展相關服務助力國家發展,2026-06-21 15:28,,2026-06-21 15:45,local,rthk,https://news.rthk.hk/rthk/ch/component/k2/1859344-20260621.htm,"全國政協副主席梁振英表示，國家是航運大國，形容航空航天是未來產業，香港可以發展相關的商業服務，助力國家發展。

梁振英在一個電台節目說，本港目前的法律服務範疇比較狹窄，建議大力發展與海事、航天相關法律，並接受委託發射衛星、管理衛星的業務，以及提供相關保險服務等。

梁振英認為，香港目前有良好政治條件，社會和經濟發展條件有別於以往，國際環境亦對本港有利，期望大家集中力量辦好事情。



編輯：汪溟曦"
麥美娟代表特區政府到甘肅省天水市出席公祭伏羲大典,2026-06-21 15:25,,2026-06-21 15:45,local,rthk,https://news.rthk.hk/rthk/ch/component/k2/1859343-20260621.htm,"民政及青年事務局局長麥美娟，代表特區政府到甘肅省天水市出席公祭伏羲大典。麥美娟認為，參與大典可讓人深刻感受到中華兒女同根同源、承襲相同歷史文化的意義，而今次有香港青年隨團獲邀參與，可讓香港年輕一代體驗祖國的歷史文化內涵和高速發展，增強他們對中華文化的認同感和自豪感。

局方表示，太昊伏羲祭典於2006年列入國家級首批非物質文化遺產名錄，屬甘肅省長期保留舉辦的重點節慶活動。國務院港澳事務辦公室、國務院台灣事務辦公室、中華全國歸國華僑聯合會和甘肅省人民政府共同主辦大典，在每年六月夏至日舉行。

麥美娟在天水市期間，亦與中央港澳辦、國務院港澳辦分管日常工作的副主任徐啟方、甘肅省委書記兼省人大常委會主任胡昌升，以及甘肅省省長任振鶴等領導會面。麥美娟結束訪問甘肅省行程，並於今日下午轉往福建省，預計後日返港。



編輯：汪溟曦"
陳茂波明午啟程訪問大連西安　將率團出席夏季達沃斯論壇,2026-06-21 15:24,,2026-06-21 15:45,local,rthk,https://news.rthk.hk/rthk/ch/component/k2/1859342-20260621.htm,"財政司司長陳茂波明天下午啟程訪問大連和西安。他將率領30多人的代表團出席由世界經濟論壇，在大連舉辦的2026年新領軍者年會，即夏季達沃斯論壇。代表團成員包括引進辦、投資推廣署、港投公司、香港科技園公司、數碼港、港深創新及科技園的高層管理人員，以及創科企業負責人。香港交易所等機構亦會派員參加年會。

今年年會於本月23日至25日舉行，以「規模化創新」為主題，有逾1700名來自90多個國家和地區的代表，圍繞全球貿易和產業格局變化、中國經濟發展、技術產出與經濟效益等議題討論。陳茂波會參加多場主題會議，並發表演講和參與討論。代表團一行亦會出席多場商務交流和企業對接活動。

陳茂波在大連期間會與相關中央部委、遼寧省和大連市領導，以及與各地政商領袖會面。他在本月25日至27日將轉抵西安市，拜會陝西省和西安市領導，並到當地大學發表演講，介紹香港的最新發展及機遇。他亦會出席首屆西部商業航天大會並致辭；以及與創科企業代表舉行座談會，參訪科創企業。引進辦、港投公司、香港交易所的高層管理人員將參與行程並招商引資。

陳茂波將於本月27日晚上返抵本港。他離港期間，副司長黃偉綸將署任財政司司長。



編輯：陳樂謙"
孫玉菡：擬擴展大數據篩查範圍識別未滿80歲有照顧需要全長者戶,2026-06-21 15:21,,2026-06-21 15:45,local,rthk,https://news.rthk.hk/rthk/ch/component/k2/1859341-20260621.htm,"荔景邨日前有一對分別70和78歲的夫婦在單位内昏迷，兩人送院後，78歲有長期病患的女子證實死亡。當局計劃擴展大數據篩查範圍，以識別和支援未滿80歲但有照顧需要的「全長者戶」，安排關愛隊提早探訪。

勞工及福利局局長孫玉菡在一個電視節目表示，初步會探討擴大支援對象到60多至79歲的年齡層人士，形容這個群組屬於「青老」，但若其中一人有長期病患，並需要長時間照顧，風險會較高，但具體如何劃線仍有待科學觀察。

孫玉菡又指，將與醫管局研究哪類長期病患的風險較高，初步認為若「全長者戶」中包含認知障礙症個案，應獲優先處理。被問到現有社福資源是否足夠應付需求，孫玉菡說，政府會密切留意，有需要時調整優次，投放額外資源。

另外，孫玉菡提到，今年內將再有最少4間社區客廳落成，屆時總數將增至18間，預計有一萬名劏房戶受惠，當中六至七成是育有孩子的住戶，又指有信心最終數量不只18間。

至於社區客廳日後會否恆常化，孫玉菡說，目前項目是由商界提供場地及裝修，關愛基金支付營運費用，本身具有時限性；隨著劏房戶陸續上樓或社區發展，他們的需求未來或會有所變化，政府會持續觀察社會需求，再判斷未來會否將項目恆常化，或改以其他方式延續。



編輯：汪溟曦"
世界盃｜日本在F組四球大破突尼斯,2026-06-21 14:12,,2026-06-21 14:30,csport,rthk,https://news.rthk.hk/rthk/ch/component/k2/1859340-20260621.htm,"世界盃F組第二輪賽事，日本4:0擊敗突尼斯。

今場是世界盃自1930年首次舉辦以來，史上第1000場比賽。突尼斯在首輪分組賽1:5不敵瑞典後，漢拿獲突尼斯足協委任為教練，接替被解僱的林姆治，帶領球隊繼續出戰世界盃，於分組賽第二場對日本。

開賽只是4分鐘，日本球員鐮田大地近門撞入，為球隊打開紀錄。去到31分鐘，上田綺世推到禁區頂勁射死角入網，日本半場領先2:0。

下半場，日本憑上田綺世一個助攻一個入球，擴大比數。

69分鐘，伊東純也接應上田綺世傳送，追入禁區射成3:0。上田綺世於83分鐘，頭鎚頂入今場個人第二球，日本最終贏4:0，分組賽一勝一和。

F組經過兩輪賽事，荷蘭憑較多入球，壓倒積分及得失球差相同的日本，暫時排名榜首，瑞典以3分排第三，榜尾的突尼斯未有積分。




編輯：許敬軒"
'HK a strategic adaptation ground for mainland firms',2026-06-21 13:52,,2026-06-21 14:15,elocal,rthk,https://news.rthk.hk/rthk/en/component/k2/1859335-20260621.htm,"Hong Kong is no longer just a fundraising bazaar for mainland tech firms, it is now a ""strategic adaptation ground"" where hard-tech champions reshape governance and supply chains for global markets, according to Financial Secretary Paul Chan on Sunday.

Writing on his weekly blog following a trip to Shanghai and Nanjing, Chan observed a fundamental shift in ambition among mainland tech leaders after visiting enterprises spanning artificial intelligence, semiconductors, biotechnology and the low-altitude economy. 

These firms, he noted, already possessed solid technological foundations and business models validated in the domestic market, and their products were now entering international marketplace. 

Yet the challenge they face is no longer simply exporting goods — it is a far more complex puzzle: how to connect with global capital, scout international partners and clients, strategically deploy production capacity and manage cross-border corporate treasury. 

Their goal, Chan wrote, is to seize the critical window of rapid AI development to cement domestic growth while aggressively expanding globally.

The finance chief said that a growing number of tech executives have explicitly declared their determination to become full-fledged multinational enterprises — entities whose markets, capital structures, governance systems, talent pools and research and development and supply chains are thoroughly interwoven with the rest of the world. 

In this pursuit, Chan noted, a growing cohort is deliberately choosing Hong Kong as their strategic launchpad. 

They are placing their trust in the city's international investor networks and globalised platforms, viewing Hong Kong as the definitive nexus connecting ""China's technological innovation with global capital”.

Crucially, Chan stressed that these companies' expectations of Hong Kong have transcended its conventional function as an IPO venue. 

He enumerated the specific institutional assets drawing them in: the common law system, unfettered capital flows, internationally aligned financial reporting and corporate governance standards, a worldwide investor network, and the operational convenience of bilingual professional services. 

For mainland tech enterprises, Chan said, Hong Kong is the gateway to the world; for international capital, it is the clearest window into China's innovation ecosystem. 

This two-way dynamic, he wrote, is the living embodiment of Hong Kong's role as a ""super-connector"" and ""super value-adder.""



Edited by Tony Sabine"
'Care teams visiting mechanisms to be reviewed',2026-06-21 13:41,,2026-06-21 14:00,elocal,rthk,https://news.rthk.hk/rthk/en/component/k2/1859339-20260621.htm,"Secretary for Labour and Welfare Chris Sun on Sunday said the government plans to review the visiting mechanisms of the city's care teams and optimise the application of big data, including adding parameters such as chronic illnesses, to better identify elderly people in need.

His remarks comes after an elderly couple was found unconscious in Lai King Estate on Friday, with the 78-year-old woman certified dead at the hospital.

The couple was not visited by the care teams since they were below 80 years of age.

""Since we are now in the era of big data and have many tools at our disposal, we want to identify high-risk families in need as early as possible so that timely assistance can be provided,"" Sun told the press after a TVB programme.

""For households where the elderly individuals are under 80 years old, but one of them has a chronic illness and requires more care, we will discuss with the Hospital Authority to determine which specific illnesses should be selected.

""However, from what I can see initially, we all know that taking care of a partner with dementia is exceptionally difficult. I believe we should prioritise cases involving dementia, especially those that have progressed to a moderate or severe stage.

""That said, we still need to consult experts regarding other illnesses. We hope to establish a suitable model as soon as possible for implementation.""

Sun said he anticipates the visit list would be expanded to include elderly people aged between 60 and 79 years of age.

Following an impact report released on Thursday — which declared that all key performance indicators for the three flagship targeted poverty alleviation initiatives had been met or exceeded — Sun noted the next report would be released three years later.


Edited by Tony Sabine"
中方代表：中國高度重視保護人權　堅定不移走中國人權發展道路,2026-06-21 13:11,,2026-06-21 13:30,greater_china,rthk,https://news.rthk.hk/rthk/ch/component/k2/1859338-20260621.htm,"聯合國人權理事會舉行成立20周年高級別對話會，中國常駐聯合國日內瓦辦事處和瑞士其他國際組織代表賈桂德，中國提出的全球治理倡議，為解決全球治理赤字提出中國方案，對加強和改進人權理事會工作具有重要指導意義。

賈桂德指出，加強和改進人權理事會工作，要奉行主權平等、遵守國際法治，堅持普遍、公正、客觀、非選擇性和建設性對話合作等原則，反對將人權問題政治化；要倡導以人為本、踐行多邊主義，平衡推進公民政治權利和經濟社會文化權利，將發展權置於多邊人權議程的突出位置。

賈桂德又強調，中國高度重視促進和保護人權，堅定不移走中國人權發展道路。



編輯：許敬軒"
美伊稍後在瑞士談判　雙方代表團均已抵埗,2026-06-21 12:52,,2026-06-21 13:15,cinternational,rthk,https://news.rthk.hk/rthk/ch/component/k2/1859337-20260621.htm,"根據美國和伊朗停戰諒解備忘錄進行的美伊技術性談判，今日稍後在瑞士中部下瓦爾登州的比爾根山舉行，雙方代表團均已抵達當地。

瑞士外交部當地星期六深夜在社交平台發文，歡迎伊朗代表團抵埗，指伊朗代表團正在前往談判舉行地點比爾根山，此行旨在落實美伊諒解備忘錄。伊方代表團成員據報包括議長卡利巴夫及外長阿拉格齊。

美國副總統萬斯亦在當地星期日清晨，抵達瑞士埃門空軍基地，準備出席談判。萬斯在出發前說，預計在瑞士停留一至兩日，希望談判在伊朗核計劃、黎巴嫩戰線停火等問題上，取得進展。

斡旋方巴基斯坦總理夏巴茲和陸軍參謀長穆尼爾，亦會參與美伊談判。

新華社報道，比爾根山區域戒備森嚴，瑞士當局增派大約2000名軍人戒備。



編輯：許敬軒"
陳茂波：不少內地科企以香港為國際化發展適應地是對香港的認可,2026-06-21 12:50,,2026-06-21 13:00,local,rthk,https://news.rthk.hk/rthk/ch/component/k2/1859336-20260621.htm,"財政司司長陳茂波表示，當越來越多硬科技企業選擇在香港進行首次公開招股或第二上市，企業亦能在香港監管框架與市場紀律中，錘煉出更強的國際競爭力。相關互動正是香港作為「超級聯繫人」及「超級增值人」的作用。

陳茂波於網誌表示，他上星期到上海和南京，出席陸家嘴論壇並與前沿科企代表座談交流，走訪多家企業，涵蓋人工智能、半導體、生物科技和低空經濟等。他認為內地科技企業不少選擇以香港為國際化發展的策略適應地，是對香港國際投資者網絡及國際化平台的信任，亦是對香港作為「中國科技創新與全球資本」連接點的認可。

陳茂波說，本港剛過去的星期一啟動香港首份五年規劃公眾諮詢，配合國家「十五五」規劃定位：鞏固提升國際金融、貿易及航運中心，以及建設國際創科中心，並打造高端人才集聚高地等。香港亦將以「金融+」賦能實體經濟，以「AI+」推動產業升級。他認為，香港的制度優勢和國際化優勢，與國家的科創優勢和產業優勢相互賦能，在全球科技創新的競爭與合作中，有著無可替代的獨特位置。



編輯；汪溟曦"
不少市民一家大小慶祝父親節　有爸爸形容市面氣氛熱鬧,2026-06-21 12:42,,2026-06-21 13:00,local,rthk,https://news.rthk.hk/rthk/ch/component/k2/1859334-20260621.htm,"不少市民都一家大小出外慶祝父親節，有爸爸形容市面氣氛熱鬧；亦有爸爸表示今日要「豪花」，帶小朋友到室內遊樂場遊玩。

在樂富一間酒樓，不少食客幾代同堂，共聚天倫。有兒子說，正值世界盃，爸爸喜歡踢足球及看球賽，選擇以足球作為父親節禮物；亦有年輕人從外國回港，與長輩們慶祝，說相信聚餐就是最好的禮物，會負責結帳，讓一家人暢飲暢食。

酒樓負責人黎偉在表示，今年父親節與端午節假期連在一起，部分市民外遊，影響訂座情況，整體生意額按年減少約兩成。考慮到整體經濟及消費氣氛等因素，在訂定菜單時較為謹慎，定價與去年相若，亦提供豐儉由人的選擇。他說，昨日的生意額按年減少三成，今日午市爆滿，晚市訂座率約八成。



編輯：汪溟曦"
有退休人士投身寄養家長行列　把患過度活躍的小朋友視為親生女,2026-06-21 12:24,,2026-06-21 12:45,local,rthk,https://news.rthk.hk/rthk/ch/component/k2/1859333-20260621.htm,"社會福利署數字顯示，本港現時約有1120個寄養家庭，約980名兒童正接受有關服務，當中有特殊需要兒童佔整體寄養兒童人數約51%。

有機構指出，近年跟進的個案中，有特殊需要的寄養兒童數目呈上升趨勢，經寄養家長悉心照顧後，情緒、學習及健康都有改善。

有退休人士投身寄養家長行列，照顧有過度活躍症的小朋友，更視為親生女兒。來到父親節，最希望小朋友健康快樂成長。



編輯：任順熙"
特首祝願父親節快樂　有酒樓負責人稱部分市民外遊影響訂座,2026-06-21 12:23,,2026-06-21 12:45,local,rthk,https://news.rthk.hk/rthk/ch/component/k2/1859332-20260621.htm,"今日是父親節，行政長官李家超及政務司司長陳國基分別祝市民父親節快樂。不少市民齊齊出動慶祝，有兒子說正值世界盃，買了足球送給爸爸；亦有後生一輩從外國回港與長輩飲茶慶祝。

今年父親節連著端午節，有酒樓負責人表示，部分市民外遊影響訂座情況，預計今日生意額會按年少兩成左右，已制定豐檢由人的菜單，讓食客選擇。



編輯：汪溟曦"
政府檢視關愛隊探訪　孫玉菡：全長者戶含認知障礙個案應優先處理,2026-06-21 12:21,,2026-06-21 12:45,local,rthk,https://news.rthk.hk/rthk/ch/component/k2/1859331-20260621.htm,"荔景邨日前有一對分別70和78歲的夫婦在單位内昏迷，兩人送院後，78歲女子證實死亡。當局計劃檢視關愛隊探訪機制，優化大數據應用，包括加入長期病患等的參數，以識別更多有需要長者。

勞工及福利局局長孫玉菡出席一個電視節目後表示，會與醫管局研究哪類長期病患的風險較高，他初步認為若「全長者戶」中包含認知障礙症個案，應獲優先處理。



編輯：汪溟曦"
黃色工作暑熱警告生效,2026-06-21 11:50,,2026-06-21 12:00,local,rthk,https://news.rthk.hk/rthk/ch/component/k2/1859330-20260621.htm, 
端午節長周末假期最後一日　運輸署料下午至傍晚時段是回港高峰,2026-06-21 11:35,,2026-06-21 11:45,local,rthk,https://news.rthk.hk/rthk/ch/component/k2/1859327-20260621.htm,"今日是端午節長周末假期最後一日，運輸署預計各陸路口岸的人流及車流將顯著增加，尤其下午至傍晚時段是回港高峰，公共運輸服務的等候時間會較長。

運輸署呼籲跨境出行人士及早妥善計劃行程，預留充裕交通時間，盡量避免在繁忙時間出行，並注意主要車站和口岸廣播的最新資訊。



編輯：許敬軒"
陳國基：通過精準扶貧等政策提供支援　提升父親及每個巿民幸福感,2026-06-21 11:30,,2026-06-21 11:45,local,rthk,https://news.rthk.hk/rthk/ch/component/k2/1859326-20260621.htm,"政務司司長陳國基向全港爸爸表示父親節快樂。他在社交專頁表示，父親總是默默「撐起一頭家」，身為「頂樑柱」的父親亦承受很大壓力，尤其是基層家庭的爸爸。因此政府其中一個施政重點，就是通過精準扶貧等政策，致力為更多家庭、特別是基層家庭，提供最適切的支援，全面提升每個父親、每個市民的獲得感與幸福感，合力構建一個充滿關愛的溫暖社會。

陳國基表示，政府上星期四發布《香港精準扶貧成果報告》，強調本屆政府堅持「以人為本」，讓扶貧工作兼顧宏觀統計和微觀關懷，並推動政、商、民跨界別合作，匯聚社會各方力量，精準回應不同群組的獨特需要，務求令扶貧的路走得更穩、更遠。當局合力推展「共創明『Teen』計劃」、「社區客廳試行計劃」、「在校課後託管服務計劃」，以及「關愛隊——支援長者及照顧者計劃」四個精準扶貧項目，聚焦目標群組，提供「對症下藥」的支援。而根據大學研究團隊的評估，所有項目的效果都遠高於原定的關鍵績效指標，令人鼓舞。

陳國基提到，當局將繼續加強跨界別、跨專業、跨世代的協作，推出更多元化的社區為本項目，擴大服務覆蓋面，識別更多目標群組，推出更多針對性的服務，讓溫暖與精準的幫扶深入每個有需要的角落。



編輯：汪溟曦"
灣仔金紫荊廣場原定明日及周二升旗及降旗儀式暫停,2026-06-21 11:28,,2026-06-21 11:45,local,rthk,https://news.rthk.hk/rthk/ch/component/k2/1859325-20260621.htm,"警方表示，由於灣仔金紫荊廣場的旗台需要進行維修工程，原定於明日及星期二舉行的升旗及降旗儀式將會暫停。 

升旗儀式將於星期三上午8時回復正常。 



編輯：汪溟曦"
世界盃｜庫拉索守和厄瓜多爾0:0　首次在決賽周取得積分,2026-06-21 11:05,,2026-06-21 11:15,csport,rthk,https://news.rthk.hk/rthk/ch/component/k2/1859324-20260621.htm,"世界盃E組，庫拉索0:0守和厄瓜多爾。三名中國球證今仗參與執法，是世界盃史上首次，裁判團隊包括三名中國球證，分別是主裁判馬寧，助理裁判周飛以及視像助理裁判傅明。

庫拉索在首輪分組賽1:7不敵德國，門將羅姆被攻入七球，但今場未有失守。由上半場3分鐘出迎，救出對方球員安尼華蘭西亞單刀射門開始，羅姆今場阻擋了對手15次射門，協助庫拉索守和對手，首次在世界盃取得積分。

厄瓜多爾門將加連迪斯，在60分鐘亦在庫拉索一次反擊攻勢中，連續撲出兩次射門，最終兩隊互交白卷，各得1分。

E組經過兩輪賽事後，德國累積6分，確定以小組首名出線32強淘汰賽，科特迪瓦暫時排第二，厄瓜多爾憑較佳得失球差壓倒庫拉索，排名第三。



編輯：許敬軒"
港鐵錦上路站D出口外新公共運輸交匯處全面啟用,2026-06-21 10:38,,2026-06-21 11:15,local,rthk,https://news.rthk.hk/rthk/ch/component/k2/1859322-20260621.htm,"港鐵錦上路站D出口外的新公共運輸交匯處，今日凌晨首班車起全面啟用。

新交匯處從戶外變成有蓋，首階段在本月16日開放一般上落客貨區，至今運作暢順；今日凌晨全面開放各公共運輸服務上落客區，8條九巴、2條龍運巴士、13條專線小巴及4條邨巴等路線，以及市區和新界的士站遷入新交匯處。

運輸署提醒，明日上班上學會使用錦上路站公共運輸交匯處的乘客，留意各營辦商的通告，以及現場的交通標誌和指示等，了解車站的位置。



編輯：汪溟曦"
愛丁堡發生懷疑針對穆斯林襲擊五人傷,2026-06-21 10:35,,2026-06-21 11:15,cinternational,rthk,https://news.rthk.hk/rthk/ch/component/k2/1859321-20260621.htm,"英國蘇格蘭愛丁堡發生多宗襲擊事件，五人受傷，被捕的36歲白人男子被起訴。

事發在當地星期五晚，網上片段顯示，一名赤裸上身的男子手持武器在愛丁堡街頭遊蕩。警方接到報案，指愛丁堡發生多宗暴力事件，包括搶劫和破壞行為，造成五名介乎22至39歲的男子受傷，其中三人送院，無生命危險。

蘇格蘭清真寺協會表示，大部分傷者是穆斯林，影片顯示疑犯高叫要保護國家免受穆斯林侵害。

首相施紀賢在社交平台表示，疑犯似乎是出於反穆斯林仇恨而犯案，強調絕不容忍有關行為，疑犯將受到嚴懲。蘇格蘭首席部長施榮禮對事件深感關注，強調英國絕不容忍暴力和種族主義。




編輯：許敬軒"
梁振英稱提升香港國際金融中心地位　要留意紐約等未做的金融服務,2026-06-21 10:11,,2026-06-21 10:30,local,rthk,https://news.rthk.hk/rthk/ch/component/k2/1859319-20260621.htm,"全國政協副主席梁振英表示，國家「十五五」規劃綱要是國家未來五年的奮鬥目標，每次看文件時都有新的領會。他認為，要提升香港的國際金融中心地位，不只要做股票、新股上市或商業銀行服務，亦要留意紐約、倫敦、東京、大阪等地未做的，例如是海事融資、海事保險等航運相關的金融服務，相信可對香港的本地生產總值有更大貢獻。

梁振英出席一個電台節目時表示，「十五五」規劃綱要提出要加快建設金融強國，包括加快多層次債券市場建設，穩步發展期貨、衍生品和資產證券化，是適合香港未來二十年發展；至於香港與同為國際金融中心的上海如何分工，亦值得思考和研究。

梁振英又說，本港在海事保險、海事融資方面都開始萌芽，而且發展潛力不錯，相信未來金融、貿易、科技及航運，可以撐起香港的經濟發展。



編輯：汪溟曦"
李家超社交專頁上載蛋糕照片　祝大家父親節快樂,2026-06-21 10:01,,2026-06-21 10:15,local,rthk,https://news.rthk.hk/rthk/ch/component/k2/1859318-20260621.htm,"今日是父親節，行政長官李家超在社交專頁發布帖文，祝大家父親節快樂。

本身是兩子之父的李家超，在社交專頁上載一張寫上「HAPPY FATHER'S DAY」的蛋糕照片，表示工作雖然忙碌，但感謝有家人的默默支持。



編輯：汪溟曦"
孫東啟程訪問澳洲和新西蘭　加強創新科技等領域聯繫合作,2026-06-21 09:45,,2026-06-21 10:15,local,rthk,https://news.rthk.hk/rthk/ch/component/k2/1859317-20260621.htm,"創新科技及工業局局長孫東，今日啟程訪問澳洲和新西蘭，加強香港與兩國在創新科技等領域的聯繫和合作。孫東將在新西蘭奧克蘭出席中國商業峰會，並發表主旨演講。

訪問兩國期間，孫東會到訪當地大學、研究機構和創科設施，並與當地政府相關政策官員、創科界組織和科技企業代表會面。

孫東將於本月27日晚上返抵香港。他離港期間，副局長張曼莉將署任局長職務。



編輯：汪溟曦"
世界盃｜馬寧擔任厄瓜多爾對庫拉索賽事球證　首次在世界盃任主哨,2026-06-21 09:39,,2026-06-21 09:45,csport,rthk,https://news.rthk.hk/rthk/ch/component/k2/1859316-20260621.htm,"世界盃E組第二輪，厄瓜多爾對庫拉索的賽事，馬寧率領中國裁判組亮相，其中47歲的馬寧擔任球證，是他首次在世界盃擔任主哨，周飛擔任助理裁判，傅明擔任視像助理裁判VAR。

根據世界盃官方微博，馬寧還會在英格蘭對加納的賽事中，擔任第四裁判。

馬寧在出征美墨加世界盃前說，一直努力想讓大家知道中國球證有能力站上世界足球最高舞台，世界盃期間會向世界上最優秀的球證認真學習，把寶貴的經驗帶回中國，為中國球證培養和發展貢獻力量。



編輯：許敬軒"
洛杉磯有大型倉庫起火產生大量刺激性煙霧　當地進入緊急狀態,2026-06-21 09:14,,2026-06-21 09:30,cinternational,rthk,https://news.rthk.hk/rthk/ch/component/k2/1859315-20260621.htm,"美國洛杉磯有大型倉庫發生火警，產生大量刺激性煙霧，市長巴斯宣布當地進入緊急狀態，確保應對災情期間獲得所需資源，並保障社區安全。

發生火警在冷藏倉庫在過去的星期三起火，火焰點燃屋頂的太陽能電池板，大量刺激性煙霧擴散至周邊地區，很多居民都表示聞到濃烈的煙味。

消防局局長穆爾形容火警非常特殊，指面積大約46000平方米的建築內，儲存了8500萬磅冷凍食品，好像一個巨大的冷藏箱。建築物內部填充的高密度泡沫材料緩慢燃燒，直升機持續在空中滅火，但火場仍然不斷釋出氣體。



編輯：許敬軒"
英媒：首相施紀賢計劃周一辭職　政府消息稱仍專注繼續執政,2026-06-21 08:22,,2026-06-21 08:45,cinternational,rthk,https://news.rthk.hk/rthk/ch/component/k2/1859312-20260621.htm,"英國《觀察家報》報道，備受下台壓力的首相施紀賢計劃星期一辭職，並公布離任時間表。

報道引述消息人士說，施紀賢與內閣成員、顧問、執政工黨的捐助者和工會領袖會談後，認為自己已經無法繼續留任，他目前正在契克斯莊園的鄉間別墅，與妻子商討，之後才會作出最終決定。有工黨高層預計，施紀賢最快星期一就自己的未來發表明確聲明。

報道引述一名與施紀賢關係密切的工黨成員說，施紀賢已經認清現實，但不會一走了之、留下權力真空，而是會出於職責和尊嚴、體面地下台。

不過，路透社引述政府消息人士說，施紀賢仍然專注於繼續執政。



編輯：許敬軒"
近千兒童接受寄養服務　有寄養家長照顧過度活躍症兒童冀快樂成長,2026-06-21 08:21,,2026-06-21 08:45,local,rthk,https://news.rthk.hk/rthk/ch/component/k2/1859311-20260621.htm,"社會福利署數字顯示，本港現時約有1120個寄養家庭，約980名兒童正接受有關服務，當中有特殊需要兒童佔整體寄養兒童人數約51%。

75歲梁先生1年前在社工安排下，加入寄養家長行列，退休生活從此不一樣。梁先生與太太照顧一名患有過度活躍症、化名童童的5歲女童。

梁先生說，童童為他帶來改變，因為要接送及陪同出席活動等，令他生活更有規律，多了走路及運動，亦更有耐性。他憶述以往忙於工作，錯過女兒的成長時刻，感到後悔；現在視童童為親生女兒一樣，全情投入照顧，相處有不少窩心時刻。

梁先生引述童童說，長大後會照顧他，並視他為一家人，他感到窩心。作為寄養家長，梁先生認為，有責任教童童守規矩、有愛心、懂得分辨是非。來到父親節，他希望童童健康快樂，努力學習。

香港國際社會服務社指出，近年跟進個案中，有特殊需要的寄養兒童數目呈上升趨勢，他們較活躍，學習上或遇到困難，經過寄養家長悉心教導及照顧後，他們的情緒會較穩定，學習有改善，亦比以往健康。

機構呼籲尤其退休人士參加寄養家庭計劃，陪伴有需要兒童成長。



編輯：任順熙"
世界盃｜德國反勝科特迪瓦分組賽兩連勝　提早晉級32強淘汰賽,2026-06-21 08:17,,2026-06-21 08:30,csport,rthk,https://news.rthk.hk/rthk/ch/component/k2/1859308-20260621.htm,"世界盃E組第二輪比賽，德國2:1反勝科特迪瓦，分組賽兩連勝，提早晉級32強淘汰賽。

兩隊同樣在首輪全取三分，今場勝方將提早確定以E組前兩名完成分組賽。

德國球員夏維斯於10分鐘頭鎚攻門，科特迪瓦門將耶希亞科芬拿撲出。去到21分鐘，德國的柏夫洛域接應角球頂入，不過球證吹罰柏夫洛域犯規，判入球無效。

30分鐘，科特迪瓦左路攻勢傳入禁區，阿麥迪亞路攻門被德國球員攔截，基斯補射入網，為球隊打開紀錄。科特迪瓦上半場一球領先。

德國在下半場先後有五個換人調動，去到68分鐘由後備之一的阿美利助攻，另一位後備球員安達夫撞射掛網，為德國隊追平1:1。

下半場補時階段，德國中場安美卡傳入禁區，安達夫轉身抽射入網，德國最終2:1反勝科特迪瓦，分組賽兩戰全勝，提早一輪鎖定小組E組前兩名，取得淘汰賽席位。




編輯：許敬軒"
澳洲首次發現H5N1禽流感病毒,2026-06-21 07:37,,2026-06-21 08:00,cinternational,rthk,https://news.rthk.hk/rthk/ch/component/k2/1859307-20260621.htm,"澳洲農業部證實，當地首次發現H5N1禽流感病毒，意味這種高傳染性病毒已經蔓延至各大洲。

澳洲傳媒報道，西澳珀斯東南面一個國家公園的海灘上，近日發現一隻褐賊鷗死亡，經檢測證實牠感染H5N1禽流感病毒。農業部長柯林斯又說，另一隻鳥亦懷疑感染禽流感，但目前沒有證據顯示出現大規模死亡。

報道引述專家表示，當局預計幾日內得知病毒是否已經在澳洲其他鳥類之間傳播。

澳洲本來是唯一未發現H5N1禽流感病毒的大陸，但當局已事先準備相關應對工作。




編輯：許敬軒"
到瑞士參與美伊談判的伊朗代表團抵埗,2026-06-21 06:57,,2026-06-21 07:15,cinternational,rthk,https://news.rthk.hk/rthk/ch/component/k2/1859306-20260621.htm,"到瑞士參與美伊談判的伊朗代表團抵埗。

瑞士外交部當地星期六深夜在社交平台發文，歡迎伊朗代表團抵達當地，代表團正前往比爾根山，此行旨在落實美伊諒解備忘錄。

美國副總統萬斯亦正前往瑞士出席與伊方的談判。萬斯出發前說，預計在瑞士停留一至兩日，希望談判在伊朗核計劃、黎巴嫩戰線停火等問題上取得進展。

對於伊朗方面宣布再次關閉霍爾木茲海峽，萬斯說，目前沒有看到海峽已經關閉的證據，相信諒解備忘錄的停火安排能夠維持。

美國總統特朗普在社交媒體發文，指如果與伊朗不能夠達成協議，美國或考慮收取霍爾木茲海峽通行費。

巴基斯坦總理辦公室發表聲明，指總理夏巴茲與陸軍參謀長穆尼爾將參與在瑞士舉行的美伊談判。




編輯：許敬軒"
酷熱天氣警告生效,2026-06-21 06:50,,2026-06-21 07:00,local,rthk,https://news.rthk.hk/rthk/ch/component/k2/1859305-20260621.htm,"天文台早上6時45分發出酷熱天氣警告，預料今日天氣酷熱，提醒市民慎防中暑。

衞生防護中心提醒市民，應採取適當措施預防高溫引發的疾病，例如熱痙攣、熱衰竭和中暑。




編輯：許敬軒"
希臘南部兩次地震暫沒傷亡報告　數百名遊客緊急疏散,2026-06-21 06:49,,2026-06-21 07:00,cinternational,rthk,https://news.rthk.hk/rthk/ch/component/k2/1859304-20260621.htm,"希臘南部連續發生兩次地震，當局緊急疏散數百名遊客，目前沒有傷亡或重大財產損失報告。

第一次地震發生在當地星期六中午12時半左右，震央位於希臘最南端加夫多斯島以東約6公里海域，強度4.6級，震源深度約10公里。6分鐘後，同一區域再發生5.3級地震，加夫多斯島和克里特島南部地區都有震感。

希臘傳媒報道，當地政府緊急疏散克里特島薩馬利亞峽谷景區內全部566名遊客，所有人被安全轉移至出口區域。由於第二次地震震級較強，加夫多斯島及克里特島南部地區居民一度離開住所，前往戶外暫避。



編輯：許敬軒"
剛果民主共和國伊波拉疫情增至956人確診　其中247人死亡,2026-06-21 06:49,,2026-06-21 07:00,cinternational,rthk,https://news.rthk.hk/rthk/ch/component/k2/1859303-20260621.htm,"剛果民主共和國的伊波拉疫情持續，增至956人確診，其中247人死亡，另外有162宗疑似個案，包括47宗已死亡的疑似個案。

衛生部的報告顯示，目前累計92人康復，大約360名患者處於隔離或住院狀態，接觸者追蹤率只有不足七成，低於衛生部門設定的九成半目標。

報告指出，防控工作仍然面臨多重挑戰，包括社區抵觸死亡個案採樣、疫情震央伊圖里省的治療中心接收能力緊張、接觸者追蹤不足、醫療物資短缺、安全形勢不穩定和人口流動強等。



編輯：許敬軒"
世界盃｜荷蘭在F組第二輪賽事5:1大勝瑞典,2026-06-21 06:27,,2026-06-21 06:45,csport,rthk,https://news.rthk.hk/rthk/ch/component/k2/1859302-20260621.htm,"世界盃F組第二輪賽事，荷蘭以5:1大勝瑞典。

首個入球在5分鐘出現，荷蘭球員加保左路傳入禁區，布洛比門前撞入為球隊開紀錄。17分鐘，布洛比接應鄧費斯傳送，射成2:0。

瑞典今場攻門次比對手多，但荷蘭門將費保夏在上半場有四次撲救，包括兩次擋走瑞典前鋒約基利斯的射門。上半場荷蘭兩球領先。

荷蘭在下半場進一步拉開比數，加保在47分鐘近門建功，去到54分鐘於禁區頂射入個人今場第二球，將比數改寫到4:0。

瑞典憑後備上陣的艾蘭加，於59分鐘的入球稍為追近至1:4。

但去到89分鐘，荷蘭前鋒森馬維於禁區頂勁射得手，荷蘭最終贏瑞典5:1，今屆首次在分組賽取勝。




編輯：許敬軒"
據報孟加拉總理本周訪問馬來西亞和中國,2026-06-21 06:07,,2026-06-21 06:15,greater_china,rthk,https://news.rthk.hk/rthk/ch/component/k2/1859301-20260621.htm,"法新社報道，孟加拉總理塔里克·拉赫曼將會訪問馬來西亞和中國，是他2月就任以來的首次外訪行程，中方暫時未有相關公布。

報道引述孟加拉外交官員表示，拉赫曼今天啟程訪問馬來西亞，明天轉到中國訪問。

官員說，拉赫曼訪華期間，將與中方重點討論貿易與基礎設施項目，強調孟加拉視此行為重大外交方案，旨在加強孟加拉的經濟夥伴關係、吸引外國投資、及促進區域互聯互通。



編輯：盧曉珊"
據報以色列總理和國防部長指示於黎巴嫩停火　但部隊未撤出黎南,2026-06-21 05:07,,2026-06-21 05:15,cinternational,rthk,https://news.rthk.hk/rthk/ch/component/k2/1859300-20260621.htm,"據報以色列總理和國防部長，已經指示國防軍在黎巴嫩停火，但部隊仍未撤出在黎巴嫩南部控制的地區。

以色列傳媒引述安全部門消息人士報道，以方在黎巴嫩南部政策保持不變，將繼續回應黎巴嫩真主黨任何違反停火協議的行為。

消息人士又引述總理內塔尼亞胡表示，如果有必要，以軍會一直駐守黎巴嫩南部，並已指示以軍對任何的真主黨襲擊都予以強力回應。以軍將繼續在黎巴嫩南部控制區自由行動，清除真主黨軍事設施。



編輯：盧曉珊"
巴基斯坦總理啟程前往瑞士　斡旋美伊談判,2026-06-21 04:15,,2026-06-21 04:30,cinternational,rthk,https://news.rthk.hk/rthk/ch/component/k2/1859299-20260621.htm,"巴基斯坦傳媒報道，巴基斯坦總理夏巴茲已經啟程前往瑞士。

較早時，美國副總統萬斯接受霍士新聞訪問，表示預計很快啟程前往瑞士，與伊朗代表談判，又說他目前沒有見到霍爾木茲海峽關閉的證據，相信美伊諒解備忘錄的停火安排能夠持續。

伊朗談判代表已經啟程前往瑞士，準備就諒解備忘錄與美方討論。

瑞士外交部則表示，將繼續提供低調而可靠的環境，推動美伊會談舉行。瑞士外交部向傳媒發公開信，提到相關國家正在努力維持對話，但基於保密原因，無法提供涉及與會人員或討論內容的更多消息。



編輯：盧曉珊"
美國芝加哥發生槍擊案　最少12人受傷其中2人傷勢較重,2026-06-21 03:12,,2026-06-21 03:30,cinternational,rthk,https://news.rthk.hk/rthk/ch/component/k2/1859298-20260621.htm,"美國芝加哥發生槍擊案，最少12人受傷。

芝加哥警方表示，案發在當地星期五深夜，兩人駕駛一輛多用途車，到市中心一個公園附近，之後在車上向人群開槍；最少8男4女中槍，傷者年齡介乎17至47歲，分別送往4間醫院治理，其中兩名男子傷勢較重。

警方正調查案件，暫時未公布與疑犯相關的信息。



編輯：盧曉珊"
特朗普批評梅洛尼民望下滑　梅洛尼反駁指持續攻擊毫無意義,2026-06-21 02:06,,2026-06-21 02:15,cinternational,rthk,https://news.rthk.hk/rthk/ch/component/k2/1859297-20260621.htm,"美國總統特朗普再次在社交媒體發文批評意大利總理梅洛尼，指對方在阻止伊朗獲取或研發核武器這個議題上，拒絕美國，因而導致民望下跌。

特朗普在帖文表示，美國每年投入數千億美元保護意大利及其他北約盟友，但意大利拒絕向美方開放機場，用於相關軍事行動，批評是造成巨大的後勤不便。特朗普又宣稱，梅洛尼想與美國修補關係，以重振自己的支持度。

梅洛尼回應稱，特朗普持續的攻擊毫無意義，說自己的支持度並不取決於與特朗普的關係，而是取決於她維護國家利益的能力，呼籲特朗普將注意力放在自己的支持度上。

特朗普日前受訪時宣稱，梅洛尼在七國集團峰會期間，央求與自己合照，梅洛尼否認；之後意大利副總理兼外長塔亞尼，取消原定本月下旬的訪美行程。



編輯：盧曉珊"
萬斯稱將前往瑞士與伊朗談判　伊朗代表團亦已啟程,2026-06-21 01:10,,2026-06-21 01:15,cinternational,rthk,https://news.rthk.hk/rthk/ch/component/k2/1859296-20260621.htm,"美國副總統萬斯接受霍士新聞訪問時表示，預計很快啟程前往瑞士，與伊朗代表談判，又說他目前沒有見到霍爾木茲海峽關閉的證據，相信美伊諒解備忘錄的停火安排能夠持續。

伊朗談判代表已經啟程前往瑞士，準備就諒解備忘錄與美方討論。

巴基斯坦外交部亦證實，巴方代表將以調解人身份，參與計劃當地星期日在瑞士舉行的伊美技術談判。

瑞士外交部則表示，將繼續提供低調而且可靠的環境，推動美伊會談在比爾根山舉行。瑞士外交部向傳媒發公開信，提到相關國家正在努力維持對話，但基於保密原因，無法提供涉及與會人員或討論內容的更多消息。



編輯：盧曉珊"
伊朗宣布關閉霍爾木茲海峽　稱美國以色列違反承諾,2026-06-21 00:15,,2026-06-21 00:30,cinternational,rthk,https://news.rthk.hk/rthk/ch/component/k2/1859295-20260621.htm,"伊朗宣布關閉霍爾木茲海峽，稱是由於美國沒有履行諒解備忘錄中的首項承諾，及以色列持續違反停火協議。

伊朗武裝部隊的聲明說，以方持續在黎巴嫩南部發動軍事行動，造成大量平民傷亡，加上美國沒有履行有關諒解備忘錄中的承諾，因此伊朗決定採取關閉霍爾木茲海峽，禁止船隻通行，稱是對敵方背信棄義的行為的第一步回應，強調如果相關軍事行動和侵略行為繼續，伊朗將採取進一步措施。

美軍中央司令部其後表示，霍爾木茲海峽的通行安全無阻，全日共有55艘商船通過，將大量貨物及超過1700萬桶原油，運往全球市場。



編輯：盧曉珊"
